source_id,target_id,mediator_ids,full_path,hop_count
6256,5819,"[7154, 3816, 3484]","[6256, 7154, 3816, 3484, 5819]",4
7447,1675,"[1729, 7768, 1904]","[7447, 1729, 7768, 1904, 1675]",4
5751,4806,"[5534, 7360, 960, 7399]","[5751, 5534, 7360, 960, 7399, 4806]",5
6912,207,"[4137, 8692, 9737, 5115]","[6912, 4137, 8692, 9737, 5115, 207]",5
7466,5241,"[8783, 7033, 9327, 1550]","[7466, 8783, 7033, 9327, 1550, 5241]",5
4182,8685,"[1559, 6286]","[4182, 1559, 6286, 8685]",3
149,9625,"[4909, 7962]","[149, 4909, 7962, 9625]",3
844,3892,"[5188, 5507, 7741, 9944]","[844, 5188, 5507, 7741, 9944, 3892]",5
2239,3224,"[3962, 652, 5288, 5482, 832]","[2239, 3962, 652, 5288, 5482, 832, 3224]",6
6337,5197,"[7398, 9079, 1617, 7087]","[6337, 7398, 9079, 1617, 7087, 5197]",5
8755,8106,"[7700, 3188, 4609, 5726]","[8755, 7700, 3188, 4609, 5726, 8106]",5
5752,3977,"[10105, 9688]","[5752, 10105, 9688, 3977]",3
5715,5761,"[9290, 4175, 7979, 7838, 9468]","[5715, 9290, 4175, 7979, 7838, 9468, 5761]",6
3463,6797,"[9547, 5767, 555]","[3463, 9547, 5767, 555, 6797]",4
8587,8949,"[2490, 8773]","[8587, 2490, 8773, 8949]",3
6184,9781,"[9553, 8213, 8706]","[6184, 9553, 8213, 8706, 9781]",4
6974,7271,"[2806, 8304, 8950]","[6974, 2806, 8304, 8950, 7271]",4
2451,9531,"[5255, 8480]","[2451, 5255, 8480, 9531]",3
9792,7185,"[704, 5374, 5859]","[9792, 704, 5374, 5859, 7185]",4
7079,4361,"[7645, 8707, 9649, 10140, 2180]","[7079, 7645, 8707, 9649, 10140, 2180, 4361]",6
3324,3635,"[2665, 7890]","[3324, 2665, 7890, 3635]",3
188,849,"[7319, 1203, 5115, 9869, 8159]","[188, 7319, 1203, 5115, 9869, 8159, 849]",6
6243,2995,"[10128, 6292, 8296, 9102, 9758]","[6243, 10128, 6292, 8296, 9102, 9758, 2995]",6
6668,9012,"[8528, 9596, 5099, 8296, 8931]","[6668, 8528, 9596, 5099, 8296, 8931, 9012]",6
9875,5224,"[2489, 3831, 837, 9392]","[9875, 2489, 3831, 837, 9392, 5224]",5
4062,8739,"[7863, 3852, 7926, 8667]","[4062, 7863, 3852, 7926, 8667, 8739]",5
7573,913,"[8371, 9139, 9691, 10150, 137]","[7573, 8371, 9139, 9691, 10150, 137, 913]",6
3428,9770,"[6354, 4630]","[3428, 6354, 4630, 9770]",3
5984,3490,"[7688, 8579]","[5984, 7688, 8579, 3490]",3
4324,6896,"[5099, 6870]","[4324, 5099, 6870, 6896]",3
9166,7600,"[9012, 1125, 10064, 3260]","[9166, 9012, 1125, 10064, 3260, 7600]",5
5860,9815,"[7126, 7804]","[5860, 7126, 7804, 9815]",3
10146,786,"[114, 7288]","[10146, 114, 7288, 786]",3
1786,9642,"[266, 643, 8348]","[1786, 266, 643, 8348, 9642]",4
9778,8508,"[4806, 7241, 8123]","[9778, 4806, 7241, 8123, 8508]",4
4120,7407,"[1914, 7863, 9686, 6204]","[4120, 1914, 7863, 9686, 6204, 7407]",5
9382,8353,"[9300, 9471, 704, 10015, 8663]","[9382, 9300, 9471, 704, 10015, 8663, 8353]",6
3139,5734,"[8236, 2185]","[3139, 8236, 2185, 5734]",3
7031,6245,"[8245, 302, 473, 3131, 4361]","[7031, 8245, 302, 473, 3131, 4361, 6245]",6
10029,5432,"[4507, 932]","[10029, 4507, 932, 5432]",3
672,6421,"[6710, 8589, 6233]","[672, 6710, 8589, 6233, 6421]",4
6871,1539,"[5974, 1125, 2893, 5534, 7369]","[6871, 5974, 1125, 2893, 5534, 7369, 1539]",6
2587,4421,"[960, 1479]","[2587, 960, 1479, 4421]",3
5233,574,"[9974, 7445, 6720, 8556]","[5233, 9974, 7445, 6720, 8556, 574]",5
7148,7700,"[1851, 7773]","[7148, 1851, 7773, 7700]",3
8364,22,"[311, 7980, 5417]","[8364, 311, 7980, 5417, 22]",4
9249,8734,"[199, 8555]","[9249, 199, 8555, 8734]",3
7124,6542,"[8911, 106, 6859, 9688, 4702]","[7124, 8911, 106, 6859, 9688, 4702, 6542]",6
4914,4570,"[64, 8581, 8461]","[4914, 64, 8581, 8461, 4570]",4
5136,852,"[7024, 9472, 8480, 8479]","[5136, 7024, 9472, 8480, 8479, 852]",5
766,4563,"[5275, 1500]","[766, 5275, 1500, 4563]",3
4376,15,"[7395, 9704]","[4376, 7395, 9704, 15]",3
3574,3531,"[3153, 8038, 2308]","[3574, 3153, 8038, 2308, 3531]",4
7075,1165,"[9880, 9739, 6507]","[7075, 9880, 9739, 6507, 1165]",4
1139,3769,"[7604, 2458, 9936, 8296]","[1139, 7604, 2458, 9936, 8296, 3769]",5
4511,3290,"[4689, 2459, 1578]","[4511, 4689, 2459, 1578, 3290]",4
8195,10196,"[9656, 9855, 10156]","[8195, 9656, 9855, 10156, 10196]",4
41,1438,"[7906, 8053, 2108, 3175, 5519]","[41, 7906, 8053, 2108, 3175, 5519, 1438]",6
5035,9906,"[3023, 8250, 6049, 4335]","[5035, 3023, 8250, 6049, 4335, 9906]",5
5382,2601,"[8841, 9211, 9768, 2667, 9124]","[5382, 8841, 9211, 9768, 2667, 9124, 2601]",6
6159,9586,"[6197, 6416]","[6159, 6197, 6416, 9586]",3
896,10140,"[7696, 10102]","[896, 7696, 10102, 10140]",3
5156,9418,"[7382, 8296, 7019]","[5156, 7382, 8296, 7019, 9418]",4
3071,179,"[8556, 8935]","[3071, 8556, 8935, 179]",3
7270,901,"[9092, 9234, 9467, 97, 3168]","[7270, 9092, 9234, 9467, 97, 3168, 901]",6
165,3340,"[4347, 7432]","[165, 4347, 7432, 3340]",3
8339,4352,"[8714, 7303]","[8339, 8714, 7303, 4352]",3
6669,8660,"[7439, 6621, 7880, 9469, 7723]","[6669, 7439, 6621, 7880, 9469, 7723, 8660]",6
6617,7700,"[8397, 7879, 6194, 6260]","[6617, 8397, 7879, 6194, 6260, 7700]",5
2678,2880,"[8378, 2538, 423, 9789]","[2678, 8378, 2538, 423, 9789, 2880]",5
8231,876,"[8621, 9339, 5788, 4687, 9395]","[8231, 8621, 9339, 5788, 4687, 9395, 876]",6
6754,6050,"[9674, 491, 9961]","[6754, 9674, 491, 9961, 6050]",4
8415,4976,"[8696, 9018, 7633, 8172, 8434]","[8415, 8696, 9018, 7633, 8172, 8434, 4976]",6
5597,10198,"[6413, 6765]","[5597, 6413, 6765, 10198]",3
4387,9511,"[7538, 553, 7684, 8555]","[4387, 7538, 553, 7684, 8555, 9511]",5
4189,7419,"[1166, 7700, 4218]","[4189, 1166, 7700, 4218, 7419]",4
137,7034,"[1222, 4729, 4826, 9779, 6233]","[137, 1222, 4729, 4826, 9779, 6233, 7034]",6
759,7700,"[8787, 10103, 10175]","[759, 8787, 10103, 10175, 7700]",4
7684,3767,"[22, 5944, 6511, 8230]","[7684, 22, 5944, 6511, 8230, 3767]",5
2669,6802,"[3518, 5628, 2014]","[2669, 3518, 5628, 2014, 6802]",4
681,4947,"[5417, 7538, 7308, 7766]","[681, 5417, 7538, 7308, 7766, 4947]",5
5637,2617,"[3430, 5511, 6715]","[5637, 3430, 5511, 6715, 2617]",4
569,4057,"[7014, 8281, 9373]","[569, 7014, 8281, 9373, 4057]",4
510,8091,"[722, 6754]","[510, 722, 6754, 8091]",3
6257,8595,"[6365, 2557, 5150]","[6257, 6365, 2557, 5150, 8595]",4
2765,8455,"[4601, 8371]","[2765, 4601, 8371, 8455]",3
8073,659,"[8039, 753, 5901]","[8073, 8039, 753, 5901, 659]",4
7426,7916,"[1438, 1757]","[7426, 1438, 1757, 7916]",3
8904,2488,"[4016, 3340, 3769, 3627]","[8904, 4016, 3340, 3769, 3627, 2488]",5
5697,2557,"[290, 9690, 9339, 7550]","[5697, 290, 9690, 9339, 7550, 2557]",5
4339,5482,"[2180, 4395, 2934, 2584, 7006]","[4339, 2180, 4395, 2934, 2584, 7006, 5482]",6
2683,4537,"[4699, 3678, 9927, 3319, 15]","[2683, 4699, 3678, 9927, 3319, 15, 4537]",6
9601,643,"[4466, 3741, 8038, 8818]","[9601, 4466, 3741, 8038, 8818, 643]",5
4153,8094,"[4674, 6769, 7499, 5972]","[4153, 4674, 6769, 7499, 5972, 8094]",5
6640,1984,"[8231, 8527]","[6640, 8231, 8527, 1984]",3
3256,10105,"[5131, 1697, 5130, 5057, 5324]","[3256, 5131, 1697, 5130, 5057, 5324, 10105]",6
2396,2759,"[9752, 7405, 9891]","[2396, 9752, 7405, 9891, 2759]",4
3514,3584,"[1202, 7901, 6929]","[3514, 1202, 7901, 6929, 3584]",4
950,3487,"[8950, 9878, 9976]","[950, 8950, 9878, 9976, 3487]",4
1176,6627,"[3560, 4171]","[1176, 3560, 4171, 6627]",3
9330,10096,"[8750, 3113, 7569, 7946]","[9330, 8750, 3113, 7569, 7946, 10096]",5
7086,2180,"[10102, 10140]","[7086, 10102, 10140, 2180]",3
9003,9929,"[10162, 8488, 3816, 6, 4326]","[9003, 10162, 8488, 3816, 6, 4326, 9929]",6
6689,643,"[8619, 3632]","[6689, 8619, 3632, 643]",3
9814,5083,"[9895, 10149]","[9814, 9895, 10149, 5083]",3
7942,9760,"[3487, 5972, 7087, 5197, 7533]","[7942, 3487, 5972, 7087, 5197, 7533, 9760]",6
6835,2308,"[8346, 8056]","[6835, 8346, 8056, 2308]",3
7358,9463,"[9995, 2584, 3773]","[7358, 9995, 2584, 3773, 9463]",4
5237,846,"[2860, 4879]","[5237, 2860, 4879, 846]",3
1124,9616,"[6774, 7224, 9015]","[1124, 6774, 7224, 9015, 9616]",4
6032,3635,"[8777, 1828]","[6032, 8777, 1828, 3635]",3
4246,9126,"[9024, 9392, 6280, 3632]","[4246, 9024, 9392, 6280, 3632, 9126]",5
9024,4106,"[9926, 7955, 3527]","[9024, 9926, 7955, 3527, 4106]",4
9469,2470,"[1000, 3316, 3119, 9738]","[9469, 1000, 3316, 3119, 9738, 2470]",5
3512,7369,"[5791, 3099]","[3512, 5791, 3099, 7369]",3
9653,5202,"[8296, 3769]","[9653, 8296, 3769, 5202]",3
879,3632,"[3507, 9798, 9837, 9997]","[879, 3507, 9798, 9837, 9997, 3632]",5
252,6272,"[4414, 6755, 7969]","[252, 4414, 6755, 7969, 6272]",4
580,9135,"[5365, 9126, 7243, 5252, 901]","[580, 5365, 9126, 7243, 5252, 901, 9135]",6
6898,6874,"[8469, 9048, 5005, 7087, 2584]","[6898, 8469, 9048, 5005, 7087, 2584, 6874]",6
7574,4666,"[7310, 7715, 3487, 3448]","[7574, 7310, 7715, 3487, 3448, 4666]",5
1076,9966,"[2246, 3822, 7086, 8523, 9944]","[1076, 2246, 3822, 7086, 8523, 9944, 9966]",6
630,5241,"[10193, 9877]","[630, 10193, 9877, 5241]",3
7825,9290,"[8896, 8923, 7700]","[7825, 8896, 8923, 7700, 9290]",4
8341,22,"[3632, 644]","[8341, 3632, 644, 22]",3
4073,7844,"[8296, 8347, 9596]","[4073, 8296, 8347, 9596, 7844]",4
4063,5032,"[6794, 4524]","[4063, 6794, 4524, 5032]",3
5151,37,"[4038, 6347]","[5151, 4038, 6347, 37]",3
2801,10030,"[5151, 8781, 2267, 5199]","[2801, 5151, 8781, 2267, 5199, 10030]",5
3214,1494,"[633, 7865, 8692, 8921]","[3214, 633, 7865, 8692, 8921, 1494]",5
7550,8623,"[8995, 3249, 5304, 8196, 5253]","[7550, 8995, 3249, 5304, 8196, 5253, 8623]",6
1512,8703,"[7700, 7593, 22, 10049]","[1512, 7700, 7593, 22, 10049, 8703]",5
7878,10010,"[8250, 9639, 2860]","[7878, 8250, 9639, 2860, 10010]",4
7750,5417,"[9511, 7095, 8966]","[7750, 9511, 7095, 8966, 5417]",4
6574,9560,"[4809, 7700, 6284]","[6574, 4809, 7700, 6284, 9560]",4
7972,7781,"[10023, 151]","[7972, 10023, 151, 7781]",3
547,6049,"[8392, 4236, 8466]","[547, 8392, 4236, 8466, 6049]",4
5163,6408,"[2867, 8667, 5871]","[5163, 2867, 8667, 5871, 6408]",4
6698,6720,"[7903, 8455, 8758, 9358]","[6698, 7903, 8455, 8758, 9358, 6720]",5
2613,9334,"[6547, 3769, 6460]","[2613, 6547, 3769, 6460, 9334]",4
4727,7897,"[6536, 7599]","[4727, 6536, 7599, 7897]",3
1073,10196,"[6416, 7402, 4524, 9234]","[1073, 6416, 7402, 4524, 9234, 10196]",5
9758,6407,"[6883, 10128, 3531, 1914]","[9758, 6883, 10128, 3531, 1914, 6407]",5
5127,3599,"[9210, 9885, 10188]","[5127, 9210, 9885, 10188, 3599]",4
5777,7954,"[9766, 7166]","[5777, 9766, 7166, 7954]",3
3464,9619,"[5767, 2753]","[3464, 5767, 2753, 9619]",3
9114,6130,"[367, 9806, 5399]","[9114, 367, 9806, 5399, 6130]",4
64,10032,"[6805, 9377]","[64, 6805, 9377, 10032]",3
935,5164,"[9579, 6347, 9082]","[935, 9579, 6347, 9082, 5164]",4
8554,8685,"[3487, 6726]","[8554, 3487, 6726, 8685]",3
10026,5093,"[4368, 675]","[10026, 4368, 675, 5093]",3
6572,8940,"[8120, 9912, 2860, 231, 1864]","[6572, 8120, 9912, 2860, 231, 1864, 8940]",6
10039,9033,"[1741, 1946, 6564, 9612, 9876]","[10039, 1741, 1946, 6564, 9612, 9876, 9033]",6
703,2893,"[418, 7087]","[703, 418, 7087, 2893]",3
7872,6087,"[9571, 7441, 7162, 960]","[7872, 9571, 7441, 7162, 960, 6087]",5
9867,6780,"[8588, 2139, 7045, 9240, 5645]","[9867, 8588, 2139, 7045, 9240, 5645, 6780]",6
10175,8366,"[3632, 8480, 4472]","[10175, 3632, 8480, 4472, 8366]",4
2517,9758,"[4033, 8006, 9638]","[2517, 4033, 8006, 9638, 9758]",4
2917,7613,"[8719, 311]","[2917, 8719, 311, 7613]",3
7480,5918,"[9249, 9576]","[7480, 9249, 9576, 5918]",3
592,1251,"[1664, 7889, 5241, 6966, 5750]","[592, 1664, 7889, 5241, 6966, 5750, 1251]",6
4603,5734,"[4702, 9975, 9673]","[4603, 4702, 9975, 9673, 5734]",4
8714,877,"[7435, 8466, 960, 1599, 6145]","[8714, 7435, 8466, 960, 1599, 6145, 877]",6
3557,6387,"[4991, 8409, 311, 9300]","[3557, 4991, 8409, 311, 9300, 6387]",5
5642,1908,"[1931, 749]","[5642, 1931, 749, 1908]",3
6619,4104,"[2186, 5482, 10004, 3290, 3527]","[6619, 2186, 5482, 10004, 3290, 3527, 4104]",6
8841,9174,"[9211, 7943, 8940, 2154, 7779]","[8841, 9211, 7943, 8940, 2154, 7779, 9174]",6
2364,9896,"[8198, 9244]","[2364, 8198, 9244, 9896]",3
3261,6252,"[7555, 8201, 3292, 4309, 8737]","[3261, 7555, 8201, 3292, 4309, 8737, 6252]",6
3276,9421,"[877, 6600, 6797, 5845]","[3276, 877, 6600, 6797, 5845, 9421]",5
4274,9397,"[2180, 5235]","[4274, 2180, 5235, 9397]",3
1666,1550,"[442, 10014, 10038]","[1666, 442, 10014, 10038, 1550]",4
9606,6627,"[10160, 10188, 3179, 5815]","[9606, 10160, 10188, 3179, 5815, 6627]",5
3619,7870,"[4589, 4890]","[3619, 4589, 4890, 7870]",3
7060,5875,"[8480, 8186, 4024]","[7060, 8480, 8186, 4024, 5875]",4
2206,6720,"[4192, 9908, 1984, 6893]","[2206, 4192, 9908, 1984, 6893, 6720]",5
4524,5099,"[9139, 9839]","[4524, 9139, 9839, 5099]",3
6180,7723,"[4928, 3274, 5228]","[6180, 4928, 3274, 5228, 7723]",4
6383,643,"[7329, 9921, 10046, 3632]","[6383, 7329, 9921, 10046, 3632, 643]",5
8379,9657,"[7538, 4583]","[8379, 7538, 4583, 9657]",3
5932,10140,"[7741, 9966, 10081]","[5932, 7741, 9966, 10081, 10140]",4
8671,2876,"[2155, 6408, 24, 2248, 3290]","[8671, 2155, 6408, 24, 2248, 3290, 2876]",6
7353,2180,"[9591, 9696, 1991, 10190]","[7353, 9591, 9696, 1991, 10190, 2180]",5
6268,6056,"[8472, 9534, 3116, 3961]","[6268, 8472, 9534, 3116, 3961, 6056]",5
1896,652,"[7698, 5972, 7637]","[1896, 7698, 5972, 7637, 652]",4
10048,6601,"[9550, 1578, 282, 28]","[10048, 9550, 1578, 282, 28, 6601]",5
8034,8556,"[9940, 6729]","[8034, 9940, 6729, 8556]",3
7790,1570,"[3278, 9900, 8733, 7956, 7713]","[7790, 3278, 9900, 8733, 7956, 7713, 1570]",6
6401,5417,"[6942, 6939]","[6401, 6942, 6939, 5417]",3
9871,4444,"[3049, 51]","[9871, 3049, 51, 4444]",3
3041,8574,"[1069, 7716]","[3041, 1069, 7716, 8574]",3
9347,5002,"[9605, 2180, 5786]","[9347, 9605, 2180, 5786, 5002]",4
3502,3582,"[5087, 9681]","[3502, 5087, 9681, 3582]",3
2052,10065,"[5439, 5966, 7859, 8172]","[2052, 5439, 5966, 7859, 8172, 10065]",5
4707,6401,"[2391, 5633]","[4707, 2391, 5633, 6401]",3
6700,7856,"[8717, 9480, 569]","[6700, 8717, 9480, 569, 7856]",4
1349,10044,"[2125, 8600]","[1349, 2125, 8600, 10044]",3
6501,1086,"[7606, 9937, 5417, 4111, 7952]","[6501, 7606, 9937, 5417, 4111, 7952, 1086]",6
5790,6720,"[8296, 8420, 8806]","[5790, 8296, 8420, 8806, 6720]",4
6786,4814,"[9811, 9957, 8783]","[6786, 9811, 9957, 8783, 4814]",4
5249,9843,"[3632, 8480, 6979, 1227, 8235]","[5249, 3632, 8480, 6979, 1227, 8235, 9843]",6
9924,5246,"[1791, 4342]","[9924, 1791, 4342, 5246]",3
1420,8888,"[6012, 6018]","[1420, 6012, 6018, 8888]",3
1322,4335,"[9377, 9397, 8540, 8250]","[1322, 9377, 9397, 8540, 8250, 4335]",5
7359,3983,"[5241, 9020, 2800, 7715, 7955]","[7359, 5241, 9020, 2800, 7715, 7955, 3983]",6
8709,1575,"[4319, 7521]","[8709, 4319, 7521, 1575]",3
4091,6686,"[4302, 5809]","[4091, 4302, 5809, 6686]",3
1304,4133,"[7698, 1586, 5451, 287, 8553]","[1304, 7698, 1586, 5451, 287, 8553, 4133]",6
2620,5241,"[3632, 643, 5793]","[2620, 3632, 643, 5793, 5241]",4
9603,4135,"[4457, 9572]","[9603, 4457, 9572, 4135]",3
1115,8269,"[4857, 9714, 1166, 3263, 6261]","[1115, 4857, 9714, 1166, 3263, 6261, 8269]",6
4330,7737,"[9957, 5262, 9427, 652, 1494]","[4330, 9957, 5262, 9427, 652, 1494, 7737]",6
4317,4267,"[4833, 2032, 5427, 5417, 652]","[4317, 4833, 2032, 5427, 5417, 652, 4267]",6
1539,10011,"[3290, 5525, 9671]","[1539, 3290, 5525, 9671, 10011]",4
1300,8142,"[4668, 8104]","[1300, 4668, 8104, 8142]",3
2177,792,"[6283, 6091, 3136, 994, 1522]","[2177, 6283, 6091, 3136, 994, 1522, 792]",6
9248,6976,"[10055, 6069]","[9248, 10055, 6069, 6976]",3
6039,2860,"[9528, 10150, 5594, 4195, 6837]","[6039, 9528, 10150, 5594, 4195, 6837, 2860]",6
3668,7880,"[5523, 8773, 7445, 6526]","[3668, 5523, 8773, 7445, 6526, 7880]",5
8371,7102,"[9430, 5784]","[8371, 9430, 5784, 7102]",3
989,8909,"[2234, 6220, 9342, 8142, 3383]","[989, 2234, 6220, 9342, 8142, 3383, 8909]",6
1994,6784,"[9152, 9869, 3179, 4556]","[1994, 9152, 9869, 3179, 4556, 6784]",5
1298,796,"[4317, 8629, 3632, 8480, 4687]","[1298, 4317, 8629, 3632, 8480, 4687, 796]",6
3465,4230,"[2142, 9529, 7626, 3527, 9768]","[3465, 2142, 9529, 7626, 3527, 9768, 4230]",6
7393,6678,"[9977, 5200, 6817, 5241, 7460]","[7393, 9977, 5200, 6817, 5241, 7460, 6678]",6
4771,2397,"[7566, 8867, 2876, 2753]","[4771, 7566, 8867, 2876, 2753, 2397]",5
6124,3873,"[7344, 9649, 1914, 9601]","[6124, 7344, 9649, 1914, 9601, 3873]",5
462,6275,"[2880, 287, 5679, 1998]","[462, 2880, 287, 5679, 1998, 6275]",5
9773,10190,"[5565, 3993, 4214, 5310, 6801]","[9773, 5565, 3993, 4214, 5310, 6801, 10190]",6
7335,8949,"[8198, 8203, 1984, 6873]","[7335, 8198, 8203, 1984, 6873, 8949]",5
4575,8366,"[5647, 1578, 3153, 8085]","[4575, 5647, 1578, 3153, 8085, 8366]",5
4499,6226,"[1304, 2692, 8777, 3487]","[4499, 1304, 2692, 8777, 3487, 6226]",5
6891,4921,"[8182, 5944, 1578, 10146, 9160]","[6891, 8182, 5944, 1578, 10146, 9160, 4921]",6
8592,5122,"[1864, 4236, 3632, 8480, 2019]","[8592, 1864, 4236, 3632, 8480, 2019, 5122]",6
4118,6069,"[593, 1202, 7939, 8705, 1729]","[4118, 593, 1202, 7939, 8705, 1729, 6069]",6
1768,9961,"[5885, 8596, 9693]","[1768, 5885, 8596, 9693, 9961]",4
2431,1811,"[9876, 9942, 4879, 5130, 5519]","[2431, 9876, 9942, 4879, 5130, 5519, 1811]",6
4664,4868,"[8235, 1830, 4279, 960]","[4664, 8235, 1830, 4279, 960, 4868]",5
7644,8974,"[5307, 967, 9645]","[7644, 5307, 967, 9645, 8974]",4
1748,4033,"[2106, 8711, 960, 9505]","[1748, 2106, 8711, 960, 9505, 4033]",5
7026,6874,"[7524, 4849, 9624, 9126, 9695]","[7026, 7524, 4849, 9624, 9126, 9695, 6874]",6
7693,1158,"[9211, 1494, 3441, 5200, 876]","[7693, 9211, 1494, 3441, 5200, 876, 1158]",6
6927,4673,"[8347, 9802, 9377, 9961]","[6927, 8347, 9802, 9377, 9961, 4673]",5
1711,2784,"[2315, 2860]","[1711, 2315, 2860, 2784]",3
7652,8480,"[6475, 8239, 3632]","[7652, 6475, 8239, 3632, 8480]",4
4754,356,"[8568, 461, 4242, 7465, 560]","[4754, 8568, 461, 4242, 7465, 560, 356]",6
882,6118,"[5534, 3028, 10177]","[882, 5534, 3028, 10177, 6118]",4
7820,5983,"[9129, 10065, 4792, 8574, 1272]","[7820, 9129, 10065, 4792, 8574, 1272, 5983]",6
9160,5293,"[1607, 9843, 2028, 2821]","[9160, 1607, 9843, 2028, 2821, 5293]",5
474,9912,"[6537, 8940, 86]","[474, 6537, 8940, 86, 9912]",4
3001,9304,"[7647, 8176, 5417]","[3001, 7647, 8176, 5417, 9304]",4
8589,7510,"[5, 7225, 10126, 4814]","[8589, 5, 7225, 10126, 4814, 7510]",5
6333,3814,"[4953, 8589]","[6333, 4953, 8589, 3814]",3
893,5367,"[8777, 3649, 3785]","[893, 8777, 3649, 3785, 5367]",4
5427,8274,"[667, 8807, 825]","[5427, 667, 8807, 825, 8274]",4
8976,5943,"[7692, 4707]","[8976, 7692, 4707, 5943]",3
8427,8454,"[9791, 2180, 5886, 8354]","[8427, 9791, 2180, 5886, 8354, 8454]",5
1590,3268,"[3159, 3632, 8480]","[1590, 3159, 3632, 8480, 3268]",4
3076,8172,"[7219, 8083]","[3076, 7219, 8083, 8172]",3
1847,7304,"[3632, 5099, 2948, 7251]","[1847, 3632, 5099, 2948, 7251, 7304]",5
8027,9850,"[2893, 7559, 9037, 9753]","[8027, 2893, 7559, 9037, 9753, 9850]",5
8426,9331,"[901, 3721, 3532]","[8426, 901, 3721, 3532, 9331]",4
201,693,"[2571, 9214, 8148]","[201, 2571, 9214, 8148, 693]",4
8795,272,"[106, 1748, 5252, 6233]","[8795, 106, 1748, 5252, 6233, 272]",5
4618,9520,"[7770, 1435]","[4618, 7770, 1435, 9520]",3
7939,6003,"[4573, 3541, 3465, 392, 6078]","[7939, 4573, 3541, 3465, 392, 6078, 6003]",6
4436,7249,"[2639, 5972, 10171, 1873]","[4436, 2639, 5972, 10171, 1873, 7249]",5
3575,9377,"[5755, 9992, 10165]","[3575, 5755, 9992, 10165, 9377]",4
7927,4017,"[4951, 7159, 6639, 9135]","[7927, 4951, 7159, 6639, 9135, 4017]",5
6990,4100,"[4175, 7768, 1688, 2379, 8739]","[6990, 4175, 7768, 1688, 2379, 8739, 4100]",6
6653,2587,"[9688, 3962, 6947, 913]","[6653, 9688, 3962, 6947, 913, 2587]",5
3801,10189,"[7975, 1066, 9880, 4368, 287]","[3801, 7975, 1066, 9880, 4368, 287, 10189]",6
9239,6319,"[8366, 3653, 4111, 8045, 3393]","[9239, 8366, 3653, 4111, 8045, 3393, 6319]",6
5838,5567,"[7210, 4419]","[5838, 7210, 4419, 5567]",3
2588,48,"[6923, 6990, 8966, 2054]","[2588, 6923, 6990, 8966, 2054, 48]",5
2849,5972,"[8377, 3632, 5099]","[2849, 8377, 3632, 5099, 5972]",4
1600,10156,"[6402, 9334, 10081]","[1600, 6402, 9334, 10081, 10156]",4
9813,6145,"[5705, 7308]","[9813, 5705, 7308, 6145]",3
1369,6408,"[6276, 1891, 4033]","[1369, 6276, 1891, 4033, 6408]",4
2547,2488,"[960, 7308, 9177, 3900]","[2547, 960, 7308, 9177, 3900, 2488]",5
1311,4772,"[9398, 2214, 9585, 80]","[1311, 9398, 2214, 9585, 80, 4772]",5
2814,7880,"[4694, 4755, 1693, 8612]","[2814, 4694, 4755, 1693, 8612, 7880]",5
8886,6500,"[2601, 4670]","[8886, 2601, 4670, 6500]",3
1215,4699,"[9765, 1202, 3678]","[1215, 9765, 1202, 3678, 4699]",4
6610,10110,"[9214, 4495, 4957]","[6610, 9214, 4495, 4957, 10110]",4
1144,9991,"[8038, 2014, 1107, 3388]","[1144, 8038, 2014, 1107, 3388, 9991]",5
8157,10009,"[9377, 9912]","[8157, 9377, 9912, 10009]",3
4061,1741,"[8964, 9993, 9331, 2598, 3763]","[4061, 8964, 9993, 9331, 2598, 3763, 1741]",6
3966,6694,"[6320, 9837, 6902, 5579]","[3966, 6320, 9837, 6902, 5579, 6694]",5
10159,4687,"[3873, 2027, 10025]","[10159, 3873, 2027, 10025, 4687]",4
7343,5552,"[7143, 6009, 2880]","[7343, 7143, 6009, 2880, 5552]",4
1954,9955,"[6380, 8139]","[1954, 6380, 8139, 9955]",3
5199,9903,"[1274, 7207, 246, 5035, 6286]","[5199, 1274, 7207, 246, 5035, 6286, 9903]",6
7489,2158,"[7547, 8299]","[7489, 7547, 8299, 2158]",3
1675,876,"[6275, 7304, 8454, 10103, 2934]","[1675, 6275, 7304, 8454, 10103, 2934, 876]",6
3823,3339,"[1984, 5972, 8750, 8542]","[3823, 1984, 5972, 8750, 8542, 3339]",5
10119,2667,"[3632, 644, 8600, 7369]","[10119, 3632, 644, 8600, 7369, 2667]",5
7799,6957,"[4673, 3393]","[7799, 4673, 3393, 6957]",3
7966,9686,"[994, 3020, 7010, 7202, 2027]","[7966, 994, 3020, 7010, 7202, 2027, 9686]",6
5795,4399,"[9604, 6152]","[5795, 9604, 6152, 4399]",3
8909,6401,"[2749, 7238, 9353]","[8909, 2749, 7238, 9353, 6401]",4
3186,9667,"[1392, 6989, 123, 6896, 6691]","[3186, 1392, 6989, 123, 6896, 6691, 9667]",6
710,4887,"[9052, 5850, 9338, 886]","[710, 9052, 5850, 9338, 886, 4887]",5
5262,5201,"[6624, 806, 9975, 8296]","[5262, 6624, 806, 9975, 8296, 5201]",5
6238,883,"[8211, 8341, 8364, 7563]","[6238, 8211, 8341, 8364, 7563, 883]",5
7055,4399,"[5912, 5965, 6433, 8486, 1800]","[7055, 5912, 5965, 6433, 8486, 1800, 4399]",6
5445,8224,"[5698, 3179, 7823]","[5445, 5698, 3179, 7823, 8224]",4
2758,9677,"[7627, 8242, 2180]","[2758, 7627, 8242, 2180, 9677]",4
1270,6980,"[8236, 1833]","[1270, 8236, 1833, 6980]",3
3712,6159,"[4399, 1488, 2938, 4875, 7035]","[3712, 4399, 1488, 2938, 4875, 7035, 6159]",6
1747,2177,"[644, 3892]","[1747, 644, 3892, 2177]",3
4458,9599,"[5935, 8385, 9409]","[4458, 5935, 8385, 9409, 9599]",4
679,2020,"[6050, 8804]","[679, 6050, 8804, 2020]",3
3571,9837,"[3928, 3344, 8595, 3632, 5099]","[3571, 3928, 3344, 8595, 3632, 5099, 9837]",6
9310,5299,"[1978, 4247, 5324, 3897]","[9310, 1978, 4247, 5324, 3897, 5299]",5
8980,3775,"[9764, 3671]","[8980, 9764, 3671, 3775]",3
796,6903,"[3456, 9946]","[796, 3456, 9946, 6903]",3
3051,5199,"[4133, 7106, 7150, 1716, 4038]","[3051, 4133, 7106, 7150, 1716, 4038, 5199]",6
1046,4324,"[5170, 8025, 9158, 8518, 3945]","[1046, 5170, 8025, 9158, 8518, 3945, 4324]",6
5596,10138,"[3749, 5630, 8854, 9132]","[5596, 3749, 5630, 8854, 9132, 10138]",5
9383,2500,"[6183, 5367]","[9383, 6183, 5367, 2500]",3
8835,10036,"[3548, 3603, 7526]","[8835, 3548, 3603, 7526, 10036]",4
1131,343,"[2520, 7685, 6645]","[1131, 2520, 7685, 6645, 343]",4
4302,10066,"[5459, 7811, 9297]","[4302, 5459, 7811, 9297, 10066]",4
7616,6056,"[10174, 7881, 5099, 5417]","[7616, 10174, 7881, 5099, 5417, 6056]",5
7645,7178,"[8224, 8702, 9358, 5985]","[7645, 8224, 8702, 9358, 5985, 7178]",5
8847,3962,"[140, 2300, 9919, 8296, 1228]","[8847, 140, 2300, 9919, 8296, 1228, 3962]",6
8439,1077,"[8916, 10068, 627, 628]","[8439, 8916, 10068, 627, 628, 1077]",5
6329,279,"[7918, 9202, 9512, 7046]","[6329, 7918, 9202, 9512, 7046, 279]",5
7906,10196,"[9534, 10156]","[7906, 9534, 10156, 10196]",3
4416,4242,"[5122, 5332]","[4416, 5122, 5332, 4242]",3
6231,9560,"[8441, 2893, 8889]","[6231, 8441, 2893, 8889, 9560]",4
10129,6845,"[2600, 9733, 700, 1270, 7890]","[10129, 2600, 9733, 700, 1270, 7890, 6845]",6
4689,5417,"[6678, 8485]","[4689, 6678, 8485, 5417]",3
5139,9603,"[7711, 8644]","[5139, 7711, 8644, 9603]",3
1263,9418,"[3632, 8480, 4662, 5584]","[1263, 3632, 8480, 4662, 5584, 9418]",5
9183,2158,"[11, 7428, 5705, 9775, 3896]","[9183, 11, 7428, 5705, 9775, 3896, 2158]",6
6140,10196,"[9334, 10081, 10156]","[6140, 9334, 10081, 10156, 10196]",4
6591,7752,"[9934, 7765, 5615, 5865, 1650]","[6591, 9934, 7765, 5615, 5865, 1650, 7752]",6
540,9143,"[8682, 9092]","[540, 8682, 9092, 9143]",3
3703,1369,"[5045, 4399, 4584, 8104, 2538]","[3703, 5045, 4399, 4584, 8104, 2538, 1369]",6
1573,9910,"[5330, 8977, 9088]","[1573, 5330, 8977, 9088, 9910]",4
9038,3881,"[9472, 9815, 7700, 960, 7543]","[9038, 9472, 9815, 7700, 960, 7543, 3881]",6
1550,4100,"[643, 9603, 1578, 9405]","[1550, 643, 9603, 1578, 9405, 4100]",5
6326,3858,"[8480, 2355, 2332]","[6326, 8480, 2355, 2332, 3858]",4
5348,8225,"[4895, 8711]","[5348, 4895, 8711, 8225]",3
4104,9676,"[6786, 2106, 8417, 9513, 6285]","[4104, 6786, 2106, 8417, 9513, 6285, 9676]",6
1712,2027,"[2642, 4916, 9914]","[1712, 2642, 4916, 9914, 2027]",4
3204,5413,"[4953, 4973, 9686, 77, 557]","[3204, 4953, 4973, 9686, 77, 557, 5413]",6
671,6305,"[3632, 5099, 5682, 7932, 3741]","[671, 3632, 5099, 5682, 7932, 3741, 6305]",6
104,7827,"[4807, 5525, 5199, 6408]","[104, 4807, 5525, 5199, 6408, 7827]",5
8229,8774,"[8714, 7073]","[8229, 8714, 7073, 8774]",3
822,3844,"[602, 8768, 106, 9688]","[822, 602, 8768, 106, 9688, 3844]",5
1106,5601,"[1500, 2665, 8422, 1169, 3214]","[1106, 1500, 2665, 8422, 1169, 3214, 5601]",6
3327,8149,"[6037, 1340, 8912, 3214]","[3327, 6037, 1340, 8912, 3214, 8149]",5
780,6838,"[5283, 5569, 7669, 9826, 837]","[780, 5283, 5569, 7669, 9826, 837, 6838]",6
8070,8337,"[955, 1864, 8846, 231, 7075]","[8070, 955, 1864, 8846, 231, 7075, 8337]",6
7527,9163,"[4928, 4368, 1833, 2102, 9526]","[7527, 4928, 4368, 1833, 2102, 9526, 9163]",6
2859,7966,"[9260, 3154, 7538]","[2859, 9260, 3154, 7538, 7966]",4
5765,2893,"[9758, 6824, 458, 9071, 9430]","[5765, 9758, 6824, 458, 9071, 9430, 2893]",6
4985,9518,"[10149, 5042, 6331, 8758]","[4985, 10149, 5042, 6331, 8758, 9518]",5
8110,5123,"[8630, 7540, 3441]","[8110, 8630, 7540, 3441, 5123]",4
4900,8588,"[2108, 926, 5475, 6666, 8326]","[4900, 2108, 926, 5475, 6666, 8326, 8588]",6
7141,2678,"[4353, 5823]","[7141, 4353, 5823, 2678]",3
3560,4502,"[9977, 9206, 2639, 442]","[3560, 9977, 9206, 2639, 442, 4502]",5
5623,7201,"[7679, 4538]","[5623, 7679, 4538, 7201]",3
6430,6574,"[328, 1892, 6985]","[6430, 328, 1892, 6985, 6574]",4
7284,9929,"[3049, 5985, 9878, 8217]","[7284, 3049, 5985, 9878, 8217, 9929]",5
95,7768,"[3714, 8210, 8636, 583]","[95, 3714, 8210, 8636, 583, 7768]",5
10055,8677,"[6069, 6215]","[10055, 6069, 6215, 8677]",3
9675,9918,"[6539, 8452]","[9675, 6539, 8452, 9918]",3
6301,9897,"[8825, 9890]","[6301, 8825, 9890, 9897]",3
4983,2414,"[2926, 5955]","[4983, 2926, 5955, 2414]",3
2022,691,"[4914, 4954, 9750]","[2022, 4914, 4954, 9750, 691]",4
9290,7653,"[2570, 7567, 9691, 9878, 4343]","[9290, 2570, 7567, 9691, 9878, 4343, 7653]",6
6534,8366,"[7491, 7572, 849, 1252]","[6534, 7491, 7572, 849, 1252, 8366]",5
8232,491,"[10044, 8480]","[8232, 10044, 8480, 491]",3
196,9811,"[7245, 7700, 3448, 2926, 8851]","[196, 7245, 7700, 3448, 2926, 8851, 9811]",6
2122,811,"[8639, 9917, 8906, 4076]","[2122, 8639, 9917, 8906, 4076, 811]",5
6154,2908,"[6187, 6429, 2488]","[6154, 6187, 6429, 2488, 2908]",4
4996,4771,"[2893, 113, 5499, 3873, 1435]","[4996, 2893, 113, 5499, 3873, 1435, 4771]",6
3962,1031,"[5620, 7568, 1123, 571, 10015]","[3962, 5620, 7568, 1123, 571, 10015, 1031]",6
7052,10000,"[7485, 4227]","[7052, 7485, 4227, 10000]",3
3369,3364,"[4560, 7198, 9657, 639, 8027]","[3369, 4560, 7198, 9657, 639, 8027, 3364]",6
10136,6579,"[1914, 9093, 3268]","[10136, 1914, 9093, 3268, 6579]",4
287,2386,"[1787, 7401, 8531, 442, 6874]","[287, 1787, 7401, 8531, 442, 6874, 2386]",6
2469,9829,"[5279, 9598]","[2469, 5279, 9598, 9829]",3
8226,10126,"[3113, 1533, 4807, 9803, 5669]","[8226, 3113, 1533, 4807, 9803, 5669, 10126]",6
4341,117,"[2153, 5683, 7393, 8657, 10025]","[4341, 2153, 5683, 7393, 8657, 10025, 117]",6
4737,3082,"[2986, 3726, 7561, 3325, 3456]","[4737, 2986, 3726, 7561, 3325, 3456, 3082]",6
5116,2203,"[7700, 9009, 1143, 4175]","[5116, 7700, 9009, 1143, 4175, 2203]",5
8836,5083,"[6604, 7555, 8736, 9895]","[8836, 6604, 7555, 8736, 9895, 5083]",5
2658,1891,"[3546, 948]","[2658, 3546, 948, 1891]",3
4753,9765,"[2880, 4638, 6158, 7965]","[4753, 2880, 4638, 6158, 7965, 9765]",5
761,5824,"[106, 2337, 2806, 9841, 2153]","[761, 106, 2337, 2806, 9841, 2153, 5824]",6
10009,8186,"[7955, 4, 6511]","[10009, 7955, 4, 6511, 8186]",4
9764,4703,"[8923, 4324, 1812]","[9764, 8923, 4324, 1812, 4703]",4
7789,1939,"[9249, 7684, 8767]","[7789, 9249, 7684, 8767, 1939]",4
99,9037,"[2919, 3390, 497, 9764, 1767]","[99, 2919, 3390, 497, 9764, 1767, 9037]",6
8862,6873,"[9714, 8663, 1984]","[8862, 9714, 8663, 1984, 6873]",4
6630,8940,"[8975, 3741, 3268, 9211]","[6630, 8975, 3741, 3268, 9211, 8940]",5
6190,9072,"[10051, 8653, 4507, 4346, 7743]","[6190, 10051, 8653, 4507, 4346, 7743, 9072]",6
4571,9991,"[7059, 4003, 2014, 9120, 3327]","[4571, 7059, 4003, 2014, 9120, 3327, 9991]",6
3686,9940,"[9560, 9910, 5974, 7215, 8498]","[3686, 9560, 9910, 5974, 7215, 8498, 9940]",6
2998,4858,"[1575, 6500, 1322]","[2998, 1575, 6500, 1322, 4858]",4
4032,9957,"[5903, 5828, 549, 3873]","[4032, 5903, 5828, 549, 3873, 9957]",5
33,8417,"[2904, 2840, 7723, 9906]","[33, 2904, 2840, 7723, 9906, 8417]",5
4952,7006,"[6438, 6820, 8270, 1729]","[4952, 6438, 6820, 8270, 1729, 7006]",5
8612,7552,"[4977, 6226]","[8612, 4977, 6226, 7552]",3
1804,4879,"[2245, 9280, 9377, 9540, 3171]","[1804, 2245, 9280, 9377, 9540, 3171, 4879]",6
563,9698,"[7930, 1442, 2531, 7339, 9300]","[563, 7930, 1442, 2531, 7339, 9300, 9698]",6
9661,9961,"[8940, 5241]","[9661, 8940, 5241, 9961]",3
8699,9975,"[2638, 5027, 7770, 9299]","[8699, 2638, 5027, 7770, 9299, 9975]",5
9219,8114,"[9940, 2582, 9093, 5499, 2180]","[9219, 9940, 2582, 9093, 5499, 2180, 8114]",6
3316,9126,"[8589, 5870, 8842, 10030, 3632]","[3316, 8589, 5870, 8842, 10030, 3632, 9126]",6
1123,9258,"[6555, 4953]","[1123, 6555, 4953, 9258]",3
3469,8731,"[5420, 7913, 8643, 8874, 5324]","[3469, 5420, 7913, 8643, 8874, 5324, 8731]",6
2117,9807,"[898, 1958, 2043, 9158]","[2117, 898, 1958, 2043, 9158, 9807]",5
7730,2297,"[9918, 10162, 6729, 234]","[7730, 9918, 10162, 6729, 234, 2297]",5
7123,9639,"[10195, 8038, 8613]","[7123, 10195, 8038, 8613, 9639]",4
2727,4827,"[328, 9850, 8429]","[2727, 328, 9850, 8429, 4827]",4
3067,1152,"[7700, 1166, 8879]","[3067, 7700, 1166, 8879, 1152]",4
3755,1741,"[10110, 10147, 4314]","[3755, 10110, 10147, 4314, 1741]",4
98,8663,"[4462, 9953, 3632, 5099]","[98, 4462, 9953, 3632, 5099, 8663]",5
5619,1393,"[5889, 736, 9525, 2481, 22]","[5619, 5889, 736, 9525, 2481, 22, 1393]",6
7104,3370,"[3962, 2692, 5224, 605, 8936]","[7104, 3962, 2692, 5224, 605, 8936, 3370]",6
9855,10196,"[9966, 10094, 10156]","[9855, 9966, 10094, 10156, 10196]",4
572,2098,"[2186, 1787, 7310]","[572, 2186, 1787, 7310, 2098]",4
3103,8009,"[6727, 7690]","[3103, 6727, 7690, 8009]",3
6150,1786,"[9211, 1403]","[6150, 9211, 1403, 1786]",3
152,4515,"[1374, 7652, 7609, 731, 1367]","[152, 1374, 7652, 7609, 731, 1367, 4515]",6
3599,10140,"[4312, 4817, 6634, 8098, 10094]","[3599, 4312, 4817, 6634, 8098, 10094, 10140]",6
7955,1811,"[2027, 4879, 5872, 1053, 5616]","[7955, 2027, 4879, 5872, 1053, 5616, 1811]",6
1335,4372,"[7546, 7799, 8303, 8518]","[1335, 7546, 7799, 8303, 8518, 4372]",5
2883,8038,"[3413, 8660]","[2883, 3413, 8660, 8038]",3
6833,5579,"[7722, 9963]","[6833, 7722, 9963, 5579]",3
5611,9817,"[6619, 7654]","[5611, 6619, 7654, 9817]",3
492,9560,"[1496, 6308, 8857]","[492, 1496, 6308, 8857, 9560]",4
1583,3646,"[8702, 9363]","[1583, 8702, 9363, 3646]",3
4646,6677,"[8122, 9459, 4559]","[4646, 8122, 9459, 4559, 6677]",4
6504,9929,"[8504, 9605, 5304, 7956, 8500]","[6504, 8504, 9605, 5304, 7956, 8500, 9929]",6
4784,7430,"[8627, 6283, 684, 1187]","[4784, 8627, 6283, 684, 1187, 7430]",5
5617,6151,"[8671, 3695, 10030, 2180]","[5617, 8671, 3695, 10030, 2180, 6151]",5
2336,2710,"[2614, 9514, 9880, 3844]","[2336, 2614, 9514, 9880, 3844, 2710]",5
9834,10140,"[7618, 9071, 10102]","[9834, 7618, 9071, 10102, 10140]",4
2988,3024,"[1165, 1891, 3020, 6344]","[2988, 1165, 1891, 3020, 6344, 3024]",5
4081,5851,"[10159, 3741, 4175, 7979]","[4081, 10159, 3741, 4175, 7979, 5851]",5
5964,4957,"[4879, 9068, 9688, 5057]","[5964, 4879, 9068, 9688, 5057, 4957]",5
1232,5717,"[555, 9892, 9884, 5964]","[1232, 555, 9892, 9884, 5964, 5717]",5
3912,9914,"[8366, 8899, 6780, 8660, 5388]","[3912, 8366, 8899, 6780, 8660, 5388, 9914]",6
7269,9891,"[4618, 4928]","[7269, 4618, 4928, 9891]",3
9987,7907,"[5809, 1166, 537, 598, 7396]","[9987, 5809, 1166, 537, 598, 7396, 7907]",6
7897,10196,"[9916, 9944]","[7897, 9916, 9944, 10196]",3
2671,2054,"[144, 814]","[2671, 144, 814, 2054]",3
4535,7405,"[5546, 8296, 7019, 9427]","[4535, 5546, 8296, 7019, 9427, 7405]",5
147,3632,"[1746, 5966, 4559, 6528]","[147, 1746, 5966, 4559, 6528, 3632]",5
3555,3067,"[9598, 10047, 4687, 229]","[3555, 9598, 10047, 4687, 229, 3067]",5
803,1984,"[4274, 9210, 9158]","[803, 4274, 9210, 9158, 1984]",4
8486,448,"[8540, 5482, 425, 6347]","[8486, 8540, 5482, 425, 6347, 448]",5
1795,3316,"[9843, 8540, 6678, 9785, 365]","[1795, 9843, 8540, 6678, 9785, 365, 3316]",6
6976,9686,"[8721, 448, 1716]","[6976, 8721, 448, 1716, 9686]",4
9768,159,"[6900, 5889]","[9768, 6900, 5889, 159]",3
4135,6407,"[6907, 8588, 5965]","[4135, 6907, 8588, 5965, 6407]",4
9393,10193,"[9624, 1578, 7087]","[9393, 9624, 1578, 7087, 10193]",4
1777,1765,"[5417, 7769, 9404, 2931, 6976]","[1777, 5417, 7769, 9404, 2931, 6976, 1765]",6
3579,4279,"[9660, 7348, 3762, 9975, 6449]","[3579, 9660, 7348, 3762, 9975, 6449, 4279]",6
9080,9597,"[3038, 9737]","[9080, 3038, 9737, 9597]",3
9892,9678,"[994, 6991, 2644, 7448, 7951]","[9892, 994, 6991, 2644, 7448, 7951, 9678]",6
6079,8980,"[8609, 8663, 1118, 3968]","[6079, 8609, 8663, 1118, 3968, 8980]",5
6521,479,"[10044, 9204]","[6521, 10044, 9204, 479]",3
1960,3116,"[9841, 9024, 2806, 7663]","[1960, 9841, 9024, 2806, 7663, 3116]",5
1787,2379,"[6449, 266, 6415, 4728, 3339]","[1787, 6449, 266, 6415, 4728, 3339, 2379]",6
7983,9966,"[8839, 9234]","[7983, 8839, 9234, 9966]",3
8068,9596,"[5241, 6720]","[8068, 5241, 6720, 9596]",3
4613,9989,"[6446, 9071]","[4613, 6446, 9071, 9989]",3
1230,8588,"[3508, 9326]","[1230, 3508, 9326, 8588]",3
1092,3340,"[2014, 8240]","[1092, 2014, 8240, 3340]",3
7559,7241,"[9955, 5049, 6669, 6923]","[7559, 9955, 5049, 6669, 6923, 7241]",5
2066,3541,"[9957, 2600, 10014, 9688, 5238]","[2066, 9957, 2600, 10014, 9688, 5238, 3541]",6
9942,8660,"[960, 6486]","[9942, 960, 6486, 8660]",3
3490,4210,"[9589, 7335, 8334, 10157, 9393]","[3490, 9589, 7335, 8334, 10157, 9393, 4210]",6
5725,311,"[5304, 8710]","[5725, 5304, 8710, 311]",3
9149,2428,"[9126, 3292, 8864, 3662, 9837]","[9149, 9126, 3292, 8864, 3662, 9837, 2428]",6
5080,311,"[3598, 5651, 8787, 9107, 4476]","[5080, 3598, 5651, 8787, 9107, 4476, 311]",6
872,9598,"[7981, 4524]","[872, 7981, 4524, 9598]",3
4067,9997,"[8834, 8891, 9929]","[4067, 8834, 8891, 9929, 9997]",4
5388,8702,"[8399, 8949, 3096, 3317]","[5388, 8399, 8949, 3096, 3317, 8702]",5
3767,6680,"[7768, 5030, 9773]","[3767, 7768, 5030, 9773, 6680]",4
5614,4921,"[7974, 3965]","[5614, 7974, 3965, 4921]",3
5210,9581,"[7786, 9194, 9265, 2619, 7844]","[5210, 7786, 9194, 9265, 2619, 7844, 9581]",6
6734,9510,"[8231, 9461, 9821, 9014]","[6734, 8231, 9461, 9821, 9014, 9510]",5
6992,3268,"[7927, 8284, 9958]","[6992, 7927, 8284, 9958, 3268]",4
8396,2933,"[8840, 6928]","[8396, 8840, 6928, 2933]",3
1495,4419,"[9348, 9591, 8663]","[1495, 9348, 9591, 8663, 4419]",4
7974,8623,"[9440, 2683, 9739]","[7974, 9440, 2683, 9739, 8623]",4
1672,71,"[10030, 6758, 5159, 7225]","[1672, 10030, 6758, 5159, 7225, 71]",5
8619,6686,"[3632, 5099]","[8619, 3632, 5099, 6686]",3
1759,7371,"[5367, 2090, 3249]","[1759, 5367, 2090, 3249, 7371]",4
6529,10143,"[8347, 8916, 9139, 9675, 9807]","[6529, 8347, 8916, 9139, 9675, 9807, 10143]",6
1888,4804,"[3828, 7786, 8327, 10095, 3278]","[1888, 3828, 7786, 8327, 10095, 3278, 4804]",6
1655,8233,"[5426, 4450]","[1655, 5426, 4450, 8233]",3
9428,4968,"[5875, 3514]","[9428, 5875, 3514, 4968]",3
5060,2639,"[9455, 2006, 6049]","[5060, 9455, 2006, 6049, 2639]",4
3987,6155,"[1438, 3463]","[3987, 1438, 3463, 6155]",3
1423,2006,"[994, 5868, 877]","[1423, 994, 5868, 877, 2006]",4
5776,3139,"[7580, 7997, 3277, 7145]","[5776, 7580, 7997, 3277, 7145, 3139]",5
2485,9120,"[7432, 4586]","[2485, 7432, 4586, 9120]",3
3285,6559,"[7978, 687]","[3285, 7978, 687, 6559]",3
1660,898,"[6309, 5440]","[1660, 6309, 5440, 898]",3
1570,6037,"[8140, 9821, 9014, 7284, 3851]","[1570, 8140, 9821, 9014, 7284, 3851, 6037]",6
6348,97,"[9841, 9024, 3545, 7880, 8085]","[6348, 9841, 9024, 3545, 7880, 8085, 97]",6
615,6762,"[7210, 2458, 5475]","[615, 7210, 2458, 5475, 6762]",4
6005,8846,"[7155, 7243, 3548, 3024, 3465]","[6005, 7155, 7243, 3548, 3024, 3465, 8846]",6
6926,4419,"[1722, 5610, 7587]","[6926, 1722, 5610, 7587, 4419]",4
6940,8150,"[2933, 6928, 9885, 3632, 8480]","[6940, 2933, 6928, 9885, 3632, 8480, 8150]",6
5628,8581,"[3873, 862, 6180]","[5628, 3873, 862, 6180, 8581]",4
6405,5265,"[3584, 6624, 5038, 9563, 1481]","[6405, 3584, 6624, 5038, 9563, 1481, 5265]",6
6217,9638,"[9691, 10167, 8217, 9022, 9598]","[6217, 9691, 10167, 8217, 9022, 9598, 9638]",6
5946,7377,"[2619, 4602, 7312]","[5946, 2619, 4602, 7312, 7377]",4
716,4637,"[4735, 633, 5238, 2638, 6859]","[716, 4735, 633, 5238, 2638, 6859, 4637]",6
6801,7700,"[7711, 7950, 8231, 8426]","[6801, 7711, 7950, 8231, 8426, 7700]",5
962,4775,"[1540, 6351, 6586, 8198, 255]","[962, 1540, 6351, 6586, 8198, 255, 4775]",6
2627,7432,"[2453, 1379, 10128, 10171]","[2627, 2453, 1379, 10128, 10171, 7432]",5
3111,2396,"[8672, 5093, 5238, 1187]","[3111, 8672, 5093, 5238, 1187, 2396]",5
4272,8458,"[5353, 6901, 8106]","[4272, 5353, 6901, 8106, 8458]",4
7331,10140,"[3095, 1125, 1399, 5389]","[7331, 3095, 1125, 1399, 5389, 10140]",5
8777,1925,"[8556, 9079]","[8777, 8556, 9079, 1925]",3
407,10044,"[255, 3212]","[407, 255, 3212, 10044]",3
8480,1906,"[7424, 401]","[8480, 7424, 401, 1906]",3
7257,6347,"[5417, 5241, 6355]","[7257, 5417, 5241, 6355, 6347]",4
9205,9923,"[2893, 5005, 6716, 9912]","[9205, 2893, 5005, 6716, 9912, 9923]",5
2443,8878,"[207, 402, 3759, 6391]","[2443, 207, 402, 3759, 6391, 8878]",5
245,9796,"[7594, 8478, 9852, 5534, 3622]","[245, 7594, 8478, 9852, 5534, 3622, 9796]",6
217,7176,"[7994, 7457, 6824]","[217, 7994, 7457, 6824, 7176]",4
1819,10012,"[4324, 3873, 9750]","[1819, 4324, 3873, 9750, 10012]",4
5042,1914,"[7332, 8488, 3173, 3544, 8517]","[5042, 7332, 8488, 3173, 3544, 8517, 1914]",6
9734,10109,"[8059, 1107, 7249, 7792, 6836]","[9734, 8059, 1107, 7249, 7792, 6836, 10109]",6
5063,9837,"[6249, 7397, 8469]","[5063, 6249, 7397, 8469, 9837]",4
409,7240,"[6407, 6817, 7808, 6907]","[409, 6407, 6817, 7808, 6907, 7240]",5
171,5753,"[994, 4158, 1528, 2396, 805]","[171, 994, 4158, 1528, 2396, 805, 5753]",6
1638,8826,"[4283, 5378]","[1638, 4283, 5378, 8826]",3
9705,644,"[22, 3476, 2893, 6807, 3632]","[9705, 22, 3476, 2893, 6807, 3632, 644]",6
9931,7543,"[3582, 4145, 4236]","[9931, 3582, 4145, 4236, 7543]",4
8888,5241,"[4579, 5992, 8930, 2416]","[8888, 4579, 5992, 8930, 2416, 5241]",5
1867,3156,"[2255, 8184, 7900]","[1867, 2255, 8184, 7900, 3156]",4
6494,8235,"[7178, 1811, 6359]","[6494, 7178, 1811, 6359, 8235]",4
6548,231,"[4763, 7143, 5589]","[6548, 4763, 7143, 5589, 231]",4
6604,3314,"[6, 1341, 7182, 8582, 8140]","[6604, 6, 1341, 7182, 8582, 8140, 3314]",6
9956,5417,"[4476, 4806, 263, 8818, 9908]","[9956, 4476, 4806, 263, 8818, 9908, 5417]",6
7689,9377,"[4946, 9563, 6070, 1541, 8296]","[7689, 4946, 9563, 6070, 1541, 8296, 9377]",6
10139,9037,"[9177, 1211, 4421, 7952, 8952]","[10139, 9177, 1211, 4421, 7952, 8952, 9037]",6
2474,5324,"[9424, 8636, 7994, 3049, 9832]","[2474, 9424, 8636, 7994, 3049, 9832, 5324]",6
173,8660,"[7956, 7713, 7285, 7845, 6292]","[173, 7956, 7713, 7285, 7845, 6292, 8660]",6
434,399,"[6043, 8148, 1756, 7975, 8872]","[434, 6043, 8148, 1756, 7975, 8872, 399]",6
4452,7155,"[5760, 8187, 9790, 4806, 2619]","[4452, 5760, 8187, 9790, 4806, 2619, 7155]",6
1770,9429,"[3920, 5171, 5420]","[1770, 3920, 5171, 5420, 9429]",4
1824,4594,"[8168, 1760, 90, 8530, 328]","[1824, 8168, 1760, 90, 8530, 328, 4594]",6
3803,9787,"[4896, 2460, 8819, 9864, 6231]","[3803, 4896, 2460, 8819, 9864, 6231, 9787]",6
6101,2969,"[704, 3366, 9204, 2180]","[6101, 704, 3366, 9204, 2180, 2969]",5
5218,9377,"[8698, 9837, 6902, 9596, 8229]","[5218, 8698, 9837, 6902, 9596, 8229, 9377]",6
7981,4476,"[9249, 5277, 4575, 7563, 1653]","[7981, 9249, 5277, 4575, 7563, 1653, 4476]",6
7575,1700,"[8446, 9544, 1833, 6312, 8921]","[7575, 8446, 9544, 1833, 6312, 8921, 1700]",6
55,9563,"[2994, 9714, 1741, 8568, 6070]","[55, 2994, 9714, 1741, 8568, 6070, 9563]",6
244,2865,"[7593, 9705]","[244, 7593, 9705, 2865]",3
5915,1729,"[2180, 8597, 9851]","[5915, 2180, 8597, 9851, 1729]",4
3972,367,"[9260, 8296]","[3972, 9260, 8296, 367]",3
6224,7693,"[7700, 2607, 3632, 643, 7979]","[6224, 7700, 2607, 3632, 643, 7979, 7693]",6
5840,9471,"[10044, 1107]","[5840, 10044, 1107, 9471]",3
8100,44,"[6415, 8119, 394, 7430, 1270]","[8100, 6415, 8119, 394, 7430, 1270, 44]",6
8488,8545,"[4419, 6686, 9758, 8232, 6798]","[8488, 4419, 6686, 9758, 8232, 6798, 8545]",6
8809,3633,"[4368, 3487]","[8809, 4368, 3487, 3633]",3
2742,8296,"[9163, 5872, 9313, 8019, 1357]","[2742, 9163, 5872, 9313, 8019, 1357, 8296]",6
1714,3045,"[4778, 6323, 8056]","[1714, 4778, 6323, 8056, 3045]",4
4861,7530,"[8144, 7309]","[4861, 8144, 7309, 7530]",3
6177,9095,"[426, 901, 2712, 3296]","[6177, 426, 901, 2712, 3296, 9095]",5
7831,2833,"[5761, 5604, 6463]","[7831, 5761, 5604, 6463, 2833]",4
3187,6069,"[5822, 5417]","[3187, 5822, 5417, 6069]",3
7813,7137,"[8148, 4285, 6055]","[7813, 8148, 4285, 6055, 7137]",4
694,1165,"[10015, 6507]","[694, 10015, 6507, 1165]",3
5470,10103,"[8296, 4830, 8002, 8712]","[5470, 8296, 4830, 8002, 8712, 10103]",5
2692,8409,"[6204, 3290, 6758, 9631]","[2692, 6204, 3290, 6758, 9631, 8409]",5
2360,7880,"[605, 5944]","[2360, 605, 5944, 7880]",3
5910,2893,"[7799, 9714, 10099, 7059]","[5910, 7799, 9714, 10099, 7059, 2893]",5
7971,7769,"[8176, 3150, 7461]","[7971, 8176, 3150, 7461, 7769]",4
1872,8721,"[8006, 9454, 483, 2604, 3934]","[1872, 8006, 9454, 483, 2604, 3934, 8721]",6
6968,9425,"[9514, 5460, 1215, 4879]","[6968, 9514, 5460, 1215, 4879, 9425]",5
1898,5223,"[7434, 9509, 10000, 9890, 4717]","[1898, 7434, 9509, 10000, 9890, 4717, 5223]",6
3895,8678,"[4533, 3712]","[3895, 4533, 3712, 8678]",3
3935,5332,"[553, 2105, 3005, 3704, 1414]","[3935, 553, 2105, 3005, 3704, 1414, 5332]",6
5828,10192,"[3465, 8872, 1455, 4147, 9544]","[5828, 3465, 8872, 1455, 4147, 9544, 10192]",6
4075,8005,"[7314, 9529]","[4075, 7314, 9529, 8005]",3
5620,8573,"[8972, 6579, 3231, 5566]","[5620, 8972, 6579, 3231, 5566, 8573]",5
696,3741,"[4143, 4438, 10044, 3715, 5579]","[696, 4143, 4438, 10044, 3715, 5579, 3741]",6
2002,6484,"[3268, 4698, 6579]","[2002, 3268, 4698, 6579, 6484]",4
7182,7321,"[5764, 7828, 3441]","[7182, 5764, 7828, 3441, 7321]",4
9136,4368,"[328, 9884, 8592]","[9136, 328, 9884, 8592, 4368]",4
1339,983,"[1262, 848]","[1339, 1262, 848, 983]",3
57,8703,"[4710, 5209, 8739]","[57, 4710, 5209, 8739, 8703]",4
6422,10156,"[8772, 9840, 9916]","[6422, 8772, 9840, 9916, 10156]",4
4383,2415,"[4950, 5815, 9429, 9484, 9404]","[4383, 4950, 5815, 9429, 9484, 9404, 2415]",6
4682,6347,"[7568, 6152, 2283]","[4682, 7568, 6152, 2283, 6347]",4
4027,9957,"[4405, 7714, 4976, 6151, 6623]","[4027, 4405, 7714, 4976, 6151, 6623, 9957]",6
2793,2260,"[643, 3487, 7325, 7568, 7369]","[2793, 643, 3487, 7325, 7568, 7369, 2260]",6
228,10196,"[856, 1205, 6223, 8022, 8707]","[228, 856, 1205, 6223, 8022, 8707, 10196]",6
7677,6069,"[8925, 9579]","[7677, 8925, 9579, 6069]",3
2640,2138,"[7723, 8480, 5474]","[2640, 7723, 8480, 5474, 2138]",4
5148,832,"[7064, 8744, 5417, 6694, 8091]","[5148, 7064, 8744, 5417, 6694, 8091, 832]",6
2935,4977,"[2019, 6056, 9198, 3820]","[2935, 2019, 6056, 9198, 3820, 4977]",5
4451,10189,"[3049, 6055, 8705]","[4451, 3049, 6055, 8705, 10189]",4
1141,8026,"[9430, 3993, 6768, 7627]","[1141, 9430, 3993, 6768, 7627, 8026]",5
6013,7346,"[7481, 9358, 9511, 1601, 5750]","[6013, 7481, 9358, 9511, 1601, 5750, 7346]",6
1499,2466,"[3798, 6786]","[1499, 3798, 6786, 2466]",3
7714,8480,"[311, 9290, 1884]","[7714, 311, 9290, 1884, 8480]",4
3929,10183,"[7125, 7879, 4154, 1316, 4807]","[3929, 7125, 7879, 4154, 1316, 4807, 10183]",6
6930,6507,"[9455, 1403, 140]","[6930, 9455, 1403, 140, 6507]",4
1481,3929,"[4890, 8148]","[1481, 4890, 8148, 3929]",3
4389,9916,"[2086, 5313, 7692]","[4389, 2086, 5313, 7692, 9916]",4
10041,9839,"[1544, 282, 8334]","[10041, 1544, 282, 8334, 9839]",4
2325,5253,"[3116, 3961, 8366]","[2325, 3116, 3961, 8366, 5253]",4
8674,10065,"[2379, 5089, 9079, 3340, 9415]","[8674, 2379, 5089, 9079, 3340, 9415, 10065]",6
5146,9204,"[9066, 9291, 9554, 1393, 9079]","[5146, 9066, 9291, 9554, 1393, 9079, 9204]",6
6070,3157,"[9065, 6353, 8250, 4728, 3824]","[6070, 9065, 6353, 8250, 4728, 3824, 3157]",6
5992,9422,"[8458, 8852, 9693, 10171]","[5992, 8458, 8852, 9693, 10171, 9422]",5
4287,7196,"[9390, 3292, 1162, 1850, 7190]","[4287, 9390, 3292, 1162, 1850, 7190, 7196]",6
450,8595,"[905, 6575]","[450, 905, 6575, 8595]",3
4912,6958,"[6761, 10147, 4314, 4550, 5226]","[4912, 6761, 10147, 4314, 4550, 5226, 6958]",6
4977,3367,"[3082, 201, 2986]","[4977, 3082, 201, 2986, 3367]",4
1797,10003,"[8913, 8940, 9282]","[1797, 8913, 8940, 9282, 10003]",4
2503,5093,"[10193, 7276, 3018]","[2503, 10193, 7276, 3018, 5093]",4
9059,6183,"[106, 7568, 8604, 9556]","[9059, 106, 7568, 8604, 9556, 6183]",5
4711,4018,"[6353, 8336, 9954]","[4711, 6353, 8336, 9954, 4018]",4
10169,5095,"[570, 613]","[10169, 570, 613, 5095]",3
2263,786,"[7296, 6365]","[2263, 7296, 6365, 786]",3
6175,6163,"[9966, 10081, 2180, 3632, 9126]","[6175, 9966, 10081, 2180, 3632, 9126, 6163]",6
6596,7700,"[7249, 10109]","[6596, 7249, 10109, 7700]",3
3376,10188,"[3381, 10160]","[3376, 3381, 10160, 10188]",3
483,3024,"[822, 5924, 8086, 4018, 901]","[483, 822, 5924, 8086, 4018, 901, 3024]",6
3918,8530,"[2006, 2112, 3178, 7025]","[3918, 2006, 2112, 3178, 7025, 8530]",5
5449,5690,"[4571, 358, 4033, 7023, 4921]","[5449, 4571, 358, 4033, 7023, 4921, 5690]",6
2367,8321,"[10029, 9450, 8923, 4913, 6416]","[2367, 10029, 9450, 8923, 4913, 6416, 8321]",6
8681,9880,"[8940, 1216, 6276, 5434]","[8681, 8940, 1216, 6276, 5434, 9880]",5
7770,4419,"[678, 6038, 9085]","[7770, 678, 6038, 9085, 4419]",4
1225,9612,"[4726, 4752]","[1225, 4726, 4752, 9612]",3
143,9082,"[6365, 6353, 5093, 8674]","[143, 6365, 6353, 5093, 8674, 9082]",5
842,960,"[6269, 6389, 8857, 9560, 5231]","[842, 6269, 6389, 8857, 9560, 5231, 960]",6
8485,10196,"[8922, 9592, 10140, 10156]","[8485, 8922, 9592, 10140, 10156, 10196]",5
5106,5875,"[9749, 10055, 7178]","[5106, 9749, 10055, 7178, 5875]",4
4344,7723,"[2208, 8069, 8778, 6869, 4601]","[4344, 2208, 8069, 8778, 6869, 4601, 7723]",6
1716,9397,"[2893, 876, 3835]","[1716, 2893, 876, 3835, 9397]",4
5096,9625,"[3052, 8105]","[5096, 3052, 8105, 9625]",3
665,5720,"[1914, 3129]","[665, 1914, 3129, 5720]",3
1812,6797,"[960, 3364, 3962, 6720]","[1812, 960, 3364, 3962, 6720, 6797]",5
2729,7947,"[4850, 5430]","[2729, 4850, 5430, 7947]",3
7475,5041,"[1293, 5367, 9619, 9452, 6039]","[7475, 1293, 5367, 9619, 9452, 6039, 5041]",6
4334,291,"[5972, 6697, 10186, 106, 8417]","[4334, 5972, 6697, 10186, 106, 8417, 291]",6
2621,77,"[5030, 5288, 9986]","[2621, 5030, 5288, 9986, 77]",4
2362,9183,"[3885, 4347]","[2362, 3885, 4347, 9183]",3
3556,3370,"[7568, 7876, 6146]","[3556, 7568, 7876, 6146, 3370]",4
726,9456,"[8461, 2416, 8082, 9986]","[726, 8461, 2416, 8082, 9986, 9456]",5
677,5368,"[4082, 5057]","[677, 4082, 5057, 5368]",3
4670,9980,"[855, 1781, 8660, 8780, 9477]","[4670, 855, 1781, 8660, 8780, 9477, 9980]",6
6945,1060,"[6902, 8085, 4346]","[6945, 6902, 8085, 4346, 1060]",4
8685,1800,"[3019, 2907, 2415, 8936, 6143]","[8685, 3019, 2907, 2415, 8936, 6143, 1800]",6
3292,9332,"[3601, 8940, 8543, 9775, 6635]","[3292, 3601, 8940, 8543, 9775, 6635, 9332]",6
8741,159,"[8795, 5423, 3873, 7243]","[8741, 8795, 5423, 3873, 7243, 159]",5
7142,7432,"[8122, 3508, 9784, 6519, 311]","[7142, 8122, 3508, 9784, 6519, 311, 7432]",6
7541,6982,"[667, 8684, 7838, 4195]","[7541, 667, 8684, 7838, 4195, 6982]",5
676,2522,"[7722, 9426, 367]","[676, 7722, 9426, 367, 2522]",4
6260,311,"[8375, 8687]","[6260, 8375, 8687, 311]",3
3480,2347,"[9696, 9890, 5976, 8241, 10185]","[3480, 9696, 9890, 5976, 8241, 10185, 2347]",6
5405,1578,"[3292, 4505, 8879, 8366]","[5405, 3292, 4505, 8879, 8366, 1578]",5
6549,5645,"[9539, 9486]","[6549, 9539, 9486, 5645]",3
5591,1753,"[6441, 7709, 736, 7900]","[5591, 6441, 7709, 736, 7900, 1753]",5
7711,2396,"[8838, 3632, 643, 10193, 1202]","[7711, 8838, 3632, 643, 10193, 1202, 2396]",6
1752,97,"[9107, 4476, 9398, 4957]","[1752, 9107, 4476, 9398, 4957, 97]",5
6447,3769,"[7971, 10149, 10162, 2458, 74]","[6447, 7971, 10149, 10162, 2458, 74, 3769]",6
4527,8420,"[9929, 2569, 3187, 4326]","[4527, 9929, 2569, 3187, 4326, 8420]",5
9478,7685,"[10154, 4806, 8940, 5711]","[9478, 10154, 4806, 8940, 5711, 7685]",5
4233,643,"[167, 4928]","[4233, 167, 4928, 643]",3
3893,8750,"[5758, 7559, 9070, 2934, 7424]","[3893, 5758, 7559, 9070, 2934, 7424, 8750]",6
6667,8975,"[7979, 9249, 7684, 10188, 8923]","[6667, 7979, 9249, 7684, 10188, 8923, 8975]",6
2069,7731,"[7923, 4, 5511, 7085, 6923]","[2069, 7923, 4, 5511, 7085, 6923, 7731]",6
5274,5685,"[6780, 2180, 3010, 9102, 10096]","[5274, 6780, 2180, 3010, 9102, 10096, 5685]",6
3037,4186,"[328, 619]","[3037, 328, 619, 4186]",3
7767,7240,"[9879, 4005, 5534, 8685, 181]","[7767, 9879, 4005, 5534, 8685, 181, 7240]",6
9244,8125,"[7182, 10162, 2458, 5860]","[9244, 7182, 10162, 2458, 5860, 8125]",5
6554,9171,"[3095, 652]","[6554, 3095, 652, 9171]",3
1363,9770,"[8849, 4419, 4653, 7688, 10026]","[1363, 8849, 4419, 4653, 7688, 10026, 9770]",6
5460,1506,"[5241, 9984, 7082]","[5460, 5241, 9984, 7082, 1506]",4
7935,106,"[8085, 6069, 9181]","[7935, 8085, 6069, 9181, 106]",4
5147,806,"[1109, 9011]","[5147, 1109, 9011, 806]",3
2721,5897,"[1757, 5246, 9544]","[2721, 1757, 5246, 9544, 5897]",4
5845,2893,"[6047, 7871, 6276, 806]","[5845, 6047, 7871, 6276, 806, 2893]",5
9028,790,"[9876, 753, 1991, 2874]","[9028, 9876, 753, 1991, 2874, 790]",5
1436,2933,"[4503, 7700, 9290]","[1436, 4503, 7700, 9290, 2933]",4
6642,8654,"[2158, 5772, 7399, 117, 3714]","[6642, 2158, 5772, 7399, 117, 3714, 8654]",6
7960,7908,"[9422, 3327, 3930, 6802]","[7960, 9422, 3327, 3930, 6802, 7908]",5
7202,8818,"[5843, 5720, 70]","[7202, 5843, 5720, 70, 8818]",4
925,5208,"[995, 3069, 7369]","[925, 995, 3069, 7369, 5208]",4
1080,4602,"[4572, 1885, 5803, 8579]","[1080, 4572, 1885, 5803, 8579, 4602]",5
5027,1578,"[6952, 7087, 4033, 5114]","[5027, 6952, 7087, 4033, 5114, 1578]",5
5414,1828,"[9869, 8104]","[5414, 9869, 8104, 1828]",3
829,4342,"[2309, 8974, 6229]","[829, 2309, 8974, 6229, 4342]",4
3820,7838,"[7325, 9528, 8556, 3153]","[3820, 7325, 9528, 8556, 3153, 7838]",5
3926,5730,"[6006, 6463, 805]","[3926, 6006, 6463, 805, 5730]",4
9271,9824,"[9936, 2701, 4804, 2308, 9166]","[9271, 9936, 2701, 4804, 2308, 9166, 9824]",6
785,7700,"[9993, 9331]","[785, 9993, 9331, 7700]",3
9600,4965,"[9300, 2488, 6187, 7911, 9123]","[9600, 9300, 2488, 6187, 7911, 9123, 4965]",6
5924,5534,"[7213, 328, 1892, 5184]","[5924, 7213, 328, 1892, 5184, 5534]",5
3867,2907,"[9052, 10136]","[3867, 9052, 10136, 2907]",3
8252,5645,"[311, 4033]","[8252, 311, 4033, 5645]",3
9830,1427,"[4957, 7201, 4866, 1828]","[9830, 4957, 7201, 4866, 1828, 1427]",5
4102,1716,"[9065, 1580, 7129, 6527]","[4102, 9065, 1580, 7129, 6527, 1716]",5
7698,4771,"[8780, 231, 7947, 9315]","[7698, 8780, 231, 7947, 9315, 4771]",5
8695,1133,"[9976, 9468, 4699, 4741, 8592]","[8695, 9976, 9468, 4699, 4741, 8592, 1133]",6
9051,643,"[9280, 5417, 6694]","[9051, 9280, 5417, 6694, 643]",4
3329,7766,"[10144, 8663]","[3329, 10144, 8663, 7766]",3
6570,9515,"[9703, 3632, 643]","[6570, 9703, 3632, 643, 9515]",4
863,10196,"[7769, 9916, 10102]","[863, 7769, 9916, 10102, 10196]",4
7967,9128,"[9131, 9377, 9540, 6182, 8947]","[7967, 9131, 9377, 9540, 6182, 8947, 9128]",6
8507,6568,"[7182, 3268, 1950, 1525]","[8507, 7182, 3268, 1950, 1525, 6568]",5
9837,8137,"[3461, 2529, 7631]","[9837, 3461, 2529, 7631, 8137]",4
2846,6369,"[960, 4479]","[2846, 960, 4479, 6369]",3
8958,10131,"[9600, 10103]","[8958, 9600, 10103, 10131]",3
6637,9926,"[8008, 8948, 9129]","[6637, 8008, 8948, 9129, 9926]",4
3171,266,"[7939, 3298]","[3171, 7939, 3298, 266]",3
999,8583,"[7369, 6125]","[999, 7369, 6125, 8583]",3
2492,9674,"[6069, 9753, 9807, 8395]","[2492, 6069, 9753, 9807, 8395, 9674]",5
5109,10044,"[4282, 9726, 2948, 4420, 5283]","[5109, 4282, 9726, 2948, 4420, 5283, 10044]",6
8455,7946,"[8758, 6046]","[8455, 8758, 6046, 7946]",3
9527,9581,"[6604, 8736]","[9527, 6604, 8736, 9581]",3
8595,7901,"[4573, 1213, 9443]","[8595, 4573, 1213, 9443, 7901]",4
8867,2528,"[8987, 9126, 202]","[8867, 8987, 9126, 202, 2528]",4
3390,4371,"[9022, 9472, 643, 2180]","[3390, 9022, 9472, 643, 2180, 4371]",5
5066,8018,"[5944, 2210, 3747, 8370, 7161]","[5066, 5944, 2210, 3747, 8370, 7161, 8018]",6
1340,684,"[4637, 790, 8104, 675, 7399]","[1340, 4637, 790, 8104, 675, 7399, 684]",6
9503,4248,"[7787, 7578, 9383, 2867]","[9503, 7787, 7578, 9383, 2867, 4248]",5
5077,710,"[6666, 6589, 9906]","[5077, 6666, 6589, 9906, 710]",4
2649,2332,"[6968, 7296, 9350, 9984, 4045]","[2649, 6968, 7296, 9350, 9984, 4045, 2332]",6
5829,6853,"[8104, 7399, 9425]","[5829, 8104, 7399, 9425, 6853]",4
8375,2148,"[8663, 10044]","[8375, 8663, 10044, 2148]",3
4097,8299,"[7519, 5877, 6816]","[4097, 7519, 5877, 6816, 8299]",4
5144,1984,"[8280, 10167, 8501, 9291]","[5144, 8280, 10167, 8501, 9291, 1984]",5
674,1914,"[6265, 7356, 5455, 8176, 1494]","[674, 6265, 7356, 5455, 8176, 1494, 1914]",6
4557,2741,"[7138, 10025]","[4557, 7138, 10025, 2741]",3
6584,1764,"[3632, 9126]","[6584, 3632, 9126, 1764]",3
3279,328,"[5105, 6956, 2180]","[3279, 5105, 6956, 2180, 328]",4
3007,120,"[4046, 7547, 8810]","[3007, 4046, 7547, 8810, 120]",4
6286,2500,"[7428, 9544, 4029, 4842, 8119]","[6286, 7428, 9544, 4029, 4842, 8119, 2500]",6
6796,8867,"[3632, 5099, 8835, 3548, 1745]","[6796, 3632, 5099, 8835, 3548, 1745, 8867]",6
2804,3363,"[9036, 10081, 2180]","[2804, 9036, 10081, 2180, 3363]",4
7580,1767,"[8980, 9764]","[7580, 8980, 9764, 1767]",3
9563,3231,"[2935, 1757]","[9563, 2935, 1757, 3231]",3
9510,9092,"[311, 7613, 9009, 491]","[9510, 311, 7613, 9009, 491, 9092]",5
8751,1828,"[4755, 1497, 994]","[8751, 4755, 1497, 994, 1828]",4
8220,8741,"[9974, 5017, 6217, 7776]","[8220, 9974, 5017, 6217, 7776, 8741]",5
5480,10165,"[9300, 311, 5190, 5304, 10160]","[5480, 9300, 311, 5190, 5304, 10160, 10165]",6
464,8326,"[8387, 10110, 5241]","[464, 8387, 10110, 5241, 8326]",4
4546,7703,"[10195, 7979]","[4546, 10195, 7979, 7703]",3
3295,9848,"[5003, 3124, 6870, 6353]","[3295, 5003, 3124, 6870, 6353, 9848]",5
5455,8912,"[2294, 8859, 6078]","[5455, 2294, 8859, 6078, 8912]",4
3759,518,"[5777, 7016, 5965, 5159]","[3759, 5777, 7016, 5965, 5159, 518]",5
6608,10198,"[8334, 9071]","[6608, 8334, 9071, 10198]",3
9886,3825,"[6853, 1414]","[9886, 6853, 1414, 3825]",3
8875,9880,"[9553, 6808, 8152, 8550]","[8875, 9553, 6808, 8152, 8550, 9880]",5
4193,7309,"[4937, 4967]","[4193, 4937, 4967, 7309]",3
969,913,"[8253, 2996]","[969, 8253, 2996, 913]",3
513,994,"[7975, 8782, 6347, 645]","[513, 7975, 8782, 6347, 645, 994]",5
3273,5426,"[7880, 181, 4120]","[3273, 7880, 181, 4120, 5426]",4
1110,5887,"[8326, 3693, 9030, 2460]","[1110, 8326, 3693, 9030, 2460, 5887]",5
6597,4711,"[8006, 9638, 9758, 2737]","[6597, 8006, 9638, 9758, 2737, 4711]",5
911,9846,"[4175, 3544, 8540, 7325]","[911, 4175, 3544, 8540, 7325, 9846]",5
2269,9828,"[5248, 5617]","[2269, 5248, 5617, 9828]",3
445,6859,"[782, 5565]","[445, 782, 5565, 6859]",3
5980,7035,"[8581, 3448, 2907]","[5980, 8581, 3448, 2907, 7035]",4
3783,2846,"[7020, 9675, 7445, 6069]","[3783, 7020, 9675, 7445, 6069, 2846]",5
5810,4830,"[1066, 5895, 3550]","[5810, 1066, 5895, 3550, 4830]",4
948,7460,"[5330, 7980, 1984, 8663]","[948, 5330, 7980, 1984, 8663, 7460]",5
4641,9656,"[8472, 8772]","[4641, 8472, 8772, 9656]",3
4141,4683,"[8682, 10045, 10058, 3632, 8480]","[4141, 8682, 10045, 10058, 3632, 8480, 4683]",6
3825,1438,"[5434, 2759, 4842]","[3825, 5434, 2759, 4842, 1438]",4
9320,234,"[64, 716, 9664]","[9320, 64, 716, 9664, 234]",4
4846,9225,"[5313, 7555]","[4846, 5313, 7555, 9225]",3
419,7334,"[7332, 8630, 9377, 9529, 97]","[419, 7332, 8630, 9377, 9529, 97, 7334]",6
8558,3679,"[8176, 3741]","[8558, 8176, 3741, 3679]",3
5519,9468,"[9425, 5241]","[5519, 9425, 5241, 9468]",3
7520,9518,"[7700, 8427, 8952, 9081]","[7520, 7700, 8427, 8952, 9081, 9518]",5
9921,3632,"[7688, 7826]","[9921, 7688, 7826, 3632]",3
4222,6039,"[652, 7543, 8777]","[4222, 652, 7543, 8777, 6039]",4
4320,9974,"[621, 3153, 6755, 9532]","[4320, 621, 3153, 6755, 9532, 9974]",5
7275,3632,"[8925, 9133, 9751]","[7275, 8925, 9133, 9751, 3632]",4
9897,9126,"[7499, 3632]","[9897, 7499, 3632, 9126]",3
3778,106,"[9567, 9933]","[3778, 9567, 9933, 106]",3
3727,7685,"[7213, 9681, 9288]","[3727, 7213, 9681, 9288, 7685]",4
1990,9974,"[8821, 8217]","[1990, 8821, 8217, 9974]",3
6920,6145,"[8663, 10144, 6780, 3987]","[6920, 8663, 10144, 6780, 3987, 6145]",5
2665,6078,"[8940, 8104]","[2665, 8940, 8104, 6078]",3
802,9533,"[2414, 9326, 8918, 1317, 6976]","[802, 2414, 9326, 8918, 1317, 6976, 9533]",6
8221,3736,"[1741, 6289, 2806, 9141]","[8221, 1741, 6289, 2806, 9141, 3736]",5
7682,3302,"[7819, 9347, 9665]","[7682, 7819, 9347, 9665, 3302]",4
9441,7288,"[2386, 5786, 4573, 9535, 9526]","[9441, 2386, 5786, 4573, 9535, 9526, 7288]",6
6904,4599,"[10012, 862, 1984]","[6904, 10012, 862, 1984, 4599]",4
8705,2221,"[3171, 8739, 5901, 7974]","[8705, 3171, 8739, 5901, 7974, 2221]",5
667,4374,"[889, 6728, 2500]","[667, 889, 6728, 2500, 4374]",4
7536,7140,"[7822, 9858, 9921]","[7536, 7822, 9858, 9921, 7140]",4
6277,140,"[9705, 7308, 10189]","[6277, 9705, 7308, 10189, 140]",4
8528,8847,"[56, 2385, 9146, 1109, 23]","[8528, 56, 2385, 9146, 1109, 23, 8847]",6
9761,2619,"[6116, 8458, 9265]","[9761, 6116, 8458, 9265, 2619]",4
3248,7997,"[10063, 1105]","[3248, 10063, 1105, 7997]",3
4377,4551,"[6830, 6718, 9352, 704]","[4377, 6830, 6718, 9352, 704, 4551]",5
5152,9859,"[9297, 9580, 10000, 9446, 9798]","[5152, 9297, 9580, 10000, 9446, 9798, 9859]",6
4567,901,"[2932, 7653, 2880]","[4567, 2932, 7653, 2880, 901]",4
7635,9029,"[9879, 726]","[7635, 9879, 726, 9029]",3
7135,9082,"[8911, 5099, 7582, 8777]","[7135, 8911, 5099, 7582, 8777, 9082]",5
1863,8659,"[7094, 3049, 9127]","[1863, 7094, 3049, 9127, 8659]",4
441,6024,"[2267, 5159, 6798]","[441, 2267, 5159, 6798, 6024]",4
8677,1464,"[3632, 5099, 1891, 3514, 2214]","[8677, 3632, 5099, 1891, 3514, 2214, 1464]",6
5346,1181,"[8498, 4602]","[5346, 8498, 4602, 1181]",3
7776,3100,"[876, 1612, 5417, 7314]","[7776, 876, 1612, 5417, 7314, 3100]",5
282,7438,"[6686, 862, 6658]","[282, 6686, 862, 6658, 7438]",4
3958,6447,"[7712, 2125, 5877]","[3958, 7712, 2125, 5877, 6447]",4
9695,8938,"[5502, 2300, 10016, 8540]","[9695, 5502, 2300, 10016, 8540, 8938]",5
8207,2379,"[3900, 8683, 9614, 283]","[8207, 3900, 8683, 9614, 283, 2379]",5
4427,9749,"[6746, 7555, 8644]","[4427, 6746, 7555, 8644, 9749]",4
3291,8553,"[8540, 6835, 51, 4459, 9805]","[3291, 8540, 6835, 51, 4459, 9805, 8553]",6
293,8627,"[4806, 832, 180]","[293, 4806, 832, 180, 8627]",4
4137,876,"[904, 6070, 8149, 2957, 5099]","[4137, 904, 6070, 8149, 2957, 5099, 876]",6
3144,9929,"[7387, 9778, 10031, 1069, 8396]","[3144, 7387, 9778, 10031, 1069, 8396, 9929]",6
8636,3632,"[3049, 3195, 2908]","[8636, 3049, 3195, 2908, 3632]",4
9530,5372,"[10036, 10189, 1414, 1333, 9174]","[9530, 10036, 10189, 1414, 1333, 9174, 5372]",6
3765,2276,"[7424, 326, 5099]","[3765, 7424, 326, 5099, 2276]",4
6808,8437,"[8505, 3447, 7473]","[6808, 8505, 3447, 7473, 8437]",4
34,8051,"[1712, 2295, 5976]","[34, 1712, 2295, 5976, 8051]",4
7796,8010,"[8000, 3487, 4492]","[7796, 8000, 3487, 4492, 8010]",4
7826,9052,"[8226, 6284, 10001, 2367, 7827]","[7826, 8226, 6284, 10001, 2367, 7827, 9052]",6
3740,6244,"[5489, 7770]","[3740, 5489, 7770, 6244]",3
7089,2503,"[8540, 8940]","[7089, 8540, 8940, 2503]",3
1921,898,"[7872, 2300]","[1921, 7872, 2300, 898]",3
9470,5918,"[6715, 1059, 8105]","[9470, 6715, 1059, 8105, 5918]",4
1980,8501,"[5770, 6337]","[1980, 5770, 6337, 8501]",3
1226,3548,"[3555, 5606, 8621, 8857, 9760]","[1226, 3555, 5606, 8621, 8857, 9760, 3548]",6
5055,7240,"[8589, 6152, 3633, 4318]","[5055, 8589, 6152, 3633, 4318, 7240]",5
8399,5082,"[1050, 1853]","[8399, 1050, 1853, 5082]",3
218,6574,"[9206, 10044]","[218, 9206, 10044, 6574]",3
2722,6484,"[7148, 9676, 4973]","[2722, 7148, 9676, 4973, 6484]",4
10065,9942,"[1656, 6901, 8106, 9961, 3596]","[10065, 1656, 6901, 8106, 9961, 3596, 9942]",6
6477,7448,"[8857, 9760, 9539]","[6477, 8857, 9760, 9539, 7448]",4
8366,5902,"[6976, 6710, 2600, 9572, 901]","[8366, 6976, 6710, 2600, 9572, 901, 5902]",6
2912,10143,"[9649, 9840, 10140]","[2912, 9649, 9840, 10140, 10143]",4
5525,5615,"[7016, 5252, 9506, 6720]","[5525, 7016, 5252, 9506, 6720, 5615]",5
1633,8969,"[5805, 8280]","[1633, 5805, 8280, 8969]",3
8678,589,"[6408, 9676, 6303]","[8678, 6408, 9676, 6303, 589]",4
1785,6758,"[10021, 5417, 5080, 9454]","[1785, 10021, 5417, 5080, 9454, 6758]",5
5913,1191,"[3082, 3316, 4120]","[5913, 3082, 3316, 4120, 1191]",4
471,10184,"[8119, 4779]","[471, 8119, 4779, 10184]",3
2272,8250,"[7546, 9941, 3545]","[2272, 7546, 9941, 3545, 8250]",4
4964,8660,"[6463, 8470, 5241, 8329]","[4964, 6463, 8470, 5241, 8329, 8660]",5
643,4395,"[6237, 6039, 4869, 6527, 7373]","[643, 6237, 6039, 4869, 6527, 7373, 4395]",6
7662,1914,"[8296, 8420, 9726, 5241]","[7662, 8296, 8420, 9726, 5241, 1914]",5
438,6239,"[3889, 4622, 5787, 9300, 2488]","[438, 3889, 4622, 5787, 9300, 2488, 6239]",6
4218,8707,"[7351, 8649]","[4218, 7351, 8649, 8707]",3
8023,1500,"[9586, 9633, 3508, 7246, 7202]","[8023, 9586, 9633, 3508, 7246, 7202, 1500]",6
8259,8777,"[4737, 557, 10136, 5887, 8010]","[8259, 4737, 557, 10136, 5887, 8010, 8777]",6
7151,10157,"[9300, 5297, 8634]","[7151, 9300, 5297, 8634, 10157]",4
8327,3153,"[9213, 2619, 7966, 2994]","[8327, 9213, 2619, 7966, 2994, 3153]",5
2644,1533,"[2234, 9681, 7348, 8846, 10192]","[2644, 2234, 9681, 7348, 8846, 10192, 1533]",6
3756,2127,"[6311, 10055, 6069]","[3756, 6311, 10055, 6069, 2127]",4
3478,8909,"[86, 3206]","[3478, 86, 3206, 8909]",3
8947,8623,"[9780, 7167]","[8947, 9780, 7167, 8623]",3
2097,285,"[5417, 7671, 8434, 1359]","[2097, 5417, 7671, 8434, 1359, 285]",5
6737,1120,"[6742, 3632, 9126, 1061]","[6737, 6742, 3632, 9126, 1061, 1120]",5
1397,1270,"[7608, 4342, 5092]","[1397, 7608, 4342, 5092, 1270]",4
5707,3145,"[9204, 9119, 7424, 7416, 1718]","[5707, 9204, 9119, 7424, 7416, 1718, 3145]",6
7140,1969,"[8513, 9837, 4175, 9079, 2489]","[7140, 8513, 9837, 4175, 9079, 2489, 1969]",6
5559,8296,"[3250, 136, 283, 8311]","[5559, 3250, 136, 283, 8311, 8296]",5
3989,3175,"[10015, 960, 3545, 5482, 9529]","[3989, 10015, 960, 3545, 5482, 9529, 3175]",6
2802,5083,"[7299, 9921, 10149]","[2802, 7299, 9921, 10149, 5083]",4
1746,7073,"[812, 3523, 5636]","[1746, 812, 3523, 5636, 7073]",4
1988,7885,"[9773, 9529, 923, 70, 6494]","[1988, 9773, 9529, 923, 70, 6494, 7885]",6
8311,9093,"[367, 9678]","[8311, 367, 9678, 9093]",3
8615,2356,"[2893, 5241, 3689, 7348, 4741]","[8615, 2893, 5241, 3689, 7348, 4741, 2356]",6
5092,8846,"[9739, 5246, 10141]","[5092, 9739, 5246, 10141, 8846]",4
9619,8587,"[8750, 9779, 5197, 8739]","[9619, 8750, 9779, 5197, 8739, 8587]",5
3079,3736,"[311, 17, 3355, 4633]","[3079, 311, 17, 3355, 4633, 3736]",5
4507,7277,"[4771, 6433, 6716]","[4507, 4771, 6433, 6716, 7277]",4
877,8104,"[875, 4342]","[877, 875, 4342, 8104]",3
1167,9052,"[3895, 6758, 8465, 4895, 4287]","[1167, 3895, 6758, 8465, 4895, 4287, 9052]",6
9902,1729,"[246, 5197, 4921, 4928, 6049]","[9902, 246, 5197, 4921, 4928, 6049, 1729]",6
1500,6182,"[5229, 560, 4638, 5897]","[1500, 5229, 560, 4638, 5897, 6182]",5
6560,10044,"[960, 9047, 5201, 1494, 84]","[6560, 960, 9047, 5201, 1494, 84, 10044]",6
1071,5633,"[2788, 8372, 8580, 8881, 3873]","[1071, 2788, 8372, 8580, 8881, 3873, 5633]",6
9357,8412,"[4175, 1494, 8586, 1211, 6213]","[9357, 4175, 1494, 8586, 1211, 6213, 8412]",6
3816,6836,"[5417, 9304, 5741, 9204]","[3816, 5417, 9304, 5741, 9204, 6836]",5
9049,3632,"[3666, 5505, 10175]","[9049, 3666, 5505, 10175, 3632]",4
8463,10196,"[574, 4476, 7339, 7392]","[8463, 574, 4476, 7339, 7392, 10196]",5
5053,652,"[7085, 8296, 9102, 9685]","[5053, 7085, 8296, 9102, 9685, 652]",5
5398,8787,"[8644, 7367]","[5398, 8644, 7367, 8787]",3
8093,9484,"[8685, 9513, 6191, 6976, 5967]","[8093, 8685, 9513, 6191, 6976, 5967, 9484]",6
10051,7499,"[3544, 8540, 3292]","[10051, 3544, 8540, 3292, 7499]",4
3400,5027,"[1133, 2606, 2142]","[3400, 1133, 2606, 2142, 5027]",4
8977,2180,"[10078, 10140]","[8977, 10078, 10140, 2180]",3
748,9957,"[5645, 6691, 967, 8104, 9187]","[748, 5645, 6691, 967, 8104, 9187, 9957]",6
9785,9690,"[8691, 3769, 5257, 6475, 7647]","[9785, 8691, 3769, 5257, 6475, 7647, 9690]",6
1914,6905,"[3339, 10167, 1835, 2788]","[1914, 3339, 10167, 1835, 2788, 6905]",5
1061,3703,"[652, 8107, 1914, 8486, 9075]","[1061, 652, 8107, 1914, 8486, 9075, 3703]",6
2990,2755,"[9929, 8679, 1217, 2398]","[2990, 9929, 8679, 1217, 2398, 2755]",5
6028,7373,"[2324, 5099]","[6028, 2324, 5099, 7373]",3
2141,9092,"[9300, 9792, 3892, 7061, 7270]","[2141, 9300, 9792, 3892, 7061, 7270, 9092]",6
1682,1816,"[3892, 8733]","[1682, 3892, 8733, 1816]",3
5316,8540,"[8606, 9682, 8663]","[5316, 8606, 9682, 8663, 8540]",4
5009,10088,"[8964, 9096, 9406]","[5009, 8964, 9096, 9406, 10088]",4
4040,2391,"[7788, 3632, 9126, 2991, 3314]","[4040, 7788, 3632, 9126, 2991, 3314, 2391]",6
5265,4755,"[8337, 8780, 5881, 1647]","[5265, 8337, 8780, 5881, 1647, 4755]",5
3841,6433,"[8082, 4633]","[3841, 8082, 4633, 6433]",3
1010,10158,"[3041, 5682]","[1010, 3041, 5682, 10158]",3
3975,9705,"[2379, 2416, 7445, 5645]","[3975, 2379, 2416, 7445, 5645, 9705]",5
4755,10102,"[1369, 2277, 4360, 3694, 9071]","[4755, 1369, 2277, 4360, 3694, 9071, 10102]",6
5918,2762,"[7979, 5944, 2358, 3733, 8654]","[5918, 7979, 5944, 2358, 3733, 8654, 2762]",6
3788,7723,"[7316, 7806, 7087]","[3788, 7316, 7806, 7087, 7723]",4
4957,3096,"[7981, 8949]","[4957, 7981, 8949, 3096]",3
4201,3531,"[5925, 1393, 7777]","[4201, 5925, 1393, 7777, 3531]",4
7885,10107,"[9469, 5615]","[7885, 9469, 5615, 10107]",3
5676,1533,"[3055, 3344, 9530]","[5676, 3055, 3344, 9530, 1533]",4
9933,8835,"[7176, 5417, 7385, 2379, 3339]","[9933, 7176, 5417, 7385, 2379, 3339, 8835]",6
2059,5565,"[4938, 9430, 5452]","[2059, 4938, 9430, 5452, 5565]",4
9802,6491,"[8663, 8366, 328]","[9802, 8663, 8366, 328, 6491]",4
5251,4975,"[10064, 9758, 5853, 7249]","[5251, 10064, 9758, 5853, 7249, 4975]",5
3116,4476,"[9318, 10065]","[3116, 9318, 10065, 4476]",3
8080,4399,"[8396, 9914]","[8080, 8396, 9914, 4399]",3
6467,311,"[3314, 4659]","[6467, 3314, 4659, 311]",3
5960,9660,"[3167, 2603, 9057]","[5960, 3167, 2603, 9057, 9660]",4
8891,8217,"[3632, 644, 3032, 7437]","[8891, 3632, 644, 3032, 7437, 8217]",5
142,9472,"[1207, 6279, 7569, 7688, 7703]","[142, 1207, 6279, 7569, 7688, 7703, 9472]",6
1880,4725,"[4956, 5353, 9047, 7930, 563]","[1880, 4956, 5353, 9047, 7930, 563, 4725]",6
4779,3113,"[5027, 2893]","[4779, 5027, 2893, 3113]",3
4237,8966,"[4808, 6296]","[4237, 4808, 6296, 8966]",3
6093,3315,"[9961, 9486, 5252, 5955, 8321]","[6093, 9961, 9486, 5252, 5955, 8321, 3315]",6
2374,3285,"[5017, 4790]","[2374, 5017, 4790, 3285]",3
3108,1791,"[3678, 5019, 6590]","[3108, 3678, 5019, 6590, 1791]",4
5105,2098,"[2332, 3113]","[5105, 2332, 3113, 2098]",3
3207,9571,"[7220, 7908]","[3207, 7220, 7908, 9571]",3
4756,8347,"[9227, 9300, 10119, 8296]","[4756, 9227, 9300, 10119, 8296, 8347]",5
305,8210,"[5632, 8975, 7563, 3714]","[305, 5632, 8975, 7563, 3714, 8210]",5
2210,7684,"[4785, 5408, 3646, 6807, 8099]","[2210, 4785, 5408, 3646, 6807, 8099, 7684]",6
1624,4292,"[1948, 7371, 9088, 9310, 2893]","[1624, 1948, 7371, 9088, 9310, 2893, 4292]",6
1337,10023,"[9878, 10186, 2701]","[1337, 9878, 10186, 2701, 10023]",4
2044,9071,"[7143, 7238, 8148, 3956, 6295]","[2044, 7143, 7238, 8148, 3956, 6295, 9071]",6
5296,7563,"[7982, 8524, 9699, 5684, 9806]","[5296, 7982, 8524, 9699, 5684, 9806, 7563]",6
928,1891,"[2684, 7700, 5040, 4602, 9506]","[928, 2684, 7700, 5040, 4602, 9506, 1891]",6
8870,1358,"[7011, 8940, 1729, 8512]","[8870, 7011, 8940, 1729, 8512, 1358]",5
8298,9518,"[8360, 5109]","[8298, 8360, 5109, 9518]",3
157,8055,"[3670, 5000, 6477, 7803]","[157, 3670, 5000, 6477, 7803, 8055]",5
9534,10196,"[10094, 10156]","[9534, 10094, 10156, 10196]",3
8346,7129,"[9175, 234, 3736, 5896]","[8346, 9175, 234, 3736, 5896, 7129]",5
5958,3704,"[4026, 5241, 9995]","[5958, 4026, 5241, 9995, 3704]",4
7382,10081,"[8098, 9035]","[7382, 8098, 9035, 10081]",3
6295,1781,"[7159, 5150, 4741]","[6295, 7159, 5150, 4741, 1781]",4
2792,5748,"[8119, 3632, 644, 22]","[2792, 8119, 3632, 644, 22, 5748]",5
272,201,"[4501, 5912, 2998, 9601]","[272, 4501, 5912, 2998, 9601, 201]",5
4593,9792,"[9089, 1086, 3957, 5906, 6802]","[4593, 9089, 1086, 3957, 5906, 6802, 9792]",6
8556,8933,"[9160, 8250, 451, 6499, 9931]","[8556, 9160, 8250, 451, 6499, 9931, 8933]",6
9811,7483,"[8918, 6204]","[9811, 8918, 6204, 7483]",3
8202,9634,"[9122, 9615]","[8202, 9122, 9615, 9634]",3
3251,9977,"[7416, 8444, 10168, 4335, 8266]","[3251, 7416, 8444, 10168, 4335, 8266, 9977]",6
9839,10015,"[9349, 9598, 9963, 311, 7445]","[9839, 9349, 9598, 9963, 311, 7445, 10015]",6
8826,10196,"[9035, 9966, 10156]","[8826, 9035, 9966, 10156, 10196]",4
43,8396,"[101, 3291]","[43, 101, 3291, 8396]",3
8014,738,"[9840, 9916, 10140, 2180, 6982]","[8014, 9840, 9916, 10140, 2180, 6982, 738]",6
9511,9898,"[6451, 2619]","[9511, 6451, 2619, 9898]",3
8573,9828,"[814, 2356, 7522, 9912]","[8573, 814, 2356, 7522, 9912, 9828]",5
363,7335,"[6848, 10110, 10147]","[363, 6848, 10110, 10147, 7335]",4
1100,2153,"[2467, 3263]","[1100, 2467, 3263, 2153]",3
6749,9098,"[8122, 8679]","[6749, 8122, 8679, 9098]",3
9448,8540,"[106, 3553, 8039, 8204]","[9448, 106, 3553, 8039, 8204, 8540]",5
338,93,"[8006, 8945, 1166]","[338, 8006, 8945, 1166, 93]",4
7349,9822,"[7918, 9697, 6715, 7241]","[7349, 7918, 9697, 6715, 7241, 9822]",5
7995,7150,"[9946, 2066]","[7995, 9946, 2066, 7150]",3
9876,5295,"[7405, 5027, 7006, 3596, 4779]","[9876, 7405, 5027, 7006, 3596, 4779, 5295]",6
184,3962,"[5374, 2570]","[184, 5374, 2570, 3962]",3
5043,9327,"[3632, 643, 10126, 4386]","[5043, 3632, 643, 10126, 4386, 9327]",5
4119,3632,"[6877, 8940, 5253, 4347, 6574]","[4119, 6877, 8940, 5253, 4347, 6574, 3632]",6
8185,485,"[8540, 9631, 4896, 5405, 9519]","[8185, 8540, 9631, 4896, 5405, 9519, 485]",6
6819,8625,"[6604, 8538, 10157, 4172]","[6819, 6604, 8538, 10157, 4172, 8625]",5
4990,966,"[9565, 5215]","[4990, 9565, 5215, 966]",3
2094,5030,"[6033, 9788, 10044, 4175, 4005]","[2094, 6033, 9788, 10044, 4175, 4005, 5030]",6
1371,4830,"[3256, 8296]","[1371, 3256, 8296, 4830]",3
5298,1152,"[6124, 643, 1190, 9816]","[5298, 6124, 643, 1190, 9816, 1152]",5
6001,10066,"[7399, 9313]","[6001, 7399, 9313, 10066]",3
1182,7863,"[8104, 3478, 1914]","[1182, 8104, 3478, 1914, 7863]",4
4313,4920,"[5530, 876, 246, 9423, 6220]","[4313, 5530, 876, 246, 9423, 6220, 4920]",6
5632,9773,"[7318, 8224, 8393, 9209]","[5632, 7318, 8224, 8393, 9209, 9773]",5
6847,4415,"[6798, 8685, 1123, 6039, 4405]","[6847, 6798, 8685, 1123, 6039, 4405, 4415]",6
426,8892,"[7512, 1177]","[426, 7512, 1177, 8892]",3
3866,2332,"[5099, 2934, 441, 311, 4033]","[3866, 5099, 2934, 441, 311, 4033, 2332]",6
6312,5973,"[6542, 7654, 9563, 2935]","[6312, 6542, 7654, 9563, 2935, 5973]",5
5797,5881,"[4100, 7276]","[5797, 4100, 7276, 5881]",3
5613,2044,"[4638, 9688, 4637]","[5613, 4638, 9688, 4637, 2044]",4
2,9529,"[738, 7519, 8133, 9377]","[2, 738, 7519, 8133, 9377, 9529]",5
3696,4018,"[8093, 9046, 3117]","[3696, 8093, 9046, 3117, 4018]",4
5321,9031,"[7359, 7634]","[5321, 7359, 7634, 9031]",3
9748,7575,"[4494, 7770, 1533]","[9748, 4494, 7770, 1533, 7575]",4
727,21,"[9762, 3949, 9098, 8255]","[727, 9762, 3949, 9098, 8255, 21]",5
6583,401,"[6046, 7255, 1176, 8296, 1228]","[6583, 6046, 7255, 1176, 8296, 1228, 401]",6
4879,10117,"[3454, 9877, 4119]","[4879, 3454, 9877, 4119, 10117]",4
1409,5417,"[8125, 9512]","[1409, 8125, 9512, 5417]",3
6870,7871,"[6353, 4879, 392, 2046]","[6870, 6353, 4879, 392, 2046, 7871]",5
5038,6056,"[7213, 3339, 6582]","[5038, 7213, 3339, 6582, 6056]",4
8803,9504,"[9726, 9884, 6893, 5417, 9126]","[8803, 9726, 9884, 6893, 5417, 9126, 9504]",6
7742,9881,"[9313, 5238]","[7742, 9313, 5238, 9881]",3
914,7737,"[3328, 6822, 3736, 1494]","[914, 3328, 6822, 3736, 1494, 7737]",5
8649,10140,"[9015, 10078]","[8649, 9015, 10078, 10140]",3
195,4836,"[9096, 9406, 5047, 5534, 5080]","[195, 9096, 9406, 5047, 5534, 5080, 4836]",6
6451,2210,"[8454, 5417, 9304, 5944]","[6451, 8454, 5417, 9304, 5944, 2210]",5
2186,9914,"[9505, 5417, 7827, 9796]","[2186, 9505, 5417, 7827, 9796, 9914]",5
9698,8466,"[5534, 796]","[9698, 5534, 796, 8466]",3
3790,1787,"[6859, 9848, 855]","[3790, 6859, 9848, 855, 1787]",4
3807,9665,"[6277, 4476, 4559, 9613]","[3807, 6277, 4476, 4559, 9613, 9665]",5
1842,3058,"[4813, 6337, 9560, 9009, 1171]","[1842, 4813, 6337, 9560, 9009, 1171, 3058]",6
5312,9955,"[4702, 8288]","[5312, 4702, 8288, 9955]",3
8005,9443,"[8948, 6519, 3336, 7194, 8020]","[8005, 8948, 6519, 3336, 7194, 8020, 9443]",6
5848,3736,"[6380, 8509, 1307, 3179, 9392]","[5848, 6380, 8509, 1307, 3179, 9392, 3736]",6
8001,10184,"[8073, 1786, 7735, 4949]","[8001, 8073, 1786, 7735, 4949, 10184]",5
9157,595,"[4476, 6982, 7439, 7524]","[9157, 4476, 6982, 7439, 7524, 595]",5
8018,8116,"[8948, 10175, 1086]","[8018, 8948, 10175, 1086, 8116]",4
5906,8867,"[6779, 9729, 1885]","[5906, 6779, 9729, 1885, 8867]",4
6809,204,"[9048, 6678, 7723, 10059]","[6809, 9048, 6678, 7723, 10059, 204]",5
7020,5304,"[7126, 9328]","[7020, 7126, 9328, 5304]",3
7296,4492,"[832, 3224]","[7296, 832, 3224, 4492]",3
1736,8296,"[1827, 4304]","[1736, 1827, 4304, 8296]",3
494,9926,"[3418, 8341, 9487, 9728]","[494, 3418, 8341, 9487, 9728, 9926]",5
6961,1627,"[8958, 9430]","[6961, 8958, 9430, 1627]",3
815,9022,"[4212, 7364, 7804]","[815, 4212, 7364, 7804, 9022]",4
2208,6705,"[3740, 9415, 1816]","[2208, 3740, 9415, 1816, 6705]",4
7445,7723,"[6902, 4579, 1273, 3574, 9705]","[7445, 6902, 4579, 1273, 3574, 9705, 7723]",6
6953,9128,"[8552, 10021, 5417]","[6953, 8552, 10021, 5417, 9128]",4
1887,1494,"[1833, 9514, 5972]","[1887, 1833, 9514, 5972, 1494]",4
2515,6836,"[3539, 4792, 4950]","[2515, 3539, 4792, 4950, 6836]",4
1246,2223,"[6236, 6966, 8966, 9608, 6720]","[1246, 6236, 6966, 8966, 9608, 6720, 2223]",6
2506,6146,"[4439, 966, 5436]","[2506, 4439, 966, 5436, 6146]",4
8190,5099,"[9581, 3632, 644, 6159]","[8190, 9581, 3632, 644, 6159, 5099]",5
3518,8862,"[2267, 2934, 7954, 9576, 2768]","[3518, 2267, 2934, 7954, 9576, 2768, 8862]",6
2589,2605,"[8959, 7955, 2598, 2893, 2412]","[2589, 8959, 7955, 2598, 2893, 2412, 2605]",6
5839,3153,"[5248, 311, 5417, 7499]","[5839, 5248, 311, 5417, 7499, 3153]",5
1873,8918,"[5809, 3529]","[1873, 5809, 3529, 8918]",3
4653,8296,"[7391, 9609]","[4653, 7391, 9609, 8296]",3
1287,6566,"[4832, 1148]","[1287, 4832, 1148, 6566]",3
1757,1008,"[4932, 8104]","[1757, 4932, 8104, 1008]",3
4572,8006,"[8125, 9512, 6678, 1914]","[4572, 8125, 9512, 6678, 1914, 8006]",5
4112,5720,"[8752, 1914]","[4112, 8752, 1914, 5720]",3
2659,5253,"[5480, 9993, 5534]","[2659, 5480, 9993, 5534, 5253]",4
4766,9778,"[7784, 8508, 8829]","[4766, 7784, 8508, 8829, 9778]",4
8825,7685,"[10185, 2347, 7394, 392]","[8825, 10185, 2347, 7394, 392, 7685]",5
84,7700,"[285, 9206]","[84, 285, 9206, 7700]",3
3458,643,"[9037, 3632]","[3458, 9037, 3632, 643]",3
1283,8634,"[8836, 2933, 7760]","[1283, 8836, 2933, 7760, 8634]",4
6645,4830,"[8209, 4342, 7106, 7728, 9439]","[6645, 8209, 4342, 7106, 7728, 9439, 4830]",6
8004,9795,"[8439, 9355, 2933]","[8004, 8439, 9355, 2933, 9795]",4
4029,3760,"[6110, 7999]","[4029, 6110, 7999, 3760]",3
2386,5288,"[6155, 3487, 559]","[2386, 6155, 3487, 559, 5288]",4
3417,2328,"[9601, 2395, 7089]","[3417, 9601, 2395, 7089, 2328]",4
4373,2300,"[10110, 6780]","[4373, 10110, 6780, 2300]",3
2948,4753,"[8480, 5944, 2893, 4746]","[2948, 8480, 5944, 2893, 4746, 4753]",5
5304,9079,"[8918, 10083, 6246, 9030, 2998]","[5304, 8918, 10083, 6246, 9030, 2998, 9079]",6
6769,2556,"[7943, 8760]","[6769, 7943, 8760, 2556]",3
2108,6076,"[3175, 9848, 8540, 9427]","[2108, 3175, 9848, 8540, 9427, 6076]",5
7763,8097,"[8105, 8794, 10110, 7692]","[7763, 8105, 8794, 10110, 7692, 8097]",5
5444,1291,"[3099, 6797]","[5444, 3099, 6797, 1291]",3
9072,7538,"[9221, 10021, 5417]","[9072, 9221, 10021, 5417, 7538]",4
1291,9046,"[1317, 6984]","[1291, 1317, 6984, 9046]",3
3957,9065,"[7762, 10146, 5241, 6737]","[3957, 7762, 10146, 5241, 6737, 9065]",5
59,1710,"[5468, 8654, 2488]","[59, 5468, 8654, 2488, 1710]",4
1594,10196,"[9039, 9966, 10094, 10156]","[1594, 9039, 9966, 10094, 10156, 10196]",5
341,8044,"[7001, 8393, 9107, 9300]","[341, 7001, 8393, 9107, 9300, 8044]",5
8916,9469,"[5887, 8842]","[8916, 5887, 8842, 9469]",3
8362,9526,"[1481, 3663, 5917]","[8362, 1481, 3663, 5917, 9526]",4
1480,2619,"[7692, 8574, 1819, 6823, 7297]","[1480, 7692, 8574, 1819, 6823, 7297, 2619]",6
5850,644,"[3649, 3632]","[5850, 3649, 3632, 644]",3
1244,7369,"[7955, 1959]","[1244, 7955, 1959, 7369]",3
2388,7700,"[3029, 8887]","[2388, 3029, 8887, 7700]",3
3628,704,"[4470, 3831]","[3628, 4470, 3831, 704]",3
5516,5750,"[1558, 8446, 6870, 2277, 6376]","[5516, 1558, 8446, 6870, 2277, 6376, 5750]",6
5894,10196,"[10081, 10140]","[5894, 10081, 10140, 10196]",3
3539,9211,"[4146, 9428, 5875]","[3539, 4146, 9428, 5875, 9211]",4
3516,10110,"[2619, 6558, 8896]","[3516, 2619, 6558, 8896, 10110]",4
5179,5645,"[5505, 5547]","[5179, 5505, 5547, 5645]",3
2240,3741,"[5133, 8775]","[2240, 5133, 8775, 3741]",3
39,10058,"[5876, 6564]","[39, 5876, 6564, 10058]",3
3651,8173,"[5017, 5239, 5735, 3937, 6215]","[3651, 5017, 5239, 5735, 3937, 6215, 8173]",6
5476,9991,"[10089, 6502, 8140, 2177]","[5476, 10089, 6502, 8140, 2177, 9991]",5
1180,3805,"[8334, 9066, 4551, 5814, 263]","[1180, 8334, 9066, 4551, 5814, 263, 3805]",6
1721,3584,"[7975, 10036, 6220, 5036]","[1721, 7975, 10036, 6220, 5036, 3584]",5
7158,5594,"[7314, 7593, 6729, 5579]","[7158, 7314, 7593, 6729, 5579, 5594]",5
1608,8540,"[9377, 3598, 4678, 6853]","[1608, 9377, 3598, 4678, 6853, 8540]",5
3117,6344,"[5005, 5151, 5197]","[3117, 5005, 5151, 5197, 6344]",4
8136,8480,"[9751, 3632]","[8136, 9751, 3632, 8480]",3
4599,76,"[6748, 6905, 8824, 1811, 9046]","[4599, 6748, 6905, 8824, 1811, 9046, 76]",6
3513,7273,"[4909, 5251, 6179, 6816]","[3513, 4909, 5251, 6179, 6816, 7273]",5
8504,1273,"[10110, 7140, 7569, 8888]","[8504, 10110, 7140, 7569, 8888, 1273]",5
8590,8038,"[3912, 7563]","[8590, 3912, 7563, 8038]",3
9929,4343,"[10001, 10061]","[9929, 10001, 10061, 4343]",3
456,9790,"[6069, 7582, 7698, 8404]","[456, 6069, 7582, 7698, 8404, 9790]",5
6813,786,"[8768, 8873, 3582]","[6813, 8768, 8873, 3582, 786]",4
2890,3571,"[5786, 4637, 2784, 1438]","[2890, 5786, 4637, 2784, 1438, 3571]",5
5826,8750,"[2639, 9608, 1914, 8556, 796]","[5826, 2639, 9608, 1914, 8556, 796, 8750]",6
7436,10059,"[9636, 9897, 10190]","[7436, 9636, 9897, 10190, 10059]",4
7277,9048,"[4871, 555]","[7277, 4871, 555, 9048]",3
7310,1914,"[4921, 652, 10097, 6678]","[7310, 4921, 652, 10097, 6678, 1914]",5
2467,5534,"[5846, 2669, 151]","[2467, 5846, 2669, 151, 5534]",4
4665,2271,"[2997, 10168, 8104, 8681, 5307]","[4665, 2997, 10168, 8104, 8681, 5307, 2271]",6
8002,9390,"[106, 8750]","[8002, 106, 8750, 9390]",3
3083,9927,"[3897, 5324, 3047]","[3083, 3897, 5324, 3047, 9927]",4
4786,675,"[4665, 560, 8119]","[4786, 4665, 560, 8119, 675]",4
5901,2395,"[8152, 4670, 6970, 9634, 2313]","[5901, 8152, 4670, 6970, 9634, 2313, 2395]",6
9822,6249,"[4806, 7241, 8959]","[9822, 4806, 7241, 8959, 6249]",4
4164,10015,"[7682, 1703, 6867, 8504, 9022]","[4164, 7682, 1703, 6867, 8504, 9022, 10015]",6
2698,913,"[3997, 5257, 3113]","[2698, 3997, 5257, 3113, 913]",4
123,652,"[2944, 9440]","[123, 2944, 9440, 652]",3
7797,1575,"[8888, 4175, 3983, 5176, 9124]","[7797, 8888, 4175, 3983, 5176, 9124, 1575]",6
2604,4104,"[8348, 9601, 71, 421]","[2604, 8348, 9601, 71, 421, 4104]",5
1524,7955,"[2398, 5083, 5614]","[1524, 2398, 5083, 5614, 7955]",4
3717,9816,"[8479, 7979, 8556, 7827, 2601]","[3717, 8479, 7979, 8556, 7827, 2601, 9816]",6
19,4405,"[407, 8820, 2934, 8321, 1578]","[19, 407, 8820, 2934, 8321, 1578, 4405]",6
889,1959,"[4277, 8508, 9319, 6249, 9454]","[889, 4277, 8508, 9319, 6249, 9454, 1959]",6
9010,9115,"[800, 3873, 643]","[9010, 800, 3873, 643, 9115]",4
1358,6718,"[9022, 9092, 9560, 10174, 8603]","[1358, 9022, 9092, 9560, 10174, 8603, 6718]",6
4217,4033,"[4902, 7900]","[4217, 4902, 7900, 4033]",3
2276,8824,"[8215, 9913, 9951, 8461]","[2276, 8215, 9913, 9951, 8461, 8824]",5
2070,3983,"[10162, 9300, 9525, 7827, 1031]","[2070, 10162, 9300, 9525, 7827, 1031, 3983]",6
3066,9714,"[7568, 2180, 7707, 9511]","[3066, 7568, 2180, 7707, 9511, 9714]",5
4629,5972,"[5880, 8935, 9506, 3487]","[4629, 5880, 8935, 9506, 3487, 5972]",5
4215,4983,"[9046, 3844]","[4215, 9046, 3844, 4983]",3
4853,9743,"[4921, 8253, 9454, 834]","[4853, 4921, 8253, 9454, 834, 9743]",5
5740,5237,"[171, 8148, 4585, 7851, 2020]","[5740, 171, 8148, 4585, 7851, 2020, 5237]",6
3100,7853,"[4218, 5796]","[3100, 4218, 5796, 7853]",3
2278,3584,"[4670, 5752, 7877, 3298]","[2278, 4670, 5752, 7877, 3298, 3584]",5
154,6295,"[994, 5771]","[154, 994, 5771, 6295]",3
7164,3983,"[8715, 9619, 834, 6666, 6555]","[7164, 8715, 9619, 834, 6666, 6555, 3983]",6
2697,10044,"[6574, 6520]","[2697, 6574, 6520, 10044]",3
6561,9779,"[3417, 4104, 8522, 8545, 1759]","[6561, 3417, 4104, 8522, 8545, 1759, 9779]",6
7435,6691,"[9819, 8084, 9815, 4342, 7653]","[7435, 9819, 8084, 9815, 4342, 7653, 6691]",6
5114,1527,"[5241, 2860]","[5114, 5241, 2860, 1527]",3
9851,876,"[4005, 6872]","[9851, 4005, 6872, 876]",3
4637,8148,"[9844, 462, 4788, 1779, 5761]","[4637, 9844, 462, 4788, 1779, 5761, 8148]",6
8763,8217,"[8821, 9947, 487, 6627]","[8763, 8821, 9947, 487, 6627, 8217]",5
5046,2466,"[3441, 3023, 2867]","[5046, 3441, 3023, 2867, 2466]",4
2191,9373,"[1350, 8452, 3544, 9195, 7979]","[2191, 1350, 8452, 3544, 9195, 7979, 9373]",6
4411,10196,"[9032, 9855, 9944, 10156]","[4411, 9032, 9855, 9944, 10156, 10196]",5
6122,9817,"[8366, 6780, 4630]","[6122, 8366, 6780, 4630, 9817]",4
5150,4866,"[9579, 7770, 675, 1311]","[5150, 9579, 7770, 675, 1311, 4866]",5
4055,3691,"[8504, 7335, 2202, 5860]","[4055, 8504, 7335, 2202, 5860, 3691]",5
3383,311,"[5238, 2675, 461, 8321]","[3383, 5238, 2675, 461, 8321, 311]",5
4280,8824,"[6670, 8949, 9760]","[4280, 6670, 8949, 9760, 8824]",4
918,8831,"[7700, 1578, 626, 3292, 7949]","[918, 7700, 1578, 626, 3292, 7949, 8831]",6
5022,9763,"[6690, 7285]","[5022, 6690, 7285, 9763]",3
8354,10186,"[8529, 9689, 4976, 8791, 9850]","[8354, 8529, 9689, 4976, 8791, 9850, 10186]",6
8613,9126,"[9471, 1107, 2166, 10175, 3632]","[8613, 9471, 1107, 2166, 10175, 3632, 9126]",6
2358,7568,"[1914, 2090, 6355]","[2358, 1914, 2090, 6355, 7568]",4
8524,1356,"[9908, 8250, 5241]","[8524, 9908, 8250, 5241, 1356]",4
9118,9894,"[2208, 8140, 8763]","[9118, 2208, 8140, 8763, 9894]",4
8464,505,"[283, 1492, 5241, 2250]","[8464, 283, 1492, 5241, 2250, 505]",5
5478,5944,"[8639, 9608, 3769, 74]","[5478, 8639, 9608, 3769, 74, 5944]",5
8010,5875,"[2379, 3078, 8818]","[8010, 2379, 3078, 8818, 5875]",4
7835,1786,"[8847, 8442, 9489]","[7835, 8847, 8442, 9489, 1786]",4
9970,5417,"[6082, 8464]","[9970, 6082, 8464, 5417]",3
5311,10006,"[9918, 6539, 8966]","[5311, 9918, 6539, 8966, 10006]",4
3747,2028,"[5116, 8055, 8399]","[3747, 5116, 8055, 8399, 2028]",4
1090,56,"[5036, 3047, 10152]","[1090, 5036, 3047, 10152, 56]",4
5202,3340,"[9120, 5696, 10171, 3714, 5707]","[5202, 9120, 5696, 10171, 3714, 5707, 3340]",6
1677,6295,"[3400, 9526, 5327]","[1677, 3400, 9526, 5327, 6295]",4
8701,4814,"[9454, 45, 7552, 9052, 4615]","[8701, 9454, 45, 7552, 9052, 4615, 4814]",6
7777,5417,"[8056, 9120, 3321]","[7777, 8056, 9120, 3321, 5417]",4
5257,9805,"[1562, 5827, 4991, 9377]","[5257, 1562, 5827, 4991, 9377, 9805]",5
5543,2893,"[9917, 4233, 1497, 2221, 9848]","[5543, 9917, 4233, 1497, 2221, 9848, 2893]",6
7312,3632,"[2416, 6583, 8853]","[7312, 2416, 6583, 8853, 3632]",4
1562,3712,"[5067, 5620, 1914]","[1562, 5067, 5620, 1914, 3712]",4
8045,454,"[9678, 2934, 8668, 225, 9373]","[8045, 9678, 2934, 8668, 225, 9373, 454]",6
9961,6070,"[8378, 1369, 560, 3825]","[9961, 8378, 1369, 560, 3825, 6070]",5
1214,311,"[9913, 9963]","[1214, 9913, 9963, 311]",3
2184,9869,"[2571, 3678, 1875, 6168]","[2184, 2571, 3678, 1875, 6168, 9869]",5
4732,8149,"[6771, 7310, 7574]","[4732, 6771, 7310, 7574, 8149]",4
8912,5530,"[3324, 8873, 8797, 2893]","[8912, 3324, 8873, 8797, 2893, 5530]",5
2023,8640,"[4948, 9518, 9690, 6849]","[2023, 4948, 9518, 9690, 6849, 8640]",5
4902,2516,"[1628, 2260, 7714]","[4902, 1628, 2260, 7714, 2516]",4
4773,9944,"[8575, 9840]","[4773, 8575, 9840, 9944]",3
8881,7506,"[3873, 7248]","[8881, 3873, 7248, 7506]",3
6761,9644,"[9598, 9638]","[6761, 9598, 9638, 9644]",3
8109,9656,"[9015, 9035]","[8109, 9015, 9035, 9656]",3
3566,2446,"[6541, 8712, 9603]","[3566, 6541, 8712, 9603, 2446]",4
8960,5750,"[10137, 2007, 9560]","[8960, 10137, 2007, 9560, 5750]",4
4278,5853,"[1570, 5707]","[4278, 1570, 5707, 5853]",3
7647,5461,"[4577, 3339, 8726, 2179]","[7647, 4577, 3339, 8726, 2179, 5461]",5
941,9715,"[2105, 9598]","[941, 2105, 9598, 9715]",3
8668,2086,"[1578, 9895, 9527, 276]","[8668, 1578, 9895, 9527, 276, 2086]",5
9908,1690,"[8250, 660]","[9908, 8250, 660, 1690]",3
6853,7395,"[9127, 3591, 4970, 6326, 6489]","[6853, 9127, 3591, 4970, 6326, 6489, 7395]",6
6355,7901,"[10005, 4879]","[6355, 10005, 4879, 7901]",3
10083,9331,"[9338, 6782, 4928, 3545, 5944]","[10083, 9338, 6782, 4928, 3545, 5944, 9331]",6
4659,10167,"[2908, 3632, 9126, 97, 9303]","[4659, 2908, 3632, 9126, 97, 9303, 10167]",6
3597,84,"[8286, 7700]","[3597, 8286, 7700, 84]",3
3418,3095,"[3944, 9194, 10119, 1984, 7979]","[3418, 3944, 9194, 10119, 1984, 7979, 3095]",6
4448,5042,"[6567, 8428, 10048]","[4448, 6567, 8428, 10048, 5042]",4
5462,9941,"[9249, 9373, 3945, 3995, 6397]","[5462, 9249, 9373, 3945, 3995, 6397, 9941]",6
5489,3487,"[7094, 3049, 5881]","[5489, 7094, 3049, 5881, 3487]",4
7263,10196,"[9534, 10102]","[7263, 9534, 10102, 10196]",3
8545,6784,"[555, 1322, 7926, 1759, 5965]","[8545, 555, 1322, 7926, 1759, 5965, 6784]",6
7416,2411,"[9392, 9468, 7762, 8573, 1111]","[7416, 9392, 9468, 7762, 8573, 1111, 2411]",6
8810,8388,"[1111, 4260, 7871, 813, 6032]","[8810, 1111, 4260, 7871, 813, 6032, 8388]",6
8583,7979,"[9829, 8296, 9461]","[8583, 9829, 8296, 9461, 7979]",4
9251,8940,"[6624, 423, 9135, 1996, 5200]","[9251, 6624, 423, 9135, 1996, 5200, 8940]",6
1685,644,"[876, 2972, 6720, 6924, 3632]","[1685, 876, 2972, 6720, 6924, 3632, 644]",6
9796,7093,"[5241, 6347, 5047, 7373, 6191]","[9796, 5241, 6347, 5047, 7373, 6191, 7093]",6
9890,4771,"[884, 1732, 8732, 9698, 5534]","[9890, 884, 1732, 8732, 9698, 5534, 4771]",6
895,505,"[5133, 6397, 9992, 10046, 8888]","[895, 5133, 6397, 9992, 10046, 8888, 505]",6
5331,5582,"[7900, 3113, 364]","[5331, 7900, 3113, 364, 5582]",4
7137,6086,"[3224, 7428, 7629, 9543, 8660]","[7137, 3224, 7428, 7629, 9543, 8660, 6086]",6
9997,9791,"[10167, 8501]","[9997, 10167, 8501, 9791]",3
1983,8935,"[3199, 3375, 6824]","[1983, 3199, 3375, 6824, 8935]",4
2215,9036,"[5462, 8296, 8347]","[2215, 5462, 8296, 8347, 9036]",4
4145,4788,"[2127, 3156, 8330, 8873, 9884]","[4145, 2127, 3156, 8330, 8873, 9884, 4788]",6
7866,9612,"[7923, 8296]","[7866, 7923, 8296, 9612]",3
9770,4585,"[1270, 1500, 1832, 5238, 2098]","[9770, 1270, 1500, 1832, 5238, 2098, 4585]",6
9620,4966,"[9843, 6232]","[9620, 9843, 6232, 4966]",3
8738,9881,"[2749, 1417]","[8738, 2749, 1417, 9881]",3
2979,9684,"[10075, 7292, 1053, 9597, 4890]","[2979, 10075, 7292, 1053, 9597, 4890, 9684]",6
2893,8545,"[2379, 4102]","[2893, 2379, 4102, 8545]",3
1783,3632,"[3364, 117, 2412, 9126, 837]","[1783, 3364, 117, 2412, 9126, 837, 3632]",6
6153,2391,"[7723, 3820, 5241, 6678, 9339]","[6153, 7723, 3820, 5241, 6678, 9339, 2391]",6
7213,5881,"[1915, 4755, 7375, 8581]","[7213, 1915, 4755, 7375, 8581, 5881]",5
10188,2957,"[8923, 9010, 9506, 7376, 6461]","[10188, 8923, 9010, 9506, 7376, 6461, 2957]",6
848,9377,"[6898, 1984, 6960, 10195]","[848, 6898, 1984, 6960, 10195, 9377]",5
9186,5965,"[1079, 2460, 5720]","[9186, 1079, 2460, 5720, 5965]",4
268,5615,"[6874, 3820, 1655, 7242, 137]","[268, 6874, 3820, 1655, 7242, 137, 5615]",6
5843,5,"[7543, 9738]","[5843, 7543, 9738, 5]",3
9878,311,"[3179, 7943, 3168, 488, 2040]","[9878, 3179, 7943, 3168, 488, 2040, 311]",6
199,1393,"[7243, 8480]","[199, 7243, 8480, 1393]",3
4991,9822,"[6993, 4926, 3430]","[4991, 6993, 4926, 3430, 9822]",4
3382,9751,"[3588, 8758, 9518]","[3382, 3588, 8758, 9518, 9751]",4
3874,8107,"[8250, 8366, 5594]","[3874, 8250, 8366, 5594, 8107]",4
1973,10196,"[2885, 7631, 9234, 9334, 10081]","[1973, 2885, 7631, 9234, 9334, 10081, 10196]",6
8293,9612,"[9929, 368, 2267, 6779, 8434]","[8293, 9929, 368, 2267, 6779, 8434, 9612]",6
8495,9696,"[9553, 8213, 8706, 9567, 9591]","[8495, 9553, 8213, 8706, 9567, 9591, 9696]",6
3260,1464,"[3892, 401, 6743, 9869, 3844]","[3260, 3892, 401, 6743, 9869, 3844, 1464]",6
7819,8192,"[8005, 8006, 8668, 8698, 7395]","[7819, 8005, 8006, 8668, 8698, 7395, 8192]",6
8187,644,"[8642, 3632]","[8187, 8642, 3632, 644]",3
2027,8417,"[3217, 7701]","[2027, 3217, 7701, 8417]",3
107,9963,"[9430, 1627, 7722]","[107, 9430, 1627, 7722, 9963]",4
4098,6262,"[6037, 9571, 5763, 3209, 4123]","[4098, 6037, 9571, 5763, 3209, 4123, 6262]",6
4505,4411,"[8936, 7424, 8673, 3909]","[4505, 8936, 7424, 8673, 3909, 4411]",5
3176,4837,"[5400, 8649, 10186]","[3176, 5400, 8649, 10186, 4837]",4
7011,6285,"[9880, 6979, 2939, 5866]","[7011, 9880, 6979, 2939, 5866, 6285]",5
5375,8373,"[5803, 6698, 7258]","[5375, 5803, 6698, 7258, 8373]",4
1619,2847,"[3529, 4469, 8348, 8879, 1800]","[1619, 3529, 4469, 8348, 8879, 1800, 2847]",6
7171,3298,"[97, 1213]","[7171, 97, 1213, 3298]",3
8997,3190,"[8296, 10092, 1914]","[8997, 8296, 10092, 1914, 3190]",4
8091,6463,"[4063, 9876]","[8091, 4063, 9876, 6463]",3
1104,10196,"[2909, 9032, 10156]","[1104, 2909, 9032, 10156, 10196]",4
3125,8660,"[7257, 2386, 8250, 9639]","[3125, 7257, 2386, 8250, 9639, 8660]",5
1157,8772,"[5303, 7899, 7979, 7792]","[1157, 5303, 7899, 7979, 7792, 8772]",5
6551,8085,"[6867, 8723, 862]","[6551, 6867, 8723, 862, 8085]",4
3012,3140,"[4850, 5781, 8906]","[3012, 4850, 5781, 8906, 3140]",4
8378,2759,"[5616, 9891]","[8378, 5616, 9891, 2759]",3
8802,10175,"[3487, 9957, 4455, 9989, 10158]","[8802, 3487, 9957, 4455, 9989, 10158, 10175]",6
5869,1896,"[6262, 6968, 3632, 643, 7221]","[5869, 6262, 6968, 3632, 643, 7221, 1896]",6
6791,8232,"[7700, 2446, 5594]","[6791, 7700, 2446, 5594, 8232]",4
4882,9128,"[5406, 5583, 4806, 5417]","[4882, 5406, 5583, 4806, 5417, 9128]",5
3666,4627,"[6850, 9068, 6706, 2519, 4129]","[3666, 6850, 9068, 6706, 2519, 4129, 4627]",6
845,8454,"[4339, 5467]","[845, 4339, 5467, 8454]",3
5701,10196,"[8826, 10081]","[5701, 8826, 10081, 10196]",3
6957,7536,"[8216, 7647, 8125, 8734, 5304]","[6957, 8216, 7647, 8125, 8734, 5304, 7536]",6
4318,4450,"[4625, 3867, 8783]","[4318, 4625, 3867, 8783, 4450]",4
3178,4732,"[7465, 8847, 1894, 1340, 2729]","[3178, 7465, 8847, 1894, 1340, 2729, 4732]",6
1618,9556,"[2466, 2610, 4806, 8704]","[1618, 2466, 2610, 4806, 8704, 9556]",5
2925,9699,"[5494, 7894, 8354, 8696]","[2925, 5494, 7894, 8354, 8696, 9699]",5
1002,960,"[5734, 9892, 5645, 462]","[1002, 5734, 9892, 5645, 462, 960]",5
4777,5228,"[6097, 7179, 7712, 8330, 4728]","[4777, 6097, 7179, 7712, 8330, 4728, 5228]",6
1861,2603,"[3340, 463]","[1861, 3340, 463, 2603]",3
7709,2867,"[5674, 1035]","[7709, 5674, 1035, 2867]",3
6979,7457,"[2638, 5241, 8186, 3199]","[6979, 2638, 5241, 8186, 3199, 7457]",5
3470,137,"[1525, 3082, 9383, 9816]","[3470, 1525, 3082, 9383, 9816, 137]",5
1632,9827,"[9327, 9494]","[1632, 9327, 9494, 9827]",3
5324,4241,"[5902, 328, 9095, 4198, 9560]","[5324, 5902, 328, 9095, 4198, 9560, 4241]",6
7551,74,"[9539, 7595]","[7551, 9539, 7595, 74]",3
3829,311,"[4726, 4857, 8006]","[3829, 4726, 4857, 8006, 311]",4
7881,3407,"[8480, 3339]","[7881, 8480, 3339, 3407]",3
9678,7653,"[1061, 4130, 9927, 3254]","[9678, 1061, 4130, 9927, 3254, 7653]",5
5119,1885,"[6591, 9784, 5352, 8975]","[5119, 6591, 9784, 5352, 8975, 1885]",5
9218,8595,"[8154, 9390, 3024, 9342, 6896]","[9218, 8154, 9390, 3024, 9342, 6896, 8595]",6
465,6701,"[9194, 7393, 6240]","[465, 9194, 7393, 6240, 6701]",4
1697,3835,"[1169, 960, 5499, 7723, 876]","[1697, 1169, 960, 5499, 7723, 876, 3835]",6
3220,6691,"[7685, 2381]","[3220, 7685, 2381, 6691]",3
3195,1998,"[1280, 6385, 311, 715]","[3195, 1280, 6385, 311, 715, 1998]",5
5778,8746,"[1708, 1414, 10026, 394, 4928]","[5778, 1708, 1414, 10026, 394, 4928, 8746]",6
1435,639,"[3712, 571, 6303]","[1435, 3712, 571, 6303, 639]",4
4154,8104,"[193, 2218, 9739]","[4154, 193, 2218, 9739, 8104]",4
4133,7213,"[5301, 9172]","[4133, 5301, 9172, 7213]",3
9301,2840,"[9304, 9996, 3049, 6086]","[9301, 9304, 9996, 3049, 6086, 2840]",5
442,5534,"[8556, 9121, 1152, 5622, 8314]","[442, 8556, 9121, 1152, 5622, 8314, 5534]",6
2466,9902,"[4895, 7242, 2998, 2876, 3695]","[2466, 4895, 7242, 2998, 2876, 3695, 9902]",6
4219,147,"[9826, 643, 283, 4409]","[4219, 9826, 643, 283, 4409, 147]",5
8432,6621,"[6824, 2893, 2867, 5845]","[8432, 6824, 2893, 2867, 5845, 6621]",5
9554,10196,"[8501, 9916, 10078]","[9554, 8501, 9916, 10078, 10196]",4
2636,4830,"[9399, 8780, 1854]","[2636, 9399, 8780, 1854, 4830]",4
209,7966,"[2491, 5940, 3741]","[209, 2491, 5940, 3741, 7966]",4
3354,3653,"[996, 5444, 9861, 3487]","[3354, 996, 5444, 9861, 3487, 3653]",5
349,9327,"[1829, 1865, 3041, 7786, 8327]","[349, 1829, 1865, 3041, 7786, 8327, 9327]",6
4444,9861,"[5396, 9996, 1125]","[4444, 5396, 9996, 1125, 9861]",4
2060,7463,"[7789, 9221, 10021, 1236, 5699]","[2060, 7789, 9221, 10021, 1236, 5699, 7463]",6
5578,4,"[5721, 8396, 8760]","[5578, 5721, 8396, 8760, 4]",4
7615,3892,"[9029, 1465]","[7615, 9029, 1465, 3892]",3
1864,9739,"[1828, 6276, 6220]","[1864, 1828, 6276, 6220, 9739]",4
8597,9282,"[10157, 9393, 9987, 5620, 9065]","[8597, 10157, 9393, 9987, 5620, 9065, 9282]",6
5996,2944,"[7951, 9848, 1791]","[5996, 7951, 9848, 1791, 2944]",4
2075,10081,"[7079, 7092, 8097, 10078]","[2075, 7079, 7092, 8097, 10078, 10081]",5
4172,691,"[9921, 10149, 5083]","[4172, 9921, 10149, 5083, 691]",4
10013,4755,"[4351, 5624, 7059, 5594, 3545]","[10013, 4351, 5624, 7059, 5594, 3545, 4755]",6
9311,7997,"[9895, 1675, 3917]","[9311, 9895, 1675, 3917, 7997]",4
5784,9240,"[8820, 5944, 2047]","[5784, 8820, 5944, 2047, 9240]",4
2041,4371,"[8189, 5859, 1248, 2541]","[2041, 8189, 5859, 1248, 2541, 4371]",5
7022,7827,"[8393, 9209, 5972, 7207]","[7022, 8393, 9209, 5972, 7207, 7827]",5
7061,8250,"[10044, 9821, 7746]","[7061, 10044, 9821, 7746, 8250]",4
645,8673,"[7955, 6580]","[645, 7955, 6580, 8673]",3
4986,8750,"[5071, 9172, 7213, 1753, 9464]","[4986, 5071, 9172, 7213, 1753, 9464, 8750]",6
6981,5181,"[1438, 6233, 8819, 2506]","[6981, 1438, 6233, 8819, 2506, 5181]",5
4195,9160,"[6056, 45, 9914, 1578, 9995]","[4195, 6056, 45, 9914, 1578, 9995, 9160]",6
736,7266,"[5486, 4633, 1562]","[736, 5486, 4633, 1562, 7266]",4
8889,5241,"[10157, 4172, 7859, 9930]","[8889, 10157, 4172, 7859, 9930, 5241]",5
4880,9300,"[9462, 9933, 3741, 8186]","[4880, 9462, 9933, 3741, 8186, 9300]",5
8154,7722,"[6859, 3285]","[8154, 6859, 3285, 7722]",3
3396,5763,"[5468, 51]","[3396, 5468, 51, 5763]",3
2026,9839,"[6466, 4830, 8787, 8817]","[2026, 6466, 4830, 8787, 8817, 9839]",5
8280,9304,"[8389, 9657, 3597, 7563, 9301]","[8280, 8389, 9657, 3597, 7563, 9301, 9304]",6
3840,7792,"[768, 6574]","[3840, 768, 6574, 7792]",3
8868,643,"[9398, 3024]","[8868, 9398, 3024, 643]",3
8347,9533,"[9596, 6426, 8678]","[8347, 9596, 6426, 8678, 9533]",4
1194,1393,"[6188, 6331, 6515, 8364, 9126]","[1194, 6188, 6331, 6515, 8364, 9126, 1393]",6
1280,3919,"[9996, 4571, 10109, 4113, 7979]","[1280, 9996, 4571, 10109, 4113, 7979, 3919]",6
9053,5829,"[3465, 4029]","[9053, 3465, 4029, 5829]",3
6631,652,"[4879, 6590, 10146]","[6631, 4879, 6590, 10146, 652]",4
9039,9322,"[3116, 7052, 8825, 9150, 9221]","[9039, 3116, 7052, 8825, 9150, 9221, 9322]",6
2986,7022,"[10150, 3695, 5252, 6658]","[2986, 10150, 3695, 5252, 6658, 7022]",5
6352,8663,"[8624, 9407, 10185, 2347, 9682]","[6352, 8624, 9407, 10185, 2347, 9682, 8663]",6
8784,4175,"[3632, 643, 3153, 8480]","[8784, 3632, 643, 3153, 8480, 4175]",5
6751,1559,"[9580, 9407, 5238, 4960, 4658]","[6751, 9580, 9407, 5238, 4960, 4658, 1559]",6
3714,2893,"[5241, 626, 4316, 1393]","[3714, 5241, 626, 4316, 1393, 2893]",5
4831,960,"[9126, 1578, 6902, 8864, 876]","[4831, 9126, 1578, 6902, 8864, 876, 960]",6
7902,9944,"[7075, 2842, 8117, 8433, 9275]","[7902, 7075, 2842, 8117, 8433, 9275, 9944]",6
408,6767,"[4286, 5887, 736, 6118]","[408, 4286, 5887, 736, 6118, 6767]",5
5666,3209,"[9012, 3393, 1280, 6574]","[5666, 9012, 3393, 1280, 6574, 3209]",5
2833,8587,"[5404, 3465, 7585, 4664, 6600]","[2833, 5404, 3465, 7585, 4664, 6600, 8587]",6
4951,6771,"[7159, 5241]","[4951, 7159, 5241, 6771]",3
3249,5358,"[4794, 3736, 5534]","[3249, 4794, 3736, 5534, 5358]",4
9686,2161,"[10004, 9171, 9528]","[9686, 10004, 9171, 9528, 2161]",4
1908,8326,"[10021, 5417, 7034, 7093]","[1908, 10021, 5417, 7034, 7093, 8326]",5
9762,7622,"[3949, 9098, 6823, 8295, 2180]","[9762, 3949, 9098, 6823, 8295, 2180, 7622]",6
6784,9115,"[7770, 6720]","[6784, 7770, 6720, 9115]",3
2458,9430,"[4653, 8226]","[2458, 4653, 8226, 9430]",3
2529,4252,"[5298, 8374, 5417, 2180]","[2529, 5298, 8374, 5417, 2180, 4252]",5
4583,10045,"[6820, 6973]","[4583, 6820, 6973, 10045]",3
4929,9311,"[9477, 893, 3791]","[4929, 9477, 893, 3791, 9311]",4
2219,10196,"[2478, 5689, 9916]","[2219, 2478, 5689, 9916, 10196]",4
7150,3873,"[7949, 1984, 4470]","[7150, 7949, 1984, 4470, 3873]",4
1839,6502,"[7688, 10057, 3900, 6037]","[1839, 7688, 10057, 3900, 6037, 6502]",5
5123,7956,"[9819, 3260, 940]","[5123, 9819, 3260, 940, 7956]",4
8883,10044,"[7779, 6076, 6852, 2180, 4459]","[8883, 7779, 6076, 6852, 2180, 4459, 10044]",6
6461,9398,"[7900, 9418, 6870, 9427, 7728]","[6461, 7900, 9418, 6870, 9427, 7728, 9398]",6
6890,9198,"[5099, 7260]","[6890, 5099, 7260, 9198]",3
4495,7049,"[5589, 9353, 3142, 7830]","[4495, 5589, 9353, 3142, 7830, 7049]",5
3798,10139,"[10030, 6710, 6325, 9738]","[3798, 10030, 6710, 6325, 9738, 10139]",5
7566,246,"[311, 6720]","[7566, 311, 6720, 246]",3
6586,9623,"[9500, 9469, 5208, 4921]","[6586, 9500, 9469, 5208, 4921, 9623]",5
4714,9393,"[7784, 8538, 10157]","[4714, 7784, 8538, 10157, 9393]",4
7870,4983,"[2054, 9579, 3463, 6903]","[7870, 2054, 9579, 3463, 6903, 4983]",5
1801,10196,"[9275, 9944, 9966, 10102]","[1801, 9275, 9944, 9966, 10102, 10196]",5
9014,2075,"[9493, 367, 6890, 1494]","[9014, 9493, 367, 6890, 1494, 2075]",5
5743,3977,"[3818, 4928, 9805, 2300, 5576]","[5743, 3818, 4928, 9805, 2300, 5576, 3977]",6
1510,1369,"[6682, 8509, 6678, 7308]","[1510, 6682, 8509, 6678, 7308, 1369]",5
9055,8302,"[9579, 7056, 4957, 2021, 5706]","[9055, 9579, 7056, 4957, 2021, 5706, 8302]",6
7138,3224,"[7804, 9403]","[7138, 7804, 9403, 3224]",3
9187,369,"[193, 2461, 8846]","[9187, 193, 2461, 8846, 369]",4
9664,3646,"[1374, 3632, 8480]","[9664, 1374, 3632, 8480, 3646]",4
1468,901,"[6449, 7539, 9301, 8784]","[1468, 6449, 7539, 9301, 8784, 901]",5
1522,5845,"[7405, 9843, 605, 2260]","[1522, 7405, 9843, 605, 2260, 5845]",5
8662,7034,"[5912, 5241, 8134, 6347, 266]","[8662, 5912, 5241, 8134, 6347, 266, 7034]",6
9384,1528,"[1864, 10184, 3514, 4233, 2749]","[9384, 1864, 10184, 3514, 4233, 2749, 1528]",6
7417,9079,"[9973, 10044, 8556, 5104, 6902]","[7417, 9973, 10044, 8556, 5104, 6902, 9079]",6
9975,3024,"[684, 6631, 1473, 5072, 753]","[9975, 684, 6631, 1473, 5072, 753, 3024]",6
1116,5944,"[7194, 10097, 863]","[1116, 7194, 10097, 863, 5944]",4
1406,8556,"[6768, 7481, 8580, 9070, 2934]","[1406, 6768, 7481, 8580, 9070, 2934, 8556]",6
4353,7087,"[9211, 114, 9632, 9688, 5674]","[4353, 9211, 114, 9632, 9688, 5674, 7087]",6
1815,9404,"[7551, 8867, 9330, 4135, 2512]","[1815, 7551, 8867, 9330, 4135, 2512, 9404]",6
1591,1449,"[738, 3190, 9404, 1742]","[1591, 738, 3190, 9404, 1742, 1449]",5
5905,3024,"[3463, 266, 4630, 4072]","[5905, 3463, 266, 4630, 4072, 3024]",5
7702,1378,"[7373, 6325, 7424, 7900, 1753]","[7702, 7373, 6325, 7424, 7900, 1753, 1378]",6
7325,6017,"[7622, 9258, 9671]","[7325, 7622, 9258, 9671, 6017]",4
3608,2180,"[6133, 8309, 10078, 10081]","[3608, 6133, 8309, 10078, 10081, 2180]",5
4151,7310,"[4029, 7260]","[4151, 4029, 7260, 7310]",3
1075,9773,"[5398, 5689, 7823, 8189, 9209]","[1075, 5398, 5689, 7823, 8189, 9209, 9773]",6
180,2180,"[9691, 10177]","[180, 9691, 10177, 2180]",3
167,9869,"[4130, 4342]","[167, 4130, 4342, 9869]",3
1519,8940,"[3513, 6180]","[1519, 3513, 6180, 8940]",3
6942,4032,"[2416, 6583, 8853, 10138]","[6942, 2416, 6583, 8853, 10138, 4032]",5
4203,242,"[8824, 1811, 2936, 8124, 2027]","[4203, 8824, 1811, 2936, 8124, 2027, 242]",6
4445,2347,"[7530, 9567, 10185]","[4445, 7530, 9567, 10185, 2347]",4
472,4687,"[7087, 9408, 7700]","[472, 7087, 9408, 7700, 4687]",4
8283,4621,"[9126, 2416]","[8283, 9126, 2416, 4621]",3
3281,1741,"[6416, 9586]","[3281, 6416, 9586, 1741]",3
2366,9995,"[7939, 6620, 6115, 3546]","[2366, 7939, 6620, 6115, 3546, 9995]",5
4111,3019,"[8741, 3632, 8480, 4683, 9843]","[4111, 8741, 3632, 8480, 4683, 9843, 3019]",6
8866,1264,"[9940, 965, 4277]","[8866, 9940, 965, 4277, 1264]",4
1319,8873,"[3105, 6794, 9468]","[1319, 3105, 6794, 9468, 8873]",4
9116,9484,"[6982, 7563, 4670, 9365]","[9116, 6982, 7563, 4670, 9365, 9484]",5
1441,1450,"[7700, 643, 10126, 1167]","[1441, 7700, 643, 10126, 1167, 1450]",5
7037,2294,"[7594, 5099, 56, 913]","[7037, 7594, 5099, 56, 913, 2294]",5
6083,5682,"[8217, 8687, 781]","[6083, 8217, 8687, 781, 5682]",4
9565,7926,"[3712, 1800]","[9565, 3712, 1800, 7926]",3
5834,6332,"[9088, 9754, 1984, 5342, 832]","[5834, 9088, 9754, 1984, 5342, 832, 6332]",6
7479,9875,"[8773, 9426, 7700, 9762]","[7479, 8773, 9426, 7700, 9762, 9875]",5
753,1414,"[5835, 5241, 9626]","[753, 5835, 5241, 9626, 1414]",4
5023,8124,"[7955, 7002, 2867, 2847, 2154]","[5023, 7955, 7002, 2867, 2847, 2154, 8124]",6
9884,6266,"[6912, 4118, 399]","[9884, 6912, 4118, 399, 6266]",4
9047,8832,"[1077, 4429, 6905]","[9047, 1077, 4429, 6905, 8832]",4
6828,1135,"[9062, 9873]","[6828, 9062, 9873, 1135]",3
2818,3095,"[6995, 7923, 1741]","[2818, 6995, 7923, 1741, 3095]",4
2179,8296,"[5142, 9291]","[2179, 5142, 9291, 8296]",3
6208,9169,"[8501, 8615, 4368, 5845]","[6208, 8501, 8615, 4368, 5845, 9169]",5
487,9228,"[2126, 5681, 7351]","[487, 2126, 5681, 7351, 9228]",4
10107,9805,"[2893, 5534, 2391]","[10107, 2893, 5534, 2391, 9805]",4
8673,1191,"[5224, 6555]","[8673, 5224, 6555, 1191]",3
2788,10171,"[8313, 8714]","[2788, 8313, 8714, 10171]",3
1555,1369,"[7210, 4830, 2639]","[1555, 7210, 4830, 2639, 1369]",4
4813,2180,"[6429, 6880, 9076]","[4813, 6429, 6880, 9076, 2180]",4
4944,7961,"[8663, 7460]","[4944, 8663, 7460, 7961]",3
906,2391,"[6679, 3632, 644]","[906, 6679, 3632, 644, 2391]",4
8,7722,"[2329, 2974, 6908, 2786, 5139]","[8, 2329, 2974, 6908, 2786, 5139, 7722]",6
1384,4896,"[3703, 2348, 6767, 10083]","[1384, 3703, 2348, 6767, 10083, 4896]",5
436,4335,"[7514, 5241, 1729]","[436, 7514, 5241, 1729, 4335]",4
8326,4319,"[4217, 3785]","[8326, 4217, 3785, 4319]",3
1826,2027,"[9221, 9974, 9843, 5519]","[1826, 9221, 9974, 9843, 5519, 2027]",5
8812,4902,"[6069, 3430, 6165, 5252, 6233]","[8812, 6069, 3430, 6165, 5252, 6233, 4902]",6
4090,2762,"[6558, 8798, 10186, 9493]","[4090, 6558, 8798, 10186, 9493, 2762]",5
4978,1262,"[5851, 8750, 2180, 9377, 9904]","[4978, 5851, 8750, 2180, 9377, 9904, 1262]",6
8876,1528,"[10193, 9984, 3898, 700, 7879]","[8876, 10193, 9984, 3898, 700, 7879, 1528]",6
7815,6284,"[97, 7997, 9081, 9839]","[7815, 97, 7997, 9081, 9839, 6284]",5
9828,3898,"[700, 7879, 6449]","[9828, 700, 7879, 6449, 3898]",4
8785,159,"[10174, 5940, 1729, 5099]","[8785, 10174, 5940, 1729, 5099, 159]",5
3436,9022,"[6923, 8077]","[3436, 6923, 8077, 9022]",3
4703,7319,"[7195, 8623, 10075]","[4703, 7195, 8623, 10075, 7319]",4
4662,9454,"[56, 4985, 8074]","[4662, 56, 4985, 8074, 9454]",4
8420,10011,"[8795, 10193, 96, 2161, 9811]","[8420, 8795, 10193, 96, 2161, 9811, 10011]",6
7830,123,"[8149, 1787, 7585, 8912]","[7830, 8149, 1787, 7585, 8912, 123]",5
7852,6728,"[7923, 8499, 326, 159]","[7852, 7923, 8499, 326, 159, 6728]",5
9926,5176,"[7955, 2524, 4685, 3741, 2027]","[9926, 7955, 2524, 4685, 3741, 2027, 5176]",6
8502,4735,"[8964, 9596, 8134, 7202, 8548]","[8502, 8964, 9596, 8134, 7202, 8548, 4735]",6
3731,9682,"[4717, 7309, 7530, 9428]","[3731, 4717, 7309, 7530, 9428, 9682]",5
1486,9177,"[5294, 6277, 8610, 1236, 3232]","[1486, 5294, 6277, 8610, 1236, 3232, 9177]",6
595,10133,"[106, 3113, 8585, 7533, 9024]","[595, 106, 3113, 8585, 7533, 9024, 10133]",6
7203,8738,"[9775, 4957, 430, 5102, 9526]","[7203, 9775, 4957, 430, 5102, 9526, 8738]",6
2987,1748,"[9744, 3370, 9556, 8674, 8556]","[2987, 9744, 3370, 9556, 8674, 8556, 1748]",6
1948,9142,"[2383, 8164]","[1948, 2383, 8164, 9142]",3
2005,2757,"[5365, 6916, 7024, 8439]","[2005, 5365, 6916, 7024, 8439, 2757]",5
787,9919,"[4749, 9173]","[787, 4749, 9173, 9919]",3
8787,6052,"[9072, 3632, 8480, 7880, 6146]","[8787, 9072, 3632, 8480, 7880, 6146, 6052]",6
9745,9821,"[10133, 4005]","[9745, 10133, 4005, 9821]",3
4454,10179,"[8477, 9139]","[4454, 8477, 9139, 10179]",3
7863,768,"[6767, 9902, 2379, 9685]","[7863, 6767, 9902, 2379, 9685, 768]",5
9462,8581,"[10000, 9446, 9580, 9698]","[9462, 10000, 9446, 9580, 9698, 8581]",5
8211,10196,"[8481, 9333, 10156]","[8211, 8481, 9333, 10156, 10196]",4
7741,10196,"[8772, 10078, 10140]","[7741, 8772, 10078, 10140, 10196]",4
9064,7465,"[461, 6158]","[9064, 461, 6158, 7465]",3
6868,9612,"[8677, 311, 6898, 7881, 7102]","[6868, 8677, 311, 6898, 7881, 7102, 9612]",6
5791,5460,"[6771, 5238]","[5791, 6771, 5238, 5460]",3
9434,8047,"[8446, 8003, 2880, 2601, 8010]","[9434, 8446, 8003, 2880, 2601, 8010, 8047]",6
8269,8437,"[5755, 10165, 9377, 6715, 4535]","[8269, 5755, 10165, 9377, 6715, 4535, 8437]",6
1239,3298,"[6681, 5996]","[1239, 6681, 5996, 3298]",3
6363,960,"[9355, 1494]","[6363, 9355, 1494, 960]",3
5997,6502,"[2235, 5707, 3195]","[5997, 2235, 5707, 3195, 6502]",4
1893,2138,"[5200, 8609, 684, 3825, 1690]","[1893, 5200, 8609, 684, 3825, 1690, 2138]",6
7448,3977,"[9020, 652, 3730, 4665]","[7448, 9020, 652, 3730, 4665, 3977]",5
7428,8940,"[2307, 8085, 8899, 3271]","[7428, 2307, 8085, 8899, 3271, 8940]",5
2136,3962,"[1729, 2918, 2584, 9596]","[2136, 1729, 2918, 2584, 9596, 3962]",5
10005,3023,"[7093, 3848, 6555, 3019, 9468]","[10005, 7093, 3848, 6555, 3019, 9468, 3023]",6
9394,9158,"[4687, 9449, 10154]","[9394, 4687, 9449, 10154, 9158]",4
1684,4233,"[7700, 3487]","[1684, 7700, 3487, 4233]",3
6276,2759,"[9549, 513, 2294]","[6276, 9549, 513, 2294, 2759]",4
5242,7622,"[6475, 5510, 9392, 9121]","[5242, 6475, 5510, 9392, 9121, 7622]",5
7054,4585,"[8250, 7900, 4921, 6196, 3254]","[7054, 8250, 7900, 4921, 6196, 3254, 4585]",6
6553,2162,"[8904, 7386, 1682, 3250, 2235]","[6553, 8904, 7386, 1682, 3250, 2235, 2162]",6
3639,9075,"[6233, 8750]","[3639, 6233, 8750, 9075]",3
3119,3962,"[1843, 8750, 8775]","[3119, 1843, 8750, 8775, 3962]",4
10096,7321,"[3950, 7281, 9382]","[10096, 3950, 7281, 9382, 7321]",4
6565,4779,"[7410, 8673, 7766]","[6565, 7410, 8673, 7766, 4779]",4
6072,4016,"[6599, 8296, 3769, 10064]","[6072, 6599, 8296, 3769, 10064, 4016]",5
3164,9377,"[1914, 2161, 3716, 2180]","[3164, 1914, 2161, 3716, 2180, 9377]",5
3757,3550,"[1319, 4372, 4609, 8115, 9897]","[3757, 1319, 4372, 4609, 8115, 9897, 3550]",6
1686,5663,"[6460, 9824, 3789, 5596]","[1686, 6460, 9824, 3789, 5596, 5663]",5
8322,4565,"[8271, 9828, 2096, 8149]","[8322, 8271, 9828, 2096, 8149, 4565]",5
2236,8263,"[6320, 8125]","[2236, 6320, 8125, 8263]",3
9984,423,"[3976, 8142, 3720]","[9984, 3976, 8142, 3720, 423]",4
8949,643,"[8114, 7293, 898]","[8949, 8114, 7293, 898, 643]",4
221,5564,"[8501, 9018]","[221, 8501, 9018, 5564]",3
3858,3470,"[9301, 3399, 8480, 6883]","[3858, 9301, 3399, 8480, 6883, 3470]",5
7773,10161,"[4476, 6161, 2364]","[7773, 4476, 6161, 2364, 10161]",4
8128,285,"[7700, 2713, 4551]","[8128, 7700, 2713, 4551, 285]",4
6576,3487,"[9744, 77, 4737, 6907, 9782]","[6576, 9744, 77, 4737, 6907, 9782, 3487]",6
7106,4755,"[8271, 3818]","[7106, 8271, 3818, 4755]",3
4405,9744,"[6900, 8867]","[4405, 6900, 8867, 9744]",3
7539,8148,"[6592, 10107, 2640, 6907, 7926]","[7539, 6592, 10107, 2640, 6907, 7926, 8148]",6
6178,9392,"[2030, 4766, 7979]","[6178, 2030, 4766, 7979, 9392]",4
3052,3582,"[5462, 7844, 266]","[3052, 5462, 7844, 266, 3582]",4
6069,6307,"[8473, 3314, 8691, 9940, 704]","[6069, 8473, 3314, 8691, 9940, 704, 6307]",6
1835,8969,"[4171, 8077]","[1835, 4171, 8077, 8969]",3
3898,9988,"[9427, 1832, 8569, 9921]","[3898, 9427, 1832, 8569, 9921, 9988]",5
7235,5417,"[9682, 9446]","[7235, 9682, 9446, 5417]",3
7735,5372,"[2742, 3541, 8847]","[7735, 2742, 3541, 8847, 5372]",4
9594,8207,"[9698, 2312, 7933]","[9594, 9698, 2312, 7933, 8207]",4
9688,2136,"[9065, 9999, 832, 3632, 643]","[9688, 9065, 9999, 832, 3632, 643, 2136]",6
4028,4806,"[5437, 8575, 9966, 10040]","[4028, 5437, 8575, 9966, 10040, 4806]",5
1254,8466,"[5352, 7743, 8684]","[1254, 5352, 7743, 8684, 8466]",4
8523,9047,"[8657, 4092]","[8523, 8657, 4092, 9047]",3
1320,6407,"[2180, 7622, 70]","[1320, 2180, 7622, 70, 6407]",4
369,2096,"[7653, 2543, 3976]","[369, 7653, 2543, 3976, 2096]",4
3584,9885,"[2101, 760, 8104, 5237, 9133]","[3584, 2101, 760, 8104, 5237, 9133, 9885]",6
3461,3912,"[4806, 311, 3153, 5423, 8590]","[3461, 4806, 311, 3153, 5423, 8590, 3912]",6
612,9158,"[7052, 7933, 9580, 9623, 10154]","[612, 7052, 7933, 9580, 9623, 10154, 9158]",6
5491,8038,"[2488, 3250, 9362, 159]","[5491, 2488, 3250, 9362, 159, 8038]",5
5927,1270,"[10026, 4118, 6590, 7653]","[5927, 10026, 4118, 6590, 7653, 1270]",5
5705,7177,"[9332, 9770, 1122, 5917, 6050]","[5705, 9332, 9770, 1122, 5917, 6050, 7177]",6
288,8777,"[2756, 7445, 9365, 3632, 643]","[288, 2756, 7445, 9365, 3632, 643, 8777]",6
7066,8480,"[8922, 9133, 9751, 3632]","[7066, 8922, 9133, 9751, 3632, 8480]",5
574,8119,"[2079, 9048, 2500]","[574, 2079, 9048, 2500, 8119]",4
5809,9850,"[1748, 6069, 9753]","[5809, 1748, 6069, 9753, 9850]",4
4869,5972,"[8556, 64, 4024, 7006]","[4869, 8556, 64, 4024, 7006, 5972]",5
5344,311,"[6701, 8032]","[5344, 6701, 8032, 311]",3
9881,3024,"[8872, 1605, 1502]","[9881, 8872, 1605, 1502, 3024]",4
9112,6810,"[9779, 6325, 2379]","[9112, 9779, 6325, 2379, 6810]",4
8654,4662,"[7979, 3314, 6582, 2332, 960]","[8654, 7979, 3314, 6582, 2332, 960, 4662]",6
328,9758,"[9095, 9757, 8122, 4950, 6836]","[328, 9095, 9757, 8122, 4950, 6836, 9758]",6
2892,9725,"[5077, 8632]","[2892, 5077, 8632, 9725]",3
9263,1748,"[9429, 10058, 3632, 5099]","[9263, 9429, 10058, 3632, 5099, 1748]",5
9360,4573,"[7011, 5576, 6117, 6220, 8847]","[9360, 7011, 5576, 6117, 6220, 8847, 4573]",6
4171,5946,"[5699, 9139, 9409, 10084, 6289]","[4171, 5699, 9139, 9409, 10084, 6289, 5946]",6
9367,9029,"[3714, 4586, 2822]","[9367, 3714, 4586, 2822, 9029]",4
6960,3892,"[8988, 5271, 7100]","[6960, 8988, 5271, 7100, 3892]",4
7159,8787,"[8681, 9999, 652, 2446, 4502]","[7159, 8681, 9999, 652, 2446, 4502, 8787]",6
4970,4335,"[6326, 9339]","[4970, 6326, 9339, 4335]",3
6397,8329,"[9696, 6808]","[6397, 9696, 6808, 8329]",3
8553,4585,"[805, 8973, 2019, 832]","[8553, 805, 8973, 2019, 832, 4585]",5
415,1590,"[2268, 9682, 9407]","[415, 2268, 9682, 9407, 1590]",4
2700,5200,"[8148, 4777]","[2700, 8148, 4777, 5200]",3
2211,7379,"[6488, 8862, 9160, 9427, 3113]","[2211, 6488, 8862, 9160, 9427, 3113, 7379]",6
8565,10058,"[9554, 1858, 8118]","[8565, 9554, 1858, 8118, 10058]",4
88,2488,"[873, 3189, 7432, 8056]","[88, 873, 3189, 7432, 8056, 2488]",5
577,4905,"[1984, 3710]","[577, 1984, 3710, 4905]",3
275,9357,"[1540, 8328, 2619, 4475]","[275, 1540, 8328, 2619, 4475, 9357]",5
9289,6204,"[8386, 1578, 5615, 5887]","[9289, 8386, 1578, 5615, 5887, 6204]",5
10099,6516,"[8296, 10157, 9393, 4210, 6138]","[10099, 8296, 10157, 9393, 4210, 6138, 6516]",6
1478,6720,"[9453, 8660]","[1478, 9453, 8660, 6720]",3
2326,859,"[9779, 6024, 10107, 4953, 3559]","[2326, 9779, 6024, 10107, 4953, 3559, 859]",6
6412,1392,"[6676, 6691]","[6412, 6676, 6691, 1392]",3
6139,5902,"[2020, 9361, 3844]","[6139, 2020, 9361, 3844, 5902]",4
7222,3769,"[3531, 9029]","[7222, 3531, 9029, 3769]",3
10032,8501,"[10088, 738, 8660, 9997, 10167]","[10032, 10088, 738, 8660, 9997, 10167, 8501]",6
4446,5615,"[7054, 9494, 9743, 6716, 3703]","[4446, 7054, 9494, 9743, 6716, 3703, 5615]",6
6347,9807,"[6653, 6978, 9762]","[6347, 6653, 6978, 9762, 9807]",4
5308,7918,"[5886, 6417]","[5308, 5886, 6417, 7918]",3
6841,7185,"[9633, 9935]","[6841, 9633, 9935, 7185]",3
1171,6449,"[9712, 4129, 3800, 9211]","[1171, 9712, 4129, 3800, 9211, 6449]",5
4256,9103,"[9527, 5303, 7228, 207, 7143]","[4256, 9527, 5303, 7228, 207, 7143, 9103]",6
2462,7550,"[7930, 9362, 9454]","[2462, 7930, 9362, 9454, 7550]",4
2970,5133,"[4419, 1969, 9764, 105]","[2970, 4419, 1969, 9764, 105, 5133]",5
2106,6369,"[5486, 5159, 5367]","[2106, 5486, 5159, 5367, 6369]",4
5537,31,"[5925, 7820, 10098, 5417, 7448]","[5537, 5925, 7820, 10098, 5417, 7448, 31]",6
3882,6396,"[4, 3717, 4620]","[3882, 4, 3717, 4620, 6396]",4
3153,3548,"[22, 9141, 2326, 2446, 5990]","[3153, 22, 9141, 2326, 2446, 5990, 3548]",6
2625,9598,"[1424, 8461, 8186]","[2625, 1424, 8461, 8186, 9598]",4
586,2533,"[8969, 9874, 9571, 1570]","[586, 8969, 9874, 9571, 1570, 2533]",5
2287,6683,"[3621, 3877]","[2287, 3621, 3877, 6683]",3
6778,5037,"[9172, 1500, 5613, 3976, 4585]","[6778, 9172, 1500, 5613, 3976, 4585, 5037]",6
3035,6359,"[5594, 5873, 3087, 9514]","[3035, 5594, 5873, 3087, 9514, 6359]",5
8224,9758,"[9071, 9571]","[8224, 9071, 9571, 9758]",3
4126,8773,"[6677, 8640]","[4126, 6677, 8640, 8773]",3
3142,862,"[5238, 8963, 9214, 4866]","[3142, 5238, 8963, 9214, 4866, 862]",5
9543,10066,"[1864, 266, 2373]","[9543, 1864, 266, 2373, 10066]",4
4403,2924,"[8114, 5027, 3277]","[4403, 8114, 5027, 3277, 2924]",4
5823,6997,"[9876, 1464]","[5823, 9876, 1464, 6997]",3
7533,9046,"[8512, 483, 652, 1184, 2054]","[7533, 8512, 483, 652, 1184, 2054, 9046]",6
8237,10196,"[9916, 10102]","[8237, 9916, 10102, 10196]",3
1975,6729,"[7087, 8480, 652, 9511]","[1975, 7087, 8480, 652, 9511, 6729]",5
756,5080,"[7700, 6190, 7983, 3113]","[756, 7700, 6190, 7983, 3113, 5080]",5
7629,2180,"[7877, 8366, 1330]","[7629, 7877, 8366, 1330, 2180]",4
4386,9030,"[6089, 8082, 9079, 1914]","[4386, 6089, 8082, 9079, 1914, 9030]",5
7419,6737,"[8277, 8964, 5241]","[7419, 8277, 8964, 5241, 6737]",4
5934,7841,"[1317, 3869, 7578, 3217, 4830]","[5934, 1317, 3869, 7578, 3217, 4830, 7841]",6
4932,6639,"[5901, 7629, 9231, 3214, 5566]","[4932, 5901, 7629, 9231, 3214, 5566, 6639]",6
2653,1570,"[9260, 1393]","[2653, 9260, 1393, 1570]",3
9432,6035,"[643, 5793]","[9432, 643, 5793, 6035]",3
2953,7787,"[8540, 9117, 9452, 2269, 181]","[2953, 8540, 9117, 9452, 2269, 181, 7787]",6
7334,7850,"[7975, 1864, 7496, 3139]","[7334, 7975, 1864, 7496, 3139, 7850]",5
3836,6056,"[3865, 9852, 5534, 736]","[3836, 3865, 9852, 5534, 736, 6056]",5
7136,7151,"[10031, 652]","[7136, 10031, 652, 7151]",3
4050,2431,"[5354, 6258, 7804, 9815, 4342]","[4050, 5354, 6258, 7804, 9815, 4342, 2431]",6
6048,8038,"[9194, 4709]","[6048, 9194, 4709, 8038]",3
7823,9761,"[3179, 7155]","[7823, 3179, 7155, 9761]",3
9088,8781,"[10174, 5231, 7955, 5620, 7552]","[9088, 10174, 5231, 7955, 5620, 7552, 8781]",6
8392,7129,"[901, 3937, 5955, 9484]","[8392, 901, 3937, 5955, 9484, 7129]",5
2768,4879,"[9249, 4175, 5252, 7516, 8444]","[2768, 9249, 4175, 5252, 7516, 8444, 4879]",6
723,9572,"[3566, 5760, 3487, 106, 5728]","[723, 3566, 5760, 3487, 106, 5728, 9572]",6
5727,7173,"[7121, 7166]","[5727, 7121, 7166, 7173]",3
2103,8696,"[4725, 5226]","[2103, 4725, 5226, 8696]",3
4793,8488,"[5459, 4602, 5283, 10162]","[4793, 5459, 4602, 5283, 10162, 8488]",5
6233,7930,"[7499, 7816]","[6233, 7499, 7816, 7930]",3
6252,7445,"[6630, 3873]","[6252, 6630, 3873, 7445]",3
8606,7052,"[10185, 2347, 3731]","[8606, 10185, 2347, 3731, 7052]",4
2924,9085,"[5645, 2259, 6433]","[2924, 5645, 2259, 6433, 9085]",4
1952,9699,"[7104, 5748, 8297, 10012]","[1952, 7104, 5748, 8297, 10012, 9699]",5
6697,8446,"[8634, 5875, 9300]","[6697, 8634, 5875, 9300, 8446]",4
6090,1891,"[9603, 6594]","[6090, 9603, 6594, 1891]",3
4621,9630,"[3527, 710]","[4621, 3527, 710, 9630]",3
9940,9711,"[10149, 6104, 6801]","[9940, 10149, 6104, 6801, 9711]",4
601,3532,"[9171, 10016, 2907]","[601, 9171, 10016, 2907, 3532]",4
9227,2159,"[9826, 3632, 5099, 3820, 8819]","[9227, 9826, 3632, 5099, 3820, 8819, 2159]",6
4740,8709,"[9300, 8186, 2940]","[4740, 9300, 8186, 2940, 8709]",4
830,9749,"[8106, 9615, 9621]","[830, 8106, 9615, 9621, 9749]",4
2119,3632,"[9098, 10058]","[2119, 9098, 10058, 3632]",3
7166,10045,"[8789, 9929]","[7166, 8789, 9929, 10045]",3
3749,9071,"[5630, 6304, 8213, 8481, 8977]","[3749, 5630, 6304, 8213, 8481, 8977, 9071]",6
3313,9485,"[5689, 8023, 9349]","[3313, 5689, 8023, 9349, 9485]",4
7895,123,"[7167, 4664, 9342, 2142, 6473]","[7895, 7167, 4664, 9342, 2142, 6473, 123]",6
4778,1578,"[7799, 6678, 8889, 10157, 9527]","[4778, 7799, 6678, 8889, 10157, 9527, 1578]",6
4026,3413,"[461, 366]","[4026, 461, 366, 3413]",3
4611,9339,"[9122, 9988, 7700, 9357]","[4611, 9122, 9988, 7700, 9357, 9339]",5
1585,2379,"[4514, 4702]","[1585, 4514, 4702, 2379]",3
6825,7707,"[8360, 8923, 9347, 2180]","[6825, 8360, 8923, 9347, 2180, 7707]",5
3058,5823,"[9354, 862, 5728]","[3058, 9354, 862, 5728, 5823]",4
4464,9377,"[7248, 7538]","[4464, 7248, 7538, 9377]",3
3486,6706,"[5417, 3292, 1811]","[3486, 5417, 3292, 1811, 6706]",4
3138,7448,"[7087, 10193, 4215, 6376, 6344]","[3138, 7087, 10193, 4215, 6376, 6344, 7448]",6
4159,2874,"[4119, 967, 4960, 8236, 2462]","[4159, 4119, 967, 4960, 8236, 2462, 2874]",6
2180,10156,"[6818, 8195, 9649]","[2180, 6818, 8195, 9649, 10156]",4
1565,5622,"[6347, 4685]","[1565, 6347, 4685, 5622]",3
2837,4356,"[5430, 8812, 8271]","[2837, 5430, 8812, 8271, 4356]",4
1446,9611,"[2860, 8597, 8632, 9537]","[1446, 2860, 8597, 8632, 9537, 9611]",5
7201,9996,"[8540, 8987, 9758, 5440, 1262]","[7201, 8540, 8987, 9758, 5440, 1262, 9996]",6
6715,6574,"[4175, 7845]","[6715, 4175, 7845, 6574]",3
4789,10102,"[8481, 9333, 9592]","[4789, 8481, 9333, 9592, 10102]",4
3772,9691,"[5162, 7263]","[3772, 5162, 7263, 9691]",3
6162,4946,"[5033, 10085, 3327, 3250, 165]","[6162, 5033, 10085, 3327, 3250, 165, 4946]",6
3906,6056,"[4921, 2867, 6786, 9330, 6500]","[3906, 4921, 2867, 6786, 9330, 6500, 6056]",6
9009,9537,"[9560, 5231, 6446, 8896, 8960]","[9009, 9560, 5231, 6446, 8896, 8960, 9537]",6
4691,7957,"[8893, 9260]","[4691, 8893, 9260, 7957]",3
4395,6039,"[8196, 4397]","[4395, 8196, 4397, 6039]",3
5827,9112,"[4991, 2622, 7752]","[5827, 4991, 2622, 7752, 9112]",4
2221,4119,"[5752, 5903, 9597, 3324]","[2221, 5752, 5903, 9597, 3324, 4119]",5
1963,8894,"[8501, 9018, 5685]","[1963, 8501, 9018, 5685, 8894]",4
1000,765,"[9533, 1079]","[1000, 9533, 1079, 765]",3
3137,10137,"[8824, 3116, 6774, 7258]","[3137, 8824, 3116, 6774, 7258, 10137]",5
4107,117,"[7006, 10029]","[4107, 7006, 10029, 117]",3
1968,8074,"[6629, 6825, 7898, 10015]","[1968, 6629, 6825, 7898, 10015, 8074]",5
4636,4100,"[3736, 8647, 4930]","[4636, 3736, 8647, 4930, 4100]",4
6963,9878,"[7418, 9758]","[6963, 7418, 9758, 9878]",3
1327,2822,"[7241, 7969, 7085, 3095]","[1327, 7241, 7969, 7085, 3095, 2822]",5
7369,8366,"[421, 9590]","[7369, 421, 9590, 8366]",3
6915,10094,"[8309, 9534]","[6915, 8309, 9534, 10094]",3
3449,7979,"[6802, 2697]","[3449, 6802, 2697, 7979]",3
1457,9751,"[2101, 3340, 909]","[1457, 2101, 3340, 909, 9751]",4
1901,9792,"[6823, 8199]","[1901, 6823, 8199, 9792]",3
4652,7709,"[4937, 4967]","[4652, 4937, 4967, 7709]",3
3471,4267,"[3632, 644]","[3471, 3632, 644, 4267]",3
1568,6590,"[5077, 8462, 9598, 10110, 5241]","[1568, 5077, 8462, 9598, 10110, 5241, 6590]",6
277,9300,"[7364, 8281, 3741, 8296, 9249]","[277, 7364, 8281, 3741, 8296, 9249, 9300]",6
2422,3873,"[5519, 1219, 9892]","[2422, 5519, 1219, 9892, 3873]",4
5276,7465,"[4342, 7405, 8627]","[5276, 4342, 7405, 8627, 7465]",4
885,10102,"[3791, 4641, 8109, 8195, 9916]","[885, 3791, 4641, 8109, 8195, 9916, 10102]",6
5062,9902,"[5534, 6798, 7475]","[5062, 5534, 6798, 7475, 9902]",4
7246,5241,"[9619, 6449, 3099]","[7246, 9619, 6449, 3099, 5241]",4
2957,4830,"[2513, 8296, 9249, 10034, 966]","[2957, 2513, 8296, 9249, 10034, 966, 4830]",6
309,4186,"[1914, 3703, 5967, 4230, 4033]","[309, 1914, 3703, 5967, 4230, 4033, 4186]",6
5770,9037,"[7148, 7253, 8791]","[5770, 7148, 7253, 8791, 9037]",4
5875,9581,"[7844, 821, 8428]","[5875, 7844, 821, 8428, 9581]",4
4600,1330,"[7499, 491, 7385, 8480, 9531]","[4600, 7499, 491, 7385, 8480, 9531, 1330]",6
3501,9748,"[6487, 9071]","[3501, 6487, 9071, 9748]",3
5162,10156,"[5719, 8098, 8826, 9944, 10078]","[5162, 5719, 8098, 8826, 9944, 10078, 10156]",6
4864,2907,"[6555, 9500, 9533, 4896, 2297]","[4864, 6555, 9500, 9533, 4896, 2297, 2907]",6
10165,423,"[9377, 10032, 5241]","[10165, 9377, 10032, 5241, 423]",4
658,7838,"[10198, 279, 3258, 6993, 7770]","[658, 10198, 279, 3258, 6993, 7770, 7838]",6
1063,9934,"[6749, 8222, 9595]","[1063, 6749, 8222, 9595, 9934]",4
6660,559,"[7785, 1152]","[6660, 7785, 1152, 559]",3
8261,963,"[1957, 313]","[8261, 1957, 313, 963]",3
813,8660,"[5434, 7879, 5972, 3646]","[813, 5434, 7879, 5972, 3646, 8660]",5
2412,2638,"[8184, 1494, 4712]","[2412, 8184, 1494, 4712, 2638]",4
7411,8399,"[9464, 10023, 8056, 3096]","[7411, 9464, 10023, 8056, 3096, 8399]",5
6952,7143,"[4957, 9813, 4368]","[6952, 4957, 9813, 4368, 7143]",4
80,3632,"[7748, 6463, 1165]","[80, 7748, 6463, 1165, 3632]",4
6503,3632,"[9221, 9897]","[6503, 9221, 9897, 3632]",3
6934,106,"[8825, 9348, 9933]","[6934, 8825, 9348, 9933, 106]",4
3151,8149,"[4342, 8746, 9423]","[3151, 4342, 8746, 9423, 8149]",4
9879,4824,"[726, 6539]","[9879, 726, 6539, 4824]",3
3675,5886,"[6477, 8952, 2308, 8000, 2180]","[3675, 6477, 8952, 2308, 8000, 2180, 5886]",6
2421,7386,"[6482, 6904, 9415]","[2421, 6482, 6904, 9415, 7386]",4
10170,6789,"[9046, 4960, 1560, 3270]","[10170, 9046, 4960, 1560, 3270, 6789]",5
4285,3298,"[8860, 1202, 5434]","[4285, 8860, 1202, 5434, 3298]",4
3399,2402,"[10004, 2180]","[3399, 10004, 2180, 2402]",3
2135,9131,"[4758, 9753, 9850, 8429]","[2135, 4758, 9753, 9850, 8429, 9131]",5
3145,4771,"[8711, 7369, 8948, 9304, 442]","[3145, 8711, 7369, 8948, 9304, 442, 4771]",6
1981,7407,"[9229, 8365, 8851, 4902]","[1981, 9229, 8365, 8851, 4902, 7407]",5
5502,5067,"[7610, 876]","[5502, 7610, 876, 5067]",3
8726,8038,"[3019, 4278]","[8726, 3019, 4278, 8038]",3
1217,2893,"[7823, 8385, 9697, 7085]","[1217, 7823, 8385, 9697, 7085, 2893]",5
8097,9030,"[8309, 9592, 10081, 2180, 7511]","[8097, 8309, 9592, 10081, 2180, 7511, 9030]",6
9312,5576,"[9427, 9163]","[9312, 9427, 9163, 5576]",3
7311,10110,"[9600, 9878, 8217, 9615, 9850]","[7311, 9600, 9878, 8217, 9615, 9850, 10110]",6
4705,6883,"[8296, 9612, 9935, 3340]","[4705, 8296, 9612, 9935, 3340, 6883]",5
1365,8186,"[2180, 4361, 7074]","[1365, 2180, 4361, 7074, 8186]",4
2538,3937,"[2096, 6813, 4242, 8833, 394]","[2538, 2096, 6813, 4242, 8833, 394, 3937]",6
3506,9429,"[10000, 9890, 4201, 4340]","[3506, 10000, 9890, 4201, 4340, 9429]",5
2894,6761,"[5565, 5928]","[2894, 5565, 5928, 6761]",3
1639,999,"[286, 5200, 6146, 1274]","[1639, 286, 5200, 6146, 1274, 999]",5
8265,633,"[745, 5324]","[8265, 745, 5324, 633]",3
3937,3334,"[5417, 311]","[3937, 5417, 311, 3334]",3
1235,1414,"[6406, 8870, 8940, 8104, 3298]","[1235, 6406, 8870, 8940, 8104, 3298, 1414]",6
7056,6078,"[9543, 90]","[7056, 9543, 90, 6078]",3
5456,8824,"[8518, 5042, 6331]","[5456, 8518, 5042, 6331, 8824]",4
1528,6129,"[8663, 9211, 3037, 3142, 8148]","[1528, 8663, 9211, 3037, 3142, 8148, 6129]",6
9589,8074,"[9598, 10015]","[9589, 9598, 10015, 8074]",3
3554,6720,"[7226, 7932, 5417]","[3554, 7226, 7932, 5417, 6720]",4
2539,6706,"[9814, 7251, 10005]","[2539, 9814, 7251, 10005, 6706]",4
943,9225,"[7563, 1653, 9392, 5972, 5579]","[943, 7563, 1653, 9392, 5972, 5579, 9225]",6
3011,9844,"[4781, 5719, 6646]","[3011, 4781, 5719, 6646, 9844]",4
7105,1213,"[7955, 97, 9848]","[7105, 7955, 97, 9848, 1213]",4
7844,10061,"[8114, 2164, 3058, 7619]","[7844, 8114, 2164, 3058, 7619, 10061]",5
548,8313,"[8695, 4314, 5154, 5852, 8257]","[548, 8695, 4314, 5154, 5852, 8257, 8313]",6
2778,4252,"[8296, 7019, 2180]","[2778, 8296, 7019, 2180, 4252]",4
5566,652,"[9526, 4665, 392, 9561]","[5566, 9526, 4665, 392, 9561, 652]",5
949,8667,"[2033, 8217, 5417, 7034]","[949, 2033, 8217, 5417, 7034, 8667]",5
4628,9764,"[5429, 3041, 5494, 9312, 9472]","[4628, 5429, 3041, 5494, 9312, 9472, 9764]",6
384,9696,"[9682, 3554]","[384, 9682, 3554, 9696]",3
3760,3087,"[8124, 451, 9678, 7221]","[3760, 8124, 451, 9678, 7221, 3087]",5
8698,2996,"[9442, 10157, 9527, 8176, 1494]","[8698, 9442, 10157, 9527, 8176, 1494, 2996]",6
7599,488,"[7985, 4387, 8663]","[7599, 7985, 4387, 8663, 488]",4
5966,3632,"[9974, 7087, 4830, 9892, 9894]","[5966, 9974, 7087, 4830, 9892, 9894, 3632]",6
7758,8006,"[1767, 9764, 8923, 9729, 8284]","[7758, 1767, 9764, 8923, 9729, 8284, 8006]",6
5217,2248,"[6038, 2867, 8326]","[5217, 6038, 2867, 8326, 2248]",4
6127,10192,"[6780, 5277, 8366, 9619, 10189]","[6127, 6780, 5277, 8366, 9619, 10189, 10192]",6
9037,7369,"[5417, 311, 4033]","[9037, 5417, 311, 4033, 7369]",4
354,8787,"[918, 7477]","[354, 918, 7477, 8787]",3
5499,2943,"[3124, 9832, 8186]","[5499, 3124, 9832, 8186, 2943]",4
8204,7471,"[2639, 4868, 2638, 5771, 2867]","[8204, 2639, 4868, 2638, 5771, 2867, 7471]",6
2720,644,"[8569, 10047, 3632]","[2720, 8569, 10047, 3632, 644]",4
47,5624,"[6570, 7349, 8242, 9874, 7792]","[47, 6570, 7349, 8242, 9874, 7792, 5624]",6
2708,9122,"[1236, 5313]","[2708, 1236, 5313, 9122]",3
1127,5288,"[2090, 5912, 204, 9630, 1914]","[1127, 2090, 5912, 204, 9630, 1914, 5288]",6
7096,4996,"[693, 9886, 9174]","[7096, 693, 9886, 9174, 4996]",4
632,9211,"[4967, 8244, 8663]","[632, 4967, 8244, 8663, 9211]",4
7531,8912,"[5252, 758, 7659, 8113, 6590]","[7531, 5252, 758, 7659, 8113, 6590, 8912]",6
5339,249,"[6841, 9691, 10186, 7713]","[5339, 6841, 9691, 10186, 7713, 249]",5
1317,9079,"[3221, 5035, 6191, 1494, 7723]","[1317, 3221, 5035, 6191, 1494, 7723, 9079]",6
1375,9036,"[6102, 7699, 8347]","[1375, 6102, 7699, 8347, 9036]",4
6727,4969,"[9599, 4175, 10015, 8134, 4755]","[6727, 9599, 4175, 10015, 8134, 4755, 4969]",6
8539,4032,"[9843, 9292, 9688]","[8539, 9843, 9292, 9688, 4032]",4
7965,3487,"[9579, 7260, 5041]","[7965, 9579, 7260, 5041, 3487]",4
4734,4455,"[10193, 4472, 10059, 2604, 1535]","[4734, 10193, 4472, 10059, 2604, 1535, 4455]",6
5779,1606,"[6180, 8019, 2759]","[5779, 6180, 8019, 2759, 1606]",4
6623,4630,"[8702, 9640, 2484, 4896, 960]","[6623, 8702, 9640, 2484, 4896, 960, 4630]",6
4806,3873,"[7669, 7908, 311]","[4806, 7669, 7908, 311, 3873]",4
9947,6146,"[7688, 8991, 4335, 3478]","[9947, 7688, 8991, 4335, 3478, 6146]",5
1428,9657,"[3911, 10102, 10103, 10131]","[1428, 3911, 10102, 10103, 10131, 9657]",5
3113,10183,"[4996, 6590, 1669, 10036]","[3113, 4996, 6590, 1669, 10036, 10183]",5
849,4741,"[9780, 1264, 3548]","[849, 9780, 1264, 3548, 4741]",4
7787,8923,"[5972, 8466, 2484, 9640]","[7787, 5972, 8466, 2484, 9640, 8923]",5
8044,4198,"[8182, 9598, 10104, 1307]","[8044, 8182, 9598, 10104, 1307, 4198]",5
4290,6576,"[6307, 7979, 1926, 2812]","[4290, 6307, 7979, 1926, 2812, 6576]",5
10140,2416,"[2180, 6023, 9528, 6635, 5875]","[10140, 2180, 6023, 9528, 6635, 5875, 2416]",6
9464,10139,"[8750, 3736, 8685, 9811, 6231]","[9464, 8750, 3736, 8685, 9811, 6231, 10139]",6
2046,4462,"[1414, 4072, 9880, 7430]","[2046, 1414, 4072, 9880, 7430, 4462]",5
6182,9018,"[366, 4472, 22, 2934, 6519]","[6182, 366, 4472, 22, 2934, 6519, 9018]",6
1429,9836,"[6686, 6856]","[1429, 6686, 6856, 9836]",3
7397,6500,"[4951, 3937, 7516, 1599]","[7397, 4951, 3937, 7516, 1599, 6500]",5
304,4896,"[5071, 7356, 5099, 796, 736]","[304, 5071, 7356, 5099, 796, 736, 4896]",6
1197,704,"[4654, 9034, 9644, 9997]","[1197, 4654, 9034, 9644, 9997, 704]",5
10010,8942,"[9678, 5875]","[10010, 9678, 5875, 8942]",3
2622,6234,"[242, 9601]","[2622, 242, 9601, 6234]",3
4428,263,"[10072, 4806, 180]","[4428, 10072, 4806, 180, 263]",4
2911,7253,"[3962, 2446, 976, 5029]","[2911, 3962, 2446, 976, 5029, 7253]",5
4573,6619,"[6981, 7653]","[4573, 6981, 7653, 6619]",3
1654,6824,"[9096, 9583]","[1654, 9096, 9583, 6824]",3
332,3543,"[2642, 7717, 10001, 9764, 3260]","[332, 2642, 7717, 10001, 9764, 3260, 3543]",6
2595,1414,"[9427, 3139, 9670]","[2595, 9427, 3139, 9670, 1414]",4
5702,3632,"[7364, 9749]","[5702, 7364, 9749, 3632]",3
3481,5100,"[5324, 4489]","[3481, 5324, 4489, 5100]",3
1995,10170,"[8271, 3256]","[1995, 8271, 3256, 10170]",3
2062,8867,"[557, 9743, 7055]","[2062, 557, 9743, 7055, 8867]",4
9978,3930,"[3102, 9112, 9350, 3049]","[9978, 3102, 9112, 9350, 3049, 3930]",5
1750,3632,"[5001, 5233, 9369, 10180]","[1750, 5001, 5233, 9369, 10180, 3632]",5
3328,5240,"[7236, 7249, 4965, 7441, 3892]","[3328, 7236, 7249, 4965, 7441, 3892, 5240]",6
984,6771,"[6002, 6353, 6639]","[984, 6002, 6353, 6639, 6771]",4
1278,8635,"[6639, 4260, 311, 960]","[1278, 6639, 4260, 311, 960, 8635]",5
8020,9848,"[9443, 4110, 4728]","[8020, 9443, 4110, 4728, 9848]",4
2820,1525,"[1729, 8250]","[2820, 1729, 8250, 1525]",3
9092,652,"[10102, 10103, 9750, 10128]","[9092, 10102, 10103, 9750, 10128, 652]",5
5452,9093,"[5565, 6261, 8176, 7182]","[5452, 5565, 6261, 8176, 7182, 9093]",5
2446,7852,"[2458, 3670]","[2446, 2458, 3670, 7852]",3
9728,311,"[10040, 4806]","[9728, 10040, 4806, 311]",3
1015,10189,"[1522, 8446, 6631]","[1015, 1522, 8446, 6631, 10189]",4
3907,10171,"[6316, 7138]","[3907, 6316, 7138, 10171]",3
9936,6553,"[6824, 8083, 7059, 1492]","[9936, 6824, 8083, 7059, 1492, 6553]",5
3460,7700,"[6583, 8923]","[3460, 6583, 8923, 7700]",3
7017,9869,"[8659, 9543]","[7017, 8659, 9543, 9869]",3
9204,8835,"[5440, 1748, 117]","[9204, 5440, 1748, 117, 8835]",4
814,3649,"[4082, 10193, 3292, 7018]","[814, 4082, 10193, 3292, 7018, 3649]",5
6956,442,"[7155, 9714, 3717, 2619, 6694]","[6956, 7155, 9714, 3717, 2619, 6694, 442]",6
4758,9464,"[1043, 106]","[4758, 1043, 106, 9464]",3
7308,761,"[7574, 4800]","[7308, 7574, 4800, 761]",3
626,8721,"[3820, 6797, 6191, 736, 9112]","[626, 3820, 6797, 6191, 736, 9112, 8721]",6
635,9455,"[2932, 3958, 4755]","[635, 2932, 3958, 4755, 9455]",4
7118,8387,"[4824, 9246, 8893, 9843, 8183]","[7118, 4824, 9246, 8893, 9843, 8183, 8387]",6
6789,9984,"[2307, 2800, 7698]","[6789, 2307, 2800, 7698, 9984]",4
2067,2466,"[5620, 9121]","[2067, 5620, 9121, 2466]",3
3429,9758,"[9408, 9878, 10186, 3632, 9126]","[3429, 9408, 9878, 10186, 3632, 9126, 9758]",6
2977,6874,"[8119, 6635, 8446, 1165, 913]","[2977, 8119, 6635, 8446, 1165, 913, 6874]",6
7909,1729,"[2893, 3820]","[7909, 2893, 3820, 1729]",3
2903,6859,"[4761, 5467, 2915, 8006, 2742]","[2903, 4761, 5467, 2915, 8006, 2742, 6859]",6
5283,1424,"[6243, 3531]","[5283, 6243, 3531, 1424]",3
9189,3895,"[9117, 2414, 7133, 1975, 5486]","[9189, 9117, 2414, 7133, 1975, 5486, 3895]",6
4906,3632,"[6629, 8958, 10154]","[4906, 6629, 8958, 10154, 3632]",4
366,9247,"[1658, 8744]","[366, 1658, 8744, 9247]",3
2757,9951,"[9988, 10175, 7700, 9093, 9465]","[2757, 9988, 10175, 7700, 9093, 9465, 9951]",6
7793,8785,"[4956, 5270, 7781, 8716]","[7793, 4956, 5270, 7781, 8716, 8785]",5
8140,7622,"[9821, 9014, 2180]","[8140, 9821, 9014, 2180, 7622]",4
1944,5482,"[9552, 8296, 8347, 9596]","[1944, 9552, 8296, 8347, 9596, 5482]",5
4752,7737,"[10015, 2280, 6512, 643, 1494]","[4752, 10015, 2280, 6512, 643, 1494, 7737]",6
6782,3541,"[8972, 5241, 3550, 5743, 7975]","[6782, 8972, 5241, 3550, 5743, 7975, 3541]",6
7433,8667,"[3712, 1565, 2480, 6455]","[7433, 3712, 1565, 2480, 6455, 8667]",5
2781,9126,"[9612, 2934, 4316]","[2781, 9612, 2934, 4316, 9126]",4
1902,8947,"[7338, 7844, 263]","[1902, 7338, 7844, 263, 8947]",4
8522,7125,"[8781, 3529, 5413]","[8522, 8781, 3529, 5413, 7125]",4
7231,7000,"[876, 3945]","[7231, 876, 3945, 7000]",3
5624,7284,"[2908, 3665]","[5624, 2908, 3665, 7284]",3
5733,8587,"[4866, 2987]","[5733, 4866, 2987, 8587]",3
2652,9957,"[5093, 2867, 4109]","[2652, 5093, 2867, 4109, 9957]",4
7018,8836,"[8453, 559, 1038, 8457]","[7018, 8453, 559, 1038, 8457, 8836]",5
1151,4996,"[4712, 2006, 7496]","[1151, 4712, 2006, 7496, 4996]",4
806,9211,"[6539, 8966]","[806, 6539, 8966, 9211]",3
8397,8750,"[3024, 2979, 8104, 2068, 2162]","[8397, 3024, 2979, 8104, 2068, 2162, 8750]",6
3813,77,"[3895, 5436, 6089]","[3813, 3895, 5436, 6089, 77]",4
3969,5241,"[4718, 2933, 9022, 10015, 9726]","[3969, 4718, 2933, 9022, 10015, 9726, 5241]",6
3321,3160,"[2014, 7518]","[3321, 2014, 7518, 3160]",3
8555,5251,"[9362, 326]","[8555, 9362, 326, 5251]",3
8971,7700,"[9037, 9202]","[8971, 9037, 9202, 7700]",3
4782,3278,"[6644, 7957]","[4782, 6644, 7957, 3278]",3
5781,5241,"[9131, 5417]","[5781, 9131, 5417, 5241]",3
8478,4793,"[9225, 9581, 6567, 8488, 1720]","[8478, 9225, 9581, 6567, 8488, 1720, 4793]",6
2020,8444,"[6076, 9292, 3136, 3475, 4868]","[2020, 6076, 9292, 3136, 3475, 4868, 8444]",6
351,9989,"[1227, 8237]","[351, 1227, 8237, 9989]",3
322,7702,"[4890, 7071, 2190, 2218, 960]","[322, 4890, 7071, 2190, 2218, 960, 7702]",6
9303,4665,"[7526, 1764]","[9303, 7526, 1764, 4665]",3
8309,10140,"[10081, 10102]","[8309, 10081, 10102, 10140]",3
660,9520,"[3037, 8715]","[660, 3037, 8715, 9520]",3
2991,5944,"[5099, 1158]","[2991, 5099, 1158, 5944]",3
8688,5534,"[9330, 4335, 6576]","[8688, 9330, 4335, 6576, 5534]",4
8548,4233,"[5901, 5052, 3958, 7275]","[8548, 5901, 5052, 3958, 7275, 4233]",5
5783,3532,"[7280, 9328]","[5783, 7280, 9328, 3532]",3
7805,2584,"[9778, 10137]","[7805, 9778, 10137, 2584]",3
4916,9921,"[9914, 311, 4424]","[4916, 9914, 311, 4424, 9921]",4
7964,8263,"[9850, 8429, 4910, 9849, 5104]","[7964, 9850, 8429, 4910, 9849, 5104, 8263]",6
9101,10168,"[4342, 4630, 1467, 5122, 8444]","[9101, 4342, 4630, 1467, 5122, 8444, 10168]",6
3393,9463,"[4459, 3527, 1332, 4921]","[3393, 4459, 3527, 1332, 4921, 9463]",5
4492,4386,"[4569, 7827, 3814]","[4492, 4569, 7827, 3814, 4386]",4
5744,4588,"[9897, 643, 2446, 9657, 8660]","[5744, 9897, 643, 2446, 9657, 8660, 4588]",6
2645,9896,"[6446, 9244]","[2645, 6446, 9244, 9896]",3
6677,6520,"[10097, 8866, 5417, 9128, 2584]","[6677, 10097, 8866, 5417, 9128, 2584, 6520]",6
10064,1649,"[33, 3049]","[10064, 33, 3049, 1649]",3
2915,7845,"[5442, 8714]","[2915, 5442, 8714, 7845]",3
6086,5417,"[7957, 4005, 4687, 5579, 6729]","[6086, 7957, 4005, 4687, 5579, 6729, 5417]",6
74,4588,"[5417, 9126]","[74, 5417, 9126, 4588]",3
5379,6046,"[7059, 2180, 7688, 9989]","[5379, 7059, 2180, 7688, 9989, 6046]",5
8824,9850,"[3116, 9615]","[8824, 3116, 9615, 9850]",3
3318,9513,"[6391, 9970, 8517, 5748, 4405]","[3318, 6391, 9970, 8517, 5748, 4405, 9513]",6
6661,5241,"[6960, 7923, 9358]","[6661, 6960, 7923, 9358, 5241]",4
5167,1395,"[6430, 9537, 9611, 3632, 9126]","[5167, 6430, 9537, 9611, 3632, 9126, 1395]",6
9063,311,"[4830, 2108]","[9063, 4830, 2108, 311]",3
5534,1110,"[6355, 6798, 8326, 8685, 24]","[5534, 6355, 6798, 8326, 8685, 24, 1110]",6
4504,8501,"[7507, 9691, 10167]","[4504, 7507, 9691, 10167, 8501]",4
9119,7499,"[5440, 7265, 4921, 1729]","[9119, 5440, 7265, 4921, 1729, 7499]",5
3454,10167,"[7125, 9813, 5238, 7574]","[3454, 7125, 9813, 5238, 7574, 10167]",5
5436,9671,"[6183, 6784, 7006]","[5436, 6183, 6784, 7006, 9671]",4
9437,9657,"[4419, 6765, 8009]","[9437, 4419, 6765, 8009, 9657]",4
1561,3546,"[960, 9906, 1304, 9112, 5417]","[1561, 960, 9906, 1304, 9112, 5417, 3546]",6
10118,5903,"[423, 5927]","[10118, 423, 5927, 5903]",3
7483,8685,"[3867, 6204, 7240]","[7483, 3867, 6204, 7240, 8685]",4
7511,9624,"[1274, 9785, 4507]","[7511, 1274, 9785, 4507, 9624]",4
7413,9912,"[6902, 3203, 8556, 1748]","[7413, 6902, 3203, 8556, 1748, 9912]",5
6299,8113,"[9976, 9986, 8540, 4764, 2638]","[6299, 9976, 9986, 8540, 4764, 2638, 8113]",6
2114,7126,"[8199, 8945, 10149, 9940, 965]","[2114, 8199, 8945, 10149, 9940, 965, 7126]",6
8902,7844,"[4408, 5579, 3441, 5342, 4411]","[8902, 4408, 5579, 3441, 5342, 4411, 7844]",6
823,10032,"[3291, 8540]","[823, 3291, 8540, 10032]",3
6588,9792,"[8339, 9824]","[6588, 8339, 9824, 9792]",3
9860,9112,"[77, 6246, 1127, 9533]","[9860, 77, 6246, 1127, 9533, 9112]",5
551,10196,"[7383, 9715, 9840]","[551, 7383, 9715, 9840, 10196]",4
3188,5622,"[7563, 8987, 643, 2923]","[3188, 7563, 8987, 643, 2923, 5622]",5
7084,9528,"[1914, 8741, 10015, 9624, 4579]","[7084, 1914, 8741, 10015, 9624, 4579, 9528]",6
158,8781,"[2729, 3545, 8627]","[158, 2729, 3545, 8627, 8781]",4
7100,6069,"[9252, 9788, 8663, 366]","[7100, 9252, 9788, 8663, 366, 6069]",5
4624,4687,"[7189, 8006, 6519, 8069]","[4624, 7189, 8006, 6519, 8069, 4687]",5
3594,1559,"[5850, 4488, 4615, 9789]","[3594, 5850, 4488, 4615, 9789, 1559]",5
3255,2255,"[6033, 8245, 9259, 3091]","[3255, 6033, 8245, 9259, 3091, 2255]",5
7375,6168,"[9880, 4879, 2077, 2307]","[7375, 9880, 4879, 2077, 2307, 6168]",5
6265,4130,"[9716, 3632, 9126]","[6265, 9716, 3632, 9126, 4130]",4
6729,6694,"[5764, 9195, 2369, 8663]","[6729, 5764, 9195, 2369, 8663, 6694]",5
1827,5252,"[2598, 5534, 5972]","[1827, 2598, 5534, 5972, 5252]",4
2079,9373,"[3966, 8817, 9795, 311]","[2079, 3966, 8817, 9795, 311, 9373]",5
6459,8674,"[5972, 9052, 4455, 4983, 7106]","[6459, 5972, 9052, 4455, 4983, 7106, 8674]",6
6385,2659,"[5982, 7790, 9991]","[6385, 5982, 7790, 9991, 2659]",4
7093,1791,"[7880, 2248, 9331, 6889, 1414]","[7093, 7880, 2248, 9331, 6889, 1414, 1791]",6
9602,9009,"[4419, 8657, 4018, 4957, 7631]","[9602, 4419, 8657, 4018, 4957, 7631, 9009]",6
8928,2191,"[5972, 4419, 8344]","[8928, 5972, 4419, 8344, 2191]",4
5855,137,"[8928, 3548, 660, 2412, 5499]","[5855, 8928, 3548, 660, 2412, 5499, 137]",6
2439,9012,"[5534, 9402, 1393]","[2439, 5534, 9402, 1393, 9012]",4
5496,287,"[2366, 1427]","[5496, 2366, 1427, 287]",3
7423,8149,"[8422, 5300, 960, 3124]","[7423, 8422, 5300, 960, 3124, 8149]",5
4931,3527,"[2610, 7955]","[4931, 2610, 7955, 3527]",3
8625,1525,"[9409, 10084, 7563, 3219]","[8625, 9409, 10084, 7563, 3219, 1525]",5
6193,923,"[8232, 6786, 1152, 1322]","[6193, 8232, 6786, 1152, 1322, 923]",5
9247,7864,"[5417, 2870, 3829, 5502]","[9247, 5417, 2870, 3829, 5502, 7864]",5
2603,7176,"[3549, 2840]","[2603, 3549, 2840, 7176]",3
1105,9565,"[3508, 5056, 311, 9373]","[1105, 3508, 5056, 311, 9373, 9565]",5
8684,8176,"[1857, 6475, 7647, 2656, 6479]","[8684, 1857, 6475, 7647, 2656, 6479, 8176]",6
7896,6720,"[5241, 4906, 5431, 5750]","[7896, 5241, 4906, 5431, 5750, 6720]",5
8077,9128,"[8969, 9088, 4806, 263, 8947]","[8077, 8969, 9088, 4806, 263, 8947, 9128]",6
7239,4896,"[10063, 5897, 2218, 8235, 10189]","[7239, 10063, 5897, 2218, 8235, 10189, 4896]",6
2071,328,"[7243, 9171, 9811, 9240, 3370]","[2071, 7243, 9171, 9811, 9240, 3370, 328]",6
7587,7823,"[8056, 10018, 8344, 2153, 3912]","[7587, 8056, 10018, 8344, 2153, 3912, 7823]",6
7133,6041,"[9171, 3785, 4395, 994, 4630]","[7133, 9171, 3785, 4395, 994, 4630, 6041]",6
2200,7700,"[9988, 10175]","[2200, 9988, 10175, 7700]",3
9171,7620,"[8842, 8082, 7087, 2180, 7194]","[9171, 8842, 8082, 7087, 2180, 7194, 7620]",6
7593,4341,"[6729, 8668, 159]","[7593, 6729, 8668, 159, 4341]",4
6578,8640,"[7573, 8371]","[6578, 7573, 8371, 8640]",3
7373,3639,"[8468, 7045, 9601, 9404, 2340]","[7373, 8468, 7045, 9601, 9404, 2340, 3639]",6
1544,4639,"[2453, 5140, 7155, 9206, 862]","[1544, 2453, 5140, 7155, 9206, 862, 4639]",6
3080,535,"[5341, 7219, 4771, 4973, 5185]","[3080, 5341, 7219, 4771, 4973, 5185, 535]",6
2609,9717,"[2521, 4, 2341, 5834, 9709]","[2609, 2521, 4, 2341, 5834, 9709, 9717]",6
8559,8777,"[308, 7339, 8423]","[8559, 308, 7339, 8423, 8777]",4
5973,8940,"[7426, 1586, 6473]","[5973, 7426, 1586, 6473, 8940]",4
2855,6866,"[3381, 3659]","[2855, 3381, 3659, 6866]",3
9992,3094,"[10176, 5027, 1935, 1781]","[9992, 10176, 5027, 1935, 1781, 3094]",5
7982,5238,"[8393, 8945, 7766, 7458]","[7982, 8393, 8945, 7766, 7458, 5238]",5
956,4143,"[5096, 3095]","[956, 5096, 3095, 4143]",3
4731,8918,"[8441, 4875]","[4731, 8441, 4875, 8918]",3
6523,6782,"[8480, 4335, 2466, 999, 732]","[6523, 8480, 4335, 2466, 999, 732, 6782]",6
2035,7386,"[9471, 2701, 4113]","[2035, 9471, 2701, 4113, 7386]",4
342,10037,"[9589, 7335, 8785]","[342, 9589, 7335, 8785, 10037]",4
6057,558,"[4697, 796, 8326, 1681]","[6057, 4697, 796, 8326, 1681, 558]",5
9596,8739,"[9392, 1641]","[9596, 9392, 1641, 8739]",3
4294,7623,"[4158, 6229, 6989, 1414]","[4294, 4158, 6229, 6989, 1414, 7623]",5
7808,3556,"[819, 2876, 4038]","[7808, 819, 2876, 4038, 3556]",4
9702,8521,"[8149, 9681, 2186]","[9702, 8149, 9681, 2186, 8521]",4
9763,8841,"[3049, 2505, 7700, 4111]","[9763, 3049, 2505, 7700, 4111, 8841]",5
1464,1998,"[3965, 5324]","[1464, 3965, 5324, 1998]",3
3695,9946,"[3028, 8588]","[3695, 3028, 8588, 9946]",3
2777,9121,"[5417, 6797, 8453, 8540]","[2777, 5417, 6797, 8453, 8540, 9121]",5
45,7176,"[966, 6555, 6592, 9424, 9936]","[45, 966, 6555, 6592, 9424, 9936, 7176]",6
9424,8654,"[4347, 2840, 3549, 3182]","[9424, 4347, 2840, 3549, 3182, 8654]",5
6726,3559,"[9671, 1191, 1843]","[6726, 9671, 1191, 1843, 3559]",4
3062,7408,"[3424, 3683, 2933, 5718]","[3062, 3424, 3683, 2933, 5718, 7408]",5
231,10146,"[1213, 3933, 9770, 9130, 994]","[231, 1213, 3933, 9770, 9130, 994, 10146]",6
7584,4806,"[8172, 9697]","[7584, 8172, 9697, 4806]",3
903,10165,"[8566, 9963, 10160]","[903, 8566, 9963, 10160, 10165]",4
3386,6233,"[6567, 7198, 8864, 4687]","[3386, 6567, 7198, 8864, 4687, 6233]",5
7444,4405,"[9377, 9879, 652, 5197, 8321]","[7444, 9377, 9879, 652, 5197, 8321, 4405]",6
3194,5199,"[7033, 1759, 7266]","[3194, 7033, 1759, 7266, 5199]",4
394,5614,"[5152, 5616, 6050]","[394, 5152, 5616, 6050, 5614]",4
3925,3071,"[1399, 3996, 7205, 10015]","[3925, 1399, 3996, 7205, 10015, 3071]",5
1505,859,"[8250, 9515, 7379, 1975, 6407]","[1505, 8250, 9515, 7379, 1975, 6407, 859]",6
2807,2154,"[3144, 10144, 10189, 5613, 5717]","[2807, 3144, 10144, 10189, 5613, 5717, 2154]",6
202,9590,"[975, 5071, 8018, 667]","[202, 975, 5071, 8018, 667, 9590]",5
7664,8663,"[3278, 9998]","[7664, 3278, 9998, 8663]",3
8458,7392,"[6116, 7175]","[8458, 6116, 7175, 7392]",3
5729,4620,"[9505, 643, 3113, 862]","[5729, 9505, 643, 3113, 862, 4620]",5
2391,5622,"[6085, 6970, 1494, 2027]","[2391, 6085, 6970, 1494, 2027, 5622]",5
4638,7423,"[4538, 5332]","[4638, 4538, 5332, 7423]",3
5051,9787,"[5972, 5645]","[5051, 5972, 5645, 9787]",3
8125,2867,"[960, 4247]","[8125, 960, 4247, 2867]",3
6011,1450,"[9295, 8663, 5944, 4043, 1562]","[6011, 9295, 8663, 5944, 4043, 1562, 1450]",6
1559,3400,"[1828, 8054, 4521, 9011, 7308]","[1559, 1828, 8054, 4521, 9011, 7308, 3400]",6
1082,5972,"[3207, 9126]","[1082, 3207, 9126, 5972]",3
10127,6069,"[6115, 5324, 5417]","[10127, 6115, 5324, 5417, 6069]",4
4286,4858,"[7209, 4896, 1079, 10004]","[4286, 7209, 4896, 1079, 10004, 4858]",5
7636,9779,"[9929, 4476, 4556, 6143]","[7636, 9929, 4476, 4556, 6143, 9779]",5
9960,8486,"[1494, 2075, 7148]","[9960, 1494, 2075, 7148, 8486]",4
3988,10188,"[7175, 10160]","[3988, 7175, 10160, 10188]",3
1148,3632,"[2684, 4445, 7434, 9998]","[1148, 2684, 4445, 7434, 9998, 3632]",5
4382,9605,"[8501, 9291, 9532]","[4382, 8501, 9291, 9532, 9605]",4
189,7194,"[3651, 6955]","[189, 3651, 6955, 7194]",3
2809,3929,"[5928, 7913, 9503, 266]","[2809, 5928, 7913, 9503, 266, 3929]",5
4303,3292,"[9988, 10174, 7859, 6113]","[4303, 9988, 10174, 7859, 6113, 3292]",5
9295,3487,"[3398, 9126, 9531]","[9295, 3398, 9126, 9531, 3487]",4
1471,8124,"[6632, 9537, 9611, 8114]","[1471, 6632, 9537, 9611, 8114, 8124]",5
6105,9429,"[1061, 6542, 6199, 328]","[6105, 1061, 6542, 6199, 328, 9429]",5
9463,8104,"[2638, 9074]","[9463, 2638, 9074, 8104]",3
2934,6706,"[8479, 5099, 9906, 6204, 3487]","[2934, 8479, 5099, 9906, 6204, 3487, 6706]",6
2983,6924,"[7884, 3632, 9126, 2412]","[2983, 7884, 3632, 9126, 2412, 6924]",5
4515,3632,"[9472, 1656, 7220, 8295, 9098]","[4515, 9472, 1656, 7220, 8295, 9098, 3632]",6
865,9313,"[921, 2208, 7742]","[865, 921, 2208, 7742, 9313]",4
9765,4076,"[2741, 2860, 5324]","[9765, 2741, 2860, 5324, 4076]",4
6947,2203,"[4158, 1522, 7895, 7167, 3055]","[6947, 4158, 1522, 7895, 7167, 3055, 2203]",6
8174,876,"[8263, 7647, 7762]","[8174, 8263, 7647, 7762, 876]",4
9861,6690,"[7385, 4976, 5251]","[9861, 7385, 4976, 5251, 6690]",4
10189,6229,"[5915, 6276]","[10189, 5915, 6276, 6229]",3
1841,5944,"[6678, 9785, 3915, 3961]","[1841, 6678, 9785, 3915, 3961, 5944]",5
2956,8439,"[3029, 4609, 4976, 8313]","[2956, 3029, 4609, 4976, 8313, 8439]",5
821,3909,"[7842, 7844]","[821, 7842, 7844, 3909]",3
4419,6837,"[1969, 105, 2752, 8949, 2379]","[4419, 1969, 105, 2752, 8949, 2379, 6837]",6
534,9260,"[7390, 8435]","[534, 7390, 8435, 9260]",3
546,5201,"[9311, 8296]","[546, 9311, 8296, 5201]",3
9693,6236,"[10171, 856, 6119]","[9693, 10171, 856, 6119, 6236]",4
10134,4145,"[6085, 4928, 4563, 2044, 5705]","[10134, 6085, 4928, 4563, 2044, 5705, 4145]",6
9848,8394,"[311, 4024, 4793]","[9848, 311, 4024, 4793, 8394]",4
4092,4519,"[8231, 9251, 3603, 8631]","[4092, 8231, 9251, 3603, 8631, 4519]",5
8335,1816,"[9948, 5489, 4837]","[8335, 9948, 5489, 4837, 1816]",4
9404,2678,"[2300, 9544, 805]","[9404, 2300, 9544, 805, 2678]",4
9817,1832,"[5324, 2417]","[9817, 5324, 2417, 1832]",3
1461,9906,"[199, 7087, 7723]","[1461, 199, 7087, 7723, 9906]",4
2982,10102,"[8472, 9649]","[2982, 8472, 9649, 10102]",3
10021,7180,"[5417, 328, 7024]","[10021, 5417, 328, 7024, 7180]",4
6526,4507,"[3873, 9832, 9837, 1952]","[6526, 3873, 9832, 9837, 1952, 4507]",5
7206,3731,"[7820, 8505, 3447]","[7206, 7820, 8505, 3447, 3731]",4
1494,7700,"[6653, 8991]","[1494, 6653, 8991, 7700]",3
4455,10188,"[4858, 9048, 6678, 8216, 10160]","[4455, 4858, 9048, 6678, 8216, 10160, 10188]",6
7933,8334,"[8854, 9698, 5534, 3736, 5262]","[7933, 8854, 9698, 5534, 3736, 5262, 8334]",6
9795,1177,"[7273, 7819, 8629]","[9795, 7273, 7819, 8629, 1177]",4
4830,2391,"[5401, 8217]","[4830, 5401, 8217, 2391]",3
8720,7950,"[2471, 4506]","[8720, 2471, 4506, 7950]",3
2229,7700,"[10167, 8217, 8385, 9072, 9263]","[2229, 10167, 8217, 8385, 9072, 9263, 7700]",6
4596,5604,"[9639, 4728]","[4596, 9639, 4728, 5604]",3
1077,8874,"[3364, 9884, 4472, 7715]","[1077, 3364, 9884, 4472, 7715, 8874]",5
1421,10000,"[5166, 5619, 7235]","[1421, 5166, 5619, 7235, 10000]",4
1670,9896,"[5144, 7699, 9244]","[1670, 5144, 7699, 9244, 9896]",4
508,3604,"[7629, 392, 9353]","[508, 7629, 392, 9353, 3604]",4
10137,5968,"[7907, 9675, 2302, 4403]","[10137, 7907, 9675, 2302, 4403, 5968]",5
7297,7700,"[7962, 9653]","[7297, 7962, 9653, 7700]",3
6230,8303,"[1199, 4746]","[6230, 1199, 4746, 8303]",3
8115,1000,"[9897, 10190, 6797]","[8115, 9897, 10190, 6797, 1000]",4
4367,8423,"[1984, 6661, 57, 5628]","[4367, 1984, 6661, 57, 5628, 8423]",5
9407,643,"[4967, 5381, 2600, 6782]","[9407, 4967, 5381, 2600, 6782, 643]",5
9188,6117,"[9800, 3038, 8168]","[9188, 9800, 3038, 8168, 6117]",4
9673,8660,"[1528, 745]","[9673, 1528, 745, 8660]",3
9379,4920,"[9711, 9726, 2948, 7178, 7516]","[9379, 9711, 9726, 2948, 7178, 7516, 4920]",6
6881,1716,"[6993, 4118, 9659, 2847, 7624]","[6881, 6993, 4118, 9659, 2847, 7624, 1716]",6
929,7276,"[6993, 2893, 6653]","[929, 6993, 2893, 6653, 7276]",4
3505,3949,"[6572, 9668, 9762]","[3505, 6572, 9668, 9762, 3949]",4
336,9738,"[764, 3632, 643, 1716, 2460]","[336, 764, 3632, 643, 1716, 2460, 9738]",6
8302,1578,"[10045, 10175, 7700]","[8302, 10045, 10175, 7700, 1578]",4
1133,7629,"[5717, 2234, 5037, 5038]","[1133, 5717, 2234, 5037, 5038, 7629]",5
1623,7094,"[5652, 7796, 8000]","[1623, 5652, 7796, 8000, 7094]",4
2197,1270,"[3620, 5347]","[2197, 3620, 5347, 1270]",3
5102,5894,"[6619, 4638]","[5102, 6619, 4638, 5894]",3
24,7207,"[272, 6484, 7510, 483]","[24, 272, 6484, 7510, 483, 7207]",5
9636,8480,"[10047, 3632]","[9636, 10047, 3632, 8480]",3
4158,5482,"[7006, 4728]","[4158, 7006, 4728, 5482]",3
638,8217,"[3044, 3707]","[638, 3044, 3707, 8217]",3
7630,10175,"[8791, 9037, 10045]","[7630, 8791, 9037, 10045, 10175]",4
6446,8078,"[9071, 9246]","[6446, 9071, 9246, 8078]",3
9333,10156,"[9656, 10078, 10102]","[9333, 9656, 10078, 10102, 10156]",4
8599,3632,"[6326, 6541, 9913, 9963]","[8599, 6326, 6541, 9913, 9963, 3632]",5
740,9784,"[8969, 9729]","[740, 8969, 9729, 9784]",3
1891,5417,"[8366, 3292, 876]","[1891, 8366, 3292, 876, 5417]",4
7234,7202,"[5417, 9355]","[7234, 5417, 9355, 7202]",3
1196,5852,"[6197, 7281, 9989, 4792, 5494]","[1196, 6197, 7281, 9989, 4792, 5494, 5852]",6
181,5690,"[5905, 4921]","[181, 5905, 4921, 5690]",3
7407,2418,"[1398, 5151, 5432, 8314]","[7407, 1398, 5151, 5432, 8314, 2418]",5
7186,5417,"[6898, 7468, 10045, 10175, 7700]","[7186, 6898, 7468, 10045, 10175, 7700, 5417]",6
5512,8956,"[8712, 9839]","[5512, 8712, 9839, 8956]",3
7178,9698,"[2484, 6304, 8732]","[7178, 2484, 6304, 8732, 9698]",4
8370,1393,"[9343, 9554]","[8370, 9343, 9554, 1393]",3
459,4585,"[3055, 120, 4630, 392, 3987]","[459, 3055, 120, 4630, 392, 3987, 4585]",6
8914,604,"[1772, 2742, 3142]","[8914, 1772, 2742, 3142, 604]",4
5424,8721,"[6976, 3726, 7240, 9404]","[5424, 6976, 3726, 7240, 9404, 8721]",5
4064,2096,"[1586, 5451, 5964, 5036, 4879]","[4064, 1586, 5451, 5964, 5036, 4879, 2096]",6
9917,4032,"[3102, 4538, 10189, 8070]","[9917, 3102, 4538, 10189, 8070, 4032]",5
3671,4100,"[6897, 7367]","[3671, 6897, 7367, 4100]",3
2065,4685,"[8817, 9646, 2332, 2027]","[2065, 8817, 9646, 2332, 2027, 4685]",5
4699,86,"[7416, 10049, 5238]","[4699, 7416, 10049, 5238, 86]",4
2637,10196,"[7738, 10078]","[2637, 7738, 10078, 10196]",3
3687,7011,"[8531, 10138]","[3687, 8531, 10138, 7011]",3
8586,6601,"[2379, 5241, 7308, 5750]","[8586, 2379, 5241, 7308, 5750, 6601]",5
7822,5674,"[7965, 994, 9678, 9806, 7563]","[7822, 7965, 994, 9678, 9806, 7563, 5674]",6
213,1633,"[5662, 6240]","[213, 5662, 6240, 1633]",3
7460,365,"[7975, 8299, 667, 5417, 9986]","[7460, 7975, 8299, 667, 5417, 9986, 365]",6
4478,9603,"[8084, 1494, 8777, 6024]","[4478, 8084, 1494, 8777, 6024, 9603]",5
8624,2940,"[9304, 9571]","[8624, 9304, 9571, 2940]",3
3591,6845,"[4662, 7698]","[3591, 4662, 7698, 6845]",3
4769,4335,"[8140, 5851, 3448, 3478, 3195]","[4769, 8140, 5851, 3448, 3478, 3195, 4335]",6
8198,10196,"[9036, 9039, 10156]","[8198, 9036, 9039, 10156, 10196]",4
9252,4819,"[9689, 4806, 3881]","[9252, 9689, 4806, 3881, 4819]",4
433,8468,"[6078, 7043, 7456]","[433, 6078, 7043, 7456, 8468]",4
8270,8671,"[7087, 3082, 6355, 8920]","[8270, 7087, 3082, 6355, 8920, 8671]",5
8205,10109,"[8923, 4913, 8787, 9263]","[8205, 8923, 4913, 8787, 9263, 10109]",5
9533,3224,"[9383, 3302, 4217, 2180, 10032]","[9533, 9383, 3302, 4217, 2180, 10032, 3224]",6
9966,5204,"[10094, 10140, 2180, 3842]","[9966, 10094, 10140, 2180, 3842, 5204]",5
926,106,"[4058, 6799]","[926, 4058, 6799, 106]",3
348,9902,"[8781, 9811]","[348, 8781, 9811, 9902]",3
3265,2639,"[5791, 3407, 5021]","[3265, 5791, 3407, 5021, 2639]",4
5674,901,"[8250, 9187, 9831]","[5674, 8250, 9187, 9831, 901]",4
5434,663,"[4964, 123]","[5434, 4964, 123, 663]",3
411,9702,"[8159, 10192, 9135]","[411, 8159, 10192, 9135, 9702]",4
8467,5884,"[4372, 2458]","[8467, 4372, 2458, 5884]",3
3493,311,"[9595, 9936, 367, 9362, 22]","[3493, 9595, 9936, 367, 9362, 22, 311]",6
8210,1545,"[8714, 279, 368]","[8210, 8714, 279, 368, 1545]",4
8389,8250,"[9461, 3997, 2911]","[8389, 9461, 3997, 2911, 8250]",4
4601,9189,"[9161, 8750]","[4601, 9161, 8750, 9189]",3
4509,8840,"[3632, 5099, 3339, 3407, 7470]","[4509, 3632, 5099, 3339, 3407, 7470, 8840]",6
9819,3271,"[2701, 4546, 6771, 3601]","[9819, 2701, 4546, 6771, 3601, 3271]",5
7351,10143,"[9333, 9840, 10102, 10140]","[7351, 9333, 9840, 10102, 10140, 10143]",5
6690,1578,"[8734, 10084]","[6690, 8734, 10084, 1578]",3
2865,1395,"[1950, 5258, 3632, 9126]","[2865, 1950, 5258, 3632, 9126, 1395]",5
6259,8079,"[3962, 6947, 2416, 1857, 117]","[6259, 3962, 6947, 2416, 1857, 117, 8079]",6
9231,4866,"[9398, 1560]","[9231, 9398, 1560, 4866]",3
1099,5944,"[4758, 5455, 5417, 7538, 8663]","[1099, 4758, 5455, 5417, 7538, 8663, 5944]",6
666,2737,"[10044, 2302]","[666, 10044, 2302, 2737]",3
2319,9369,"[7451, 6819, 3336, 9157]","[2319, 7451, 6819, 3336, 9157, 9369]",5
609,9581,"[6511, 8461, 7538, 8958, 9225]","[609, 6511, 8461, 7538, 8958, 9225, 9581]",6
449,9514,"[1782, 4266, 8152, 10176]","[449, 1782, 4266, 8152, 10176, 9514]",5
4679,2379,"[10136, 5615, 3798, 5871, 9902]","[4679, 10136, 5615, 3798, 5871, 9902, 2379]",6
5584,541,"[4507, 1031, 8879, 1562, 9500]","[5584, 4507, 1031, 8879, 1562, 9500, 541]",6
7487,8940,"[9173, 9576, 5918, 7709]","[7487, 9173, 9576, 5918, 7709, 8940]",5
5306,8663,"[6262, 8501, 9916, 10034]","[5306, 6262, 8501, 9916, 10034, 8663]",5
1096,6515,"[1984, 9977, 2902, 5390]","[1096, 1984, 9977, 2902, 5390, 6515]",5
1,8186,"[402, 1835, 4328]","[1, 402, 1835, 4328, 8186]",4
448,7629,"[5839, 8104, 1506, 5434, 8847]","[448, 5839, 8104, 1506, 5434, 8847, 7629]",6
222,9544,"[4964, 1202]","[222, 4964, 1202, 9544]",3
7908,4976,"[3088, 8480, 2180]","[7908, 3088, 8480, 2180, 4976]",4
5749,520,"[8764, 6871, 6398]","[5749, 8764, 6871, 6398, 520]",4
4490,10102,"[7631, 9039, 9534, 9916, 10081]","[4490, 7631, 9039, 9534, 9916, 10081, 10102]",6
2100,7019,"[8663, 366]","[2100, 8663, 366, 7019]",3
6173,1914,"[3881, 5873, 7543, 2379, 9726]","[6173, 3881, 5873, 7543, 2379, 9726, 1914]",6
2055,3548,"[7546, 5241, 2784]","[2055, 7546, 5241, 2784, 3548]",4
3933,8384,"[4638, 5519, 7143]","[3933, 4638, 5519, 7143, 8384]",4
5822,8507,"[6197, 3179, 8220]","[5822, 6197, 3179, 8220, 8507]",4
7969,9892,"[6069, 2127, 9539, 8940, 8899]","[7969, 6069, 2127, 9539, 8940, 8899, 9892]",6
3046,6240,"[2701, 10023, 9792, 10044]","[3046, 2701, 10023, 9792, 10044, 6240]",5
1658,5871,"[8741, 10015, 8972, 9631, 7483]","[1658, 8741, 10015, 8972, 9631, 7483, 5871]",6
1266,5946,"[4572, 4756]","[1266, 4572, 4756, 5946]",3
1996,3338,"[6610, 2806, 1884]","[1996, 6610, 2806, 1884, 3338]",4
1922,7298,"[9485, 9300, 7587]","[1922, 9485, 9300, 7587, 7298]",4
1744,8399,"[6422, 7263, 10102, 10103]","[1744, 6422, 7263, 10102, 10103, 8399]",5
6556,9205,"[5417, 8593, 8250]","[6556, 5417, 8593, 8250, 9205]",4
9572,9455,"[9892, 106, 7296, 9440]","[9572, 9892, 106, 7296, 9440, 9455]",5
4832,5890,"[7530, 9446, 5301]","[4832, 7530, 9446, 5301, 5890]",4
8282,7723,"[2014, 6860, 6101, 6824]","[8282, 2014, 6860, 6101, 6824, 7723]",5
3688,8938,"[4357, 9267, 8671, 1127, 7510]","[3688, 4357, 9267, 8671, 1127, 7510, 8938]",6
1129,3478,"[10015, 9505, 2500, 7433, 7207]","[1129, 10015, 9505, 2500, 7433, 7207, 3478]",6
9427,8859,"[8780, 560, 9535, 8631]","[9427, 8780, 560, 9535, 8631, 8859]",5
9430,10015,"[5784, 7838, 9678]","[9430, 5784, 7838, 9678, 10015]",4
2484,10031,"[5750, 2939, 6245, 7272]","[2484, 5750, 2939, 6245, 7272, 10031]",5
9553,7972,"[8505, 6566]","[9553, 8505, 6566, 7972]",3
1034,4965,"[2893, 7006, 7243, 9583, 5696]","[1034, 2893, 7006, 7243, 9583, 5696, 4965]",6
2851,1753,"[7405, 7430]","[2851, 7405, 7430, 1753]",3
5917,7634,"[9733, 2638]","[5917, 9733, 2638, 7634]",3
9738,6408,"[4106, 8225, 555]","[9738, 4106, 8225, 555, 6408]",4
3604,5613,"[9353, 4285, 1560]","[3604, 9353, 4285, 1560, 5613]",4
5897,1811,"[1690, 7159]","[5897, 1690, 7159, 1811]",3
10176,9563,"[2543, 5238, 7465, 9384]","[10176, 2543, 5238, 7465, 9384, 9563]",5
10185,9696,"[2347, 3731, 3517, 7530]","[10185, 2347, 3731, 3517, 7530, 9696]",5
2570,9064,"[3113, 8703, 8797]","[2570, 3113, 8703, 8797, 9064]",4
9844,9706,"[2158, 4664]","[9844, 2158, 4664, 9706]",3
8806,8540,"[876, 10189]","[8806, 876, 10189, 8540]",3
8521,4477,"[3873, 8480]","[8521, 3873, 8480, 4477]",3
3380,1812,"[7204, 7723, 9986]","[3380, 7204, 7723, 9986, 1812]",4
4808,9929,"[8821, 8217]","[4808, 8821, 8217, 9929]",3
775,6835,"[10044, 8464]","[775, 10044, 8464, 6835]",3
5394,7563,"[5643, 7700]","[5394, 5643, 7700, 7563]",3
7200,290,"[311, 4424]","[7200, 311, 4424, 290]",3
1376,367,"[2029, 5139, 10001, 10084, 1741]","[1376, 2029, 5139, 10001, 10084, 1741, 367]",6
5588,9987,"[8189, 9612]","[5588, 8189, 9612, 9987]",3
9124,518,"[9796, 2986]","[9124, 9796, 2986, 518]",3
6026,9671,"[6758, 2027, 3224, 555]","[6026, 6758, 2027, 3224, 555, 9671]",5
8083,898,"[7173, 7713, 1682, 7162]","[8083, 7173, 7713, 1682, 7162, 898]",5
2017,9937,"[5567, 8720, 9762]","[2017, 5567, 8720, 9762, 9937]",4
9438,1535,"[5417, 652, 8326, 10004, 9619]","[9438, 5417, 652, 8326, 10004, 9619, 1535]",6
1735,2481,"[8501, 6928, 2933, 9373]","[1735, 8501, 6928, 2933, 9373, 2481]",5
3598,7700,"[9347, 9901]","[3598, 9347, 9901, 7700]",3
5025,5099,"[8663, 3632]","[5025, 8663, 3632, 5099]",3
4843,8461,"[7219, 2619]","[4843, 7219, 2619, 8461]",3
2256,10012,"[5738, 9798, 9958, 1363, 1673]","[2256, 5738, 9798, 9958, 1363, 1673, 10012]",6
9486,5415,"[5252, 9030, 6303, 6782]","[9486, 5252, 9030, 6303, 6782, 5415]",5
3802,9848,"[1414, 4637, 6639]","[3802, 1414, 4637, 6639, 9848]",4
2860,9995,"[6845, 4664, 5614]","[2860, 6845, 4664, 5614, 9995]",4
8284,3366,"[5304, 6959, 7249, 9991]","[8284, 5304, 6959, 7249, 9991, 3366]",5
7841,5109,"[9312, 9989]","[7841, 9312, 9989, 5109]",3
4625,10123,"[3464, 5594, 4164]","[4625, 3464, 5594, 4164, 10123]",4
705,4392,"[6772, 8295, 9811, 1332, 8781]","[705, 6772, 8295, 9811, 1332, 8781, 4392]",6
5925,6835,"[9204, 7957, 2908]","[5925, 9204, 7957, 2908, 6835]",4
6720,8938,"[3736, 2051]","[6720, 3736, 2051, 8938]",3
8543,4670,"[2006, 6050]","[8543, 2006, 6050, 4670]",3
3789,8977,"[4481, 7717]","[3789, 4481, 7717, 8977]",3
3282,5705,"[6038, 6500, 9779, 9995]","[3282, 6038, 6500, 9779, 9995, 5705]",5
3193,9202,"[6689, 7387, 8385]","[3193, 6689, 7387, 8385, 9202]",4
3424,8468,"[7621, 7424]","[3424, 7621, 7424, 8468]",3
3662,9179,"[7198, 2027, 7416]","[3662, 7198, 2027, 7416, 9179]",4
7019,9850,"[2442, 960, 5647, 7479, 8866]","[7019, 2442, 960, 5647, 7479, 8866, 9850]",6
8764,5913,"[6871, 1508, 1783, 3364]","[8764, 6871, 1508, 1783, 3364, 5913]",5
4632,7093,"[5344, 5903, 1414, 9816, 4826]","[4632, 5344, 5903, 1414, 9816, 4826, 7093]",6
9512,890,"[4987, 2065, 279, 5352, 4324]","[9512, 4987, 2065, 279, 5352, 4324, 890]",6
4035,9762,"[6669, 7189]","[4035, 6669, 7189, 9762]",3
9833,7792,"[876, 3646, 9986, 311, 5236]","[9833, 876, 3646, 9986, 311, 5236, 7792]",6
1213,9434,"[5238, 5307]","[1213, 5238, 5307, 9434]",3
6320,10129,"[8197, 9389, 7713, 3749]","[6320, 8197, 9389, 7713, 3749, 10129]",5
9456,4120,"[4896, 3688]","[9456, 4896, 3688, 4120]",3
2255,4143,"[8480, 3646, 10015, 1959, 2537]","[2255, 8480, 3646, 10015, 1959, 2537, 4143]",6
405,2972,"[2044, 6639]","[405, 2044, 6639, 2972]",3
6663,9370,"[3049, 463, 4793, 9052]","[6663, 3049, 463, 4793, 9052, 9370]",5
1939,3302,"[5523, 7520, 9555]","[1939, 5523, 7520, 9555, 3302]",4
9318,10140,"[10065, 4248, 7631, 7741, 9035]","[9318, 10065, 4248, 7631, 7741, 9035, 10140]",6
481,6069,"[3632, 643]","[481, 3632, 643, 6069]",3
5145,10088,"[8120, 9843, 8010]","[5145, 8120, 9843, 8010, 10088]",4
2596,7385,"[9980, 9098, 8246, 5417]","[2596, 9980, 9098, 8246, 5417, 7385]",5
237,4569,"[2456, 3050, 3347]","[237, 2456, 3050, 3347, 4569]",4
7021,10147,"[2533, 8240, 6309, 7700, 2959]","[7021, 2533, 8240, 6309, 7700, 2959, 10147]",6
5006,9987,"[9102, 9750, 7248]","[5006, 9102, 9750, 7248, 9987]",4
2054,3021,"[3206, 3136, 1123]","[2054, 3206, 3136, 1123, 3021]",4
3167,3539,"[2453, 6836, 8354, 3116]","[3167, 2453, 6836, 8354, 3116, 3539]",5
9582,3599,"[10160, 10188]","[9582, 10160, 10188, 3599]",3
4051,6159,"[4570, 5277, 2027, 7524, 7563]","[4051, 4570, 5277, 2027, 7524, 7563, 6159]",6
5746,51,"[7792, 1983]","[5746, 7792, 1983, 51]",3
5699,9300,"[7463, 9600]","[5699, 7463, 9600, 9300]",3
6520,7770,"[7723, 8556, 8777, 7877]","[6520, 7723, 8556, 8777, 7877, 7770]",5
1450,2584,"[2876, 5972]","[1450, 2876, 5972, 2584]",3
2038,5685,"[4726, 9024, 9102, 10096]","[2038, 4726, 9024, 9102, 10096, 5685]",5
733,9560,"[5417, 8892, 9764, 5619]","[733, 5417, 8892, 9764, 5619, 9560]",5
3999,5352,"[5643, 6911, 9784]","[3999, 5643, 6911, 9784, 5352]",4
9299,2234,"[9011, 9770, 8368]","[9299, 9011, 9770, 8368, 2234]",4
1536,9789,"[2611, 1215]","[1536, 2611, 1215, 9789]",3
2116,3636,"[10175, 1086]","[2116, 10175, 1086, 3636]",3
5532,6156,"[6265, 8836, 9373]","[5532, 6265, 8836, 9373, 6156]",4
9630,1691,"[6303, 7277]","[9630, 6303, 7277, 1691]",3
6929,8914,"[2614, 8846, 3963]","[6929, 2614, 8846, 3963, 8914]",4
6848,6332,"[22, 6426, 5005]","[6848, 22, 6426, 5005, 6332]",4
3210,9325,"[5106, 8787, 8964, 8971]","[3210, 5106, 8787, 8964, 8971, 9325]",5
6133,10102,"[8707, 9228]","[6133, 8707, 9228, 10102]",3
652,10009,"[2800, 3730, 7448, 5700, 6050]","[652, 2800, 3730, 7448, 5700, 6050, 10009]",6
3917,2340,"[7740, 8486, 6421]","[3917, 7740, 8486, 6421, 2340]",4
3881,2622,"[3487, 5005]","[3881, 3487, 5005, 2622]",3
8007,10131,"[3714, 6653, 97]","[8007, 3714, 6653, 97, 10131]",4
1894,2046,"[6473, 10075, 1828]","[1894, 6473, 10075, 1828, 2046]",4
4409,644,"[147, 9728, 9852, 10154, 3632]","[4409, 147, 9728, 9852, 10154, 3632, 644]",6
1800,9093,"[6970, 4335, 9465]","[1800, 6970, 4335, 9465, 9093]",4
8566,311,"[3490, 5304, 7536]","[8566, 3490, 5304, 7536, 311]",4
1391,9225,"[6092, 9552, 9824, 9143]","[1391, 6092, 9552, 9824, 9143, 9225]",5
1806,9634,"[8028, 7709, 3848]","[1806, 8028, 7709, 3848, 9634]",4
4720,3977,"[7102, 9098, 9581, 10005, 9174]","[4720, 7102, 9098, 9581, 10005, 9174, 3977]",6
2834,876,"[8872, 4957, 1599, 9141]","[2834, 8872, 4957, 1599, 9141, 876]",5
3126,6902,"[9795, 8296, 7019, 913]","[3126, 9795, 8296, 7019, 913, 6902]",5
7946,837,"[8574, 3404, 4785]","[7946, 8574, 3404, 4785, 837]",4
1884,5735,"[5115, 6055, 9706]","[1884, 5115, 6055, 9706, 5735]",4
2378,6443,"[8412, 8829, 6249, 3895]","[2378, 8412, 8829, 6249, 3895, 6443]",5
9288,4928,"[9425, 9978, 3541, 9231]","[9288, 9425, 9978, 3541, 9231, 4928]",5
5443,8486,"[7244, 7325]","[5443, 7244, 7325, 8486]",3
7012,10196,"[9228, 9855]","[7012, 9228, 9855, 10196]",3
8363,9686,"[3632, 644, 8441]","[8363, 3632, 644, 8441, 9686]",4
2887,10175,"[5696, 7251, 10103]","[2887, 5696, 7251, 10103, 10175]",4
7862,2300,"[9992, 10081, 10176, 4921, 5089]","[7862, 9992, 10081, 10176, 4921, 5089, 2300]",6
7547,10165,"[8322, 10065, 9158, 9807]","[7547, 8322, 10065, 9158, 9807, 10165]",5
2695,1914,"[10011, 2061, 328]","[2695, 10011, 2061, 328, 1914]",4
6696,9671,"[6449, 7735, 1772, 8940]","[6696, 6449, 7735, 1772, 8940, 9671]",5
1367,1681,"[9957, 6421, 5199]","[1367, 9957, 6421, 5199, 1681]",4
7523,5352,"[4546, 7220, 8005]","[7523, 4546, 7220, 8005, 5352]",4
687,9763,"[5944, 1228, 4315, 8798, 8838]","[687, 5944, 1228, 4315, 8798, 8838, 9763]",6
5277,8818,"[7046, 6869, 7026, 6720, 10059]","[5277, 7046, 6869, 7026, 6720, 10059, 8818]",6
7338,6798,"[6243, 5273, 5677, 6433, 4896]","[7338, 6243, 5273, 5677, 6433, 4896, 6798]",6
2125,7379,"[6513, 5099, 7260]","[2125, 6513, 5099, 7260, 7379]",4
1392,4638,"[4960, 5576, 7879, 10141]","[1392, 4960, 5576, 7879, 10141, 4638]",5
4726,5506,"[6755, 313]","[4726, 6755, 313, 5506]",3
6223,3292,"[9195, 3797, 652, 10189, 2027]","[6223, 9195, 3797, 652, 10189, 2027, 3292]",6
8940,6258,"[4637, 1607, 311, 987]","[8940, 4637, 1607, 311, 987, 6258]",5
6771,9886,"[6049, 9800, 9301]","[6771, 6049, 9800, 9301, 9886]",4
9117,3556,"[9556, 10083, 2640, 4625, 6433]","[9117, 9556, 10083, 2640, 4625, 6433, 3556]",6
560,8175,"[805, 5275]","[560, 805, 5275, 8175]",3
715,8480,"[2013, 7918, 8752, 10065, 3632]","[715, 2013, 7918, 8752, 10065, 3632, 8480]",6
7571,1176,"[9194, 9357, 9349, 4224]","[7571, 9194, 9357, 9349, 4224, 1176]",5
2648,9282,"[4935, 10047, 4687, 8864]","[2648, 4935, 10047, 4687, 8864, 9282]",5
1616,2162,"[7055, 5417, 5645, 2068]","[1616, 7055, 5417, 5645, 2068, 2162]",5
8142,2,"[6548, 6069, 4667]","[8142, 6548, 6069, 4667, 2]",4
5284,4499,"[7654, 8860]","[5284, 7654, 8860, 4499]",3
6126,9873,"[7841, 7700, 5944, 6694, 3598]","[6126, 7841, 7700, 5944, 6694, 3598, 9873]",6
2382,3487,"[3082, 117, 7875]","[2382, 3082, 117, 7875, 3487]",4
7600,8820,"[2893, 6202, 6235, 407]","[7600, 2893, 6202, 6235, 407, 8820]",5
730,10049,"[10064, 9758, 51, 3030, 876]","[730, 10064, 9758, 51, 3030, 876, 10049]",6
6852,5241,"[7751, 3760]","[6852, 7751, 3760, 5241]",3
6014,9591,"[7589, 10195, 3900, 4659, 6491]","[6014, 7589, 10195, 3900, 4659, 6491, 9591]",6
5337,9258,"[10129, 7303, 1545, 4228, 6970]","[5337, 10129, 7303, 1545, 4228, 6970, 9258]",6
9910,9612,"[9929, 368, 6088, 8183]","[9910, 9929, 368, 6088, 8183, 9612]",5
6053,9468,"[7894, 8327, 8354, 9894]","[6053, 7894, 8327, 8354, 9894, 9468]",5
1838,6566,"[8774, 10131, 3548, 180, 5381]","[1838, 8774, 10131, 3548, 180, 5381, 6566]",6
5326,1901,"[5446, 10186, 9424, 643]","[5326, 5446, 10186, 9424, 643, 1901]",5
579,8868,"[9567, 9698, 2312, 3172, 3984]","[579, 9567, 9698, 2312, 3172, 3984, 8868]",6
5943,6085,"[4735, 814, 8010, 10126]","[5943, 4735, 814, 8010, 10126, 6085]",5
4150,9500,"[1729, 8417]","[4150, 1729, 8417, 9500]",3
6733,4978,"[1759, 6767, 1025, 9843, 2250]","[6733, 1759, 6767, 1025, 9843, 2250, 4978]",6
2591,4670,"[3566, 7187, 8895]","[2591, 3566, 7187, 8895, 4670]",4
2592,2458,"[6534, 6966, 7595, 8461, 9748]","[2592, 6534, 6966, 7595, 8461, 9748, 2458]",6
8440,3123,"[8579, 1957]","[8440, 8579, 1957, 3123]",3
6627,8193,"[7786, 7884]","[6627, 7786, 7884, 8193]",3
4157,9518,"[7168, 8798, 9667, 4879, 1998]","[4157, 7168, 8798, 9667, 4879, 1998, 9518]",6
2580,7201,"[6348, 6451, 3770, 2336]","[2580, 6348, 6451, 3770, 2336, 7201]",5
6635,7900,"[7201, 5854]","[6635, 7201, 5854, 7900]",3
6370,10147,"[9089, 1086, 8696, 9018]","[6370, 9089, 1086, 8696, 9018, 10147]",5
291,8330,"[1152, 9330, 1857, 6236]","[291, 1152, 9330, 1857, 6236, 8330]",5
9479,4630,"[9667, 8801]","[9479, 9667, 8801, 4630]",3
3549,7784,"[6574, 2109, 704, 7048]","[3549, 6574, 2109, 704, 7048, 7784]",5
1518,8501,"[6680, 7928, 8296, 10092]","[1518, 6680, 7928, 8296, 10092, 8501]",5
1250,10081,"[6131, 9855, 9907]","[1250, 6131, 9855, 9907, 10081]",4
6228,6070,"[6330, 9342, 1830]","[6228, 6330, 9342, 1830, 6070]",4
182,10126,"[8940, 4930, 5607, 9787, 7552]","[182, 8940, 4930, 5607, 9787, 7552, 10126]",6
6861,9363,"[7067, 9878, 9978, 9543, 7392]","[6861, 7067, 9878, 9978, 9543, 7392, 9363]",6
7400,3919,"[10109, 4837, 9448, 3049, 9758]","[7400, 10109, 4837, 9448, 3049, 9758, 3919]",6
8482,7498,"[9729, 9898, 7477]","[8482, 9729, 9898, 7477, 7498]",4
8923,9312,"[9145, 9791, 8427]","[8923, 9145, 9791, 8427, 9312]",4
9390,3290,"[9452, 7949, 1575]","[9390, 9452, 7949, 1575, 3290]",4
2752,7700,"[5241, 9468, 8296, 8931, 2840]","[2752, 5241, 9468, 8296, 8931, 2840, 7700]",6
10143,9904,"[1741, 6982, 9377]","[10143, 1741, 6982, 9377, 9904]",4
1019,6771,"[8663, 3873, 9976, 5972]","[1019, 8663, 3873, 9976, 5972, 6771]",5
714,9503,"[3981, 5247, 8682]","[714, 3981, 5247, 8682, 9503]",4
10050,3818,"[877, 2006, 4585, 5705]","[10050, 877, 2006, 4585, 5705, 3818]",5
2881,7865,"[5826, 9704]","[2881, 5826, 9704, 7865]",3
5372,9158,"[1035, 3518]","[5372, 1035, 3518, 9158]",3
5610,4670,"[6511, 1741, 3373]","[5610, 6511, 1741, 3373, 4670]",4
9194,7067,"[10157, 4172]","[9194, 10157, 4172, 7067]",3
2610,7981,"[2976, 9674, 491, 1749, 7083]","[2610, 2976, 9674, 491, 1749, 7083, 7981]",6
4146,1219,"[5436, 6984, 9563, 1464]","[4146, 5436, 6984, 9563, 1464, 1219]",5
5771,6899,"[9942, 10183, 9903, 5152]","[5771, 9942, 10183, 9903, 5152, 6899]",5
6481,9828,"[8271, 3928, 4699, 4734]","[6481, 8271, 3928, 4699, 4734, 9828]",5
9370,3719,"[2102, 9135, 9267, 3646, 10133]","[9370, 2102, 9135, 9267, 3646, 10133, 3719]",6
4810,3964,"[9600, 9753, 9807, 9822]","[4810, 9600, 9753, 9807, 9822, 3964]",5
3444,6852,"[4120, 7087, 8011, 2972]","[3444, 4120, 7087, 8011, 2972, 6852]",5
1356,311,"[8540, 9427, 9011, 369, 103]","[1356, 8540, 9427, 9011, 369, 103, 311]",6
7757,8980,"[8339, 9461, 8140, 39, 8524]","[7757, 8339, 9461, 8140, 39, 8524, 8980]",6
2188,7723,"[4033, 3961]","[2188, 4033, 3961, 7723]",3
2996,1669,"[8321, 4997, 1414, 6401, 9702]","[2996, 8321, 4997, 1414, 6401, 9702, 1669]",6
5948,4319,"[5417, 960, 9601, 558, 1466]","[5948, 5417, 960, 9601, 558, 1466, 4319]",6
657,5534,"[7219, 7369, 4501]","[657, 7219, 7369, 4501, 5534]",4
5582,8818,"[7700, 9290, 10010]","[5582, 7700, 9290, 10010, 8818]",4
5253,9572,"[6978, 8232, 6798, 6118, 7150]","[5253, 6978, 8232, 6798, 6118, 7150, 9572]",6
10004,6345,"[7207, 7765]","[10004, 7207, 7765, 6345]",3
4105,5468,"[8296, 8931, 3531]","[4105, 8296, 8931, 3531, 5468]",4
9409,1407,"[9875, 442]","[9409, 9875, 442, 1407]",3
8702,45,"[9850, 10110, 10147, 7335]","[8702, 9850, 10110, 10147, 7335, 45]",5
7567,3997,"[7872, 7908]","[7567, 7872, 7908, 3997]",3
1972,7085,"[7024, 9807, 10143]","[1972, 7024, 9807, 10143, 7085]",4
4938,8675,"[5339, 6213, 9173, 9576]","[4938, 5339, 6213, 9173, 9576, 8675]",5
1023,8540,"[3089, 3715, 9583, 832, 9310]","[1023, 3089, 3715, 9583, 832, 9310, 8540]",6
4867,8657,"[5027, 9660, 9187, 8660]","[4867, 5027, 9660, 9187, 8660, 8657]",5
8413,765,"[10126, 2500, 4439, 558]","[8413, 10126, 2500, 4439, 558, 765]",5
2880,3736,"[6579, 8473, 4195, 3113]","[2880, 6579, 8473, 4195, 3113, 3736]",5
6450,2015,"[7971, 8463, 8945]","[6450, 7971, 8463, 8945, 2015]",4
7673,6231,"[2584, 4316, 2793]","[7673, 2584, 4316, 2793, 6231]",4
6613,6902,"[8217, 9022, 9357]","[6613, 8217, 9022, 9357, 6902]",4
8829,2235,"[9537, 9611, 9260, 6835]","[8829, 9537, 9611, 9260, 6835, 2235]",5
8250,7475,"[1753, 822]","[8250, 1753, 822, 7475]",3
1695,5474,"[311, 9997, 3632, 8480]","[1695, 311, 9997, 3632, 8480, 5474]",5
1779,9961,"[231, 4637, 7082, 6590, 9361]","[1779, 231, 4637, 7082, 6590, 9361, 9961]",6
2493,7319,"[9211, 7334, 451, 6375]","[2493, 9211, 7334, 451, 6375, 7319]",5
5406,9657,"[10031, 652]","[5406, 10031, 652, 9657]",3
598,5417,"[8032, 8712, 9109, 9512, 4806]","[598, 8032, 8712, 9109, 9512, 4806, 5417]",6
6201,7723,"[8596, 9128, 5099, 3153]","[6201, 8596, 9128, 5099, 3153, 7723]",5
6136,7845,"[960, 898]","[6136, 960, 898, 7845]",3
2293,8124,"[2620, 4689, 7447, 9339]","[2293, 2620, 4689, 7447, 9339, 8124]",5
6919,22,"[3407, 3339, 2584, 10195]","[6919, 3407, 3339, 2584, 10195, 22]",5
2520,4867,"[7135, 8296, 3769]","[2520, 7135, 8296, 3769, 4867]",4
3224,7880,"[4533, 7006, 7276, 267, 6859]","[3224, 4533, 7006, 7276, 267, 6859, 7880]",6
1472,8773,"[8938, 1459, 3527, 8198, 8640]","[1472, 8938, 1459, 3527, 8198, 8640, 8773]",6
6332,5164,"[5005, 7914]","[6332, 5005, 7914, 5164]",3
9109,9822,"[7700, 5201, 7281, 9807]","[9109, 7700, 5201, 7281, 9807, 9822]",5
7111,9407,"[1219, 955, 6810, 7279, 8495]","[7111, 1219, 955, 6810, 7279, 8495, 9407]",6
7875,4109,"[4111, 2934]","[7875, 4111, 2934, 4109]",3
6249,5843,"[4175, 3292, 626]","[6249, 4175, 3292, 626, 5843]",4
6479,3820,"[1525, 9141, 8585, 8186]","[6479, 1525, 9141, 8585, 8186, 3820]",5
4002,1741,"[7203, 7353, 8481, 10140, 10143]","[4002, 7203, 7353, 8481, 10140, 10143, 1741]",6
8422,4236,"[1178, 9770, 5091, 9670, 8378]","[8422, 1178, 9770, 5091, 9670, 8378, 4236]",6
6288,2506,"[9712, 9300, 9471, 4825]","[6288, 9712, 9300, 9471, 4825, 2506]",5
2972,9832,"[8233, 2640, 5967, 8007]","[2972, 8233, 2640, 5967, 8007, 9832]",5
9403,1202,"[4670, 9303, 10146, 5307]","[9403, 4670, 9303, 10146, 5307, 1202]",5
9846,3695,"[7143, 1875, 1533]","[9846, 7143, 1875, 1533, 3695]",4
3531,6661,"[7534, 10044, 10166, 1984]","[3531, 7534, 10044, 10166, 1984, 6661]",5
2968,3881,"[6635, 7465]","[2968, 6635, 7465, 3881]",3
9732,4100,"[7143, 8543, 3548, 9954]","[9732, 7143, 8543, 3548, 9954, 4100]",5
7668,10055,"[5209, 8964, 9749]","[7668, 5209, 8964, 9749, 10055]",4
6804,994,"[10038, 2948, 2639, 1015]","[6804, 10038, 2948, 2639, 1015, 994]",5
4432,4990,"[4196, 3199, 6824, 3531, 3505]","[4432, 4196, 3199, 6824, 3531, 3505, 4990]",6
6620,5964,"[2077, 1560, 2142]","[6620, 2077, 1560, 2142, 5964]",4
4247,7623,"[8543, 2979, 6078, 3139]","[4247, 8543, 2979, 6078, 3139, 7623]",5
6742,9896,"[6347, 955, 2125, 8500, 9263]","[6742, 6347, 955, 2125, 8500, 9263, 9896]",6
9292,2249,"[8079, 4342, 9770, 8446, 1120]","[9292, 8079, 4342, 9770, 8446, 1120, 2249]",6
3190,8126,"[8486, 4397, 6678]","[3190, 8486, 4397, 6678, 8126]",4
8846,3537,"[5872, 4879, 4694]","[8846, 5872, 4879, 4694, 3537]",4
4173,3153,"[8750, 5584, 7864]","[4173, 8750, 5584, 7864, 3153]",4
4184,6295,"[8663, 2379]","[4184, 8663, 2379, 6295]",3
9643,7439,"[8663, 3206, 7056]","[9643, 8663, 3206, 7056, 7439]",4
4570,7059,"[7533, 5427]","[4570, 7533, 5427, 7059]",3
7888,9959,"[10180, 9910]","[7888, 10180, 9910, 9959]",3
6435,10063,"[2006, 4342, 5237, 8445]","[6435, 2006, 4342, 5237, 8445, 10063]",5
6111,56,"[2513, 3591, 7739, 8528]","[6111, 2513, 3591, 7739, 8528, 56]",5
5171,1741,"[8462, 10001]","[5171, 8462, 10001, 1741]",3
4374,7979,"[6159, 5594, 2911]","[4374, 6159, 5594, 2911, 7979]",4
1271,8296,"[8014, 9966, 10140, 10143]","[1271, 8014, 9966, 10140, 10143, 8296]",5
3361,9680,"[3747, 9248, 9014, 6860, 4673]","[3361, 3747, 9248, 9014, 6860, 4673, 9680]",6
4854,4830,"[6669, 10072, 1741, 4570, 6963]","[4854, 6669, 10072, 1741, 4570, 6963, 4830]",6
1333,9765,"[5845, 3374]","[1333, 5845, 3374, 9765]",3
2531,10196,"[4447, 9840, 10140, 10156]","[2531, 4447, 9840, 10140, 10156, 10196]",5
5853,4921,"[7432, 6924, 652, 3113, 7516]","[5853, 7432, 6924, 652, 3113, 7516, 4921]",6
9454,7940,"[3527, 9634]","[9454, 3527, 9634, 7940]",3
9422,8376,"[2488, 3875, 3947]","[9422, 2488, 3875, 3947, 8376]",4
3732,10196,"[4657, 5719, 9840, 10081]","[3732, 4657, 5719, 9840, 10081, 10196]",5
0,8346,"[6504, 7978]","[0, 6504, 7978, 8346]",3
5381,10000,"[9462, 9567, 9682]","[5381, 9462, 9567, 9682, 10000]",4
5747,2969,"[9210, 3632, 8480, 2180]","[5747, 9210, 3632, 8480, 2180, 2969]",5
9121,8955,"[901, 6405, 3024, 4997]","[9121, 901, 6405, 3024, 4997, 8955]",5
6807,4658,"[8217, 9421, 4957, 7358, 10193]","[6807, 8217, 9421, 4957, 7358, 10193, 4658]",6
290,9631,"[3741, 4685, 5035, 9452, 2061]","[290, 3741, 4685, 5035, 9452, 2061, 9631]",6
3307,911,"[7941, 258, 6819, 1885]","[3307, 7941, 258, 6819, 1885, 911]",5
5159,8113,"[5035, 8253, 898, 1606, 5093]","[5159, 5035, 8253, 898, 1606, 5093, 8113]",6
9018,3632,"[740, 4631, 6155]","[9018, 740, 4631, 6155, 3632]",4
9338,5972,"[9787, 9513, 5164, 6758, 9454]","[9338, 9787, 9513, 5164, 6758, 9454, 5972]",6
2271,7956,"[9942, 5252, 7178, 5241]","[2271, 9942, 5252, 7178, 5241, 7956]",5
9515,1729,"[7026, 6464, 8830]","[9515, 7026, 6464, 8830, 1729]",4
5438,7979,"[6082, 6924]","[5438, 6082, 6924, 7979]",3
4012,9891,"[6921, 2020]","[4012, 6921, 2020, 9891]",3
8466,5502,"[9331, 3881]","[8466, 9331, 3881, 5502]",3
6292,3139,"[7770, 5099, 9814, 8399, 9843]","[6292, 7770, 5099, 9814, 8399, 9843, 3139]",6
3150,4615,"[9194, 7595, 5342, 5887, 4897]","[3150, 9194, 7595, 5342, 5887, 4897, 4615]",6
367,3918,"[898, 3818, 6117]","[367, 898, 3818, 6117, 3918]",4
7295,1565,"[4175, 9468]","[7295, 4175, 9468, 1565]",3
7080,7709,"[9746, 4602, 9480, 10133, 9454]","[7080, 9746, 4602, 9480, 10133, 9454, 7709]",6
9797,8615,"[3632, 9126, 1393, 9996, 8501]","[9797, 3632, 9126, 1393, 9996, 8501, 8615]",6
6047,7547,"[6980, 5901]","[6047, 6980, 5901, 7547]",3
5235,9065,"[8099, 8974, 6353]","[5235, 8099, 8974, 6353, 9065]",4
1444,2762,"[8478, 9172, 10037]","[1444, 8478, 9172, 10037, 2762]",4
7462,7143,"[8149, 4670, 8054]","[7462, 8149, 4670, 8054, 7143]",4
5248,4947,"[2125, 695]","[5248, 2125, 695, 4947]",3
5286,4494,"[893, 9980]","[5286, 893, 9980, 4494]",3
3945,2529,"[8558, 5364]","[3945, 8558, 5364, 2529]",3
5246,6006,"[6845, 6930, 423, 394, 635]","[5246, 6845, 6930, 423, 394, 635, 6006]",6
4152,1578,"[8634, 9859]","[4152, 8634, 9859, 1578]",3
6775,3889,"[9612, 7700, 2959, 1432, 8104]","[6775, 9612, 7700, 2959, 1432, 8104, 3889]",6
10190,6039,"[8750, 9075]","[10190, 8750, 9075, 6039]",3
6082,9798,"[7175, 5417, 8593]","[6082, 7175, 5417, 8593, 9798]",4
8087,7900,"[9897, 643]","[8087, 9897, 643, 7900]",3
7720,989,"[399, 7871, 1133, 9179, 6189]","[7720, 399, 7871, 1133, 9179, 6189, 989]",6
8098,10196,"[9534, 10102]","[8098, 9534, 10102, 10196]",3
9684,9861,"[8104, 8079, 2019]","[9684, 8104, 8079, 2019, 9861]",4
1191,9744,"[6907, 7808, 2414, 4208]","[1191, 6907, 7808, 2414, 4208, 9744]",5
2428,1749,"[6167, 1952, 3662, 2900]","[2428, 6167, 1952, 3662, 2900, 1749]",5
8209,2893,"[8912, 3790, 9984, 123, 231]","[8209, 8912, 3790, 9984, 123, 231, 2893]",6
7950,7700,"[8231, 8582, 6511, 3096]","[7950, 8231, 8582, 6511, 3096, 7700]",5
1187,1786,"[4563, 8568, 6070]","[1187, 4563, 8568, 6070, 1786]",4
6975,6220,"[8754, 9905, 3298, 4638]","[6975, 8754, 9905, 3298, 4638, 6220]",5
7190,8370,"[7768, 4192]","[7190, 7768, 4192, 8370]",3
7809,9688,"[8824, 9631, 9902, 1753]","[7809, 8824, 9631, 9902, 1753, 9688]",5
9472,8417,"[890, 9634]","[9472, 890, 9634, 8417]",3
3733,3278,"[2235, 364, 3531]","[3733, 2235, 364, 3531, 3278]",4
1940,4357,"[7892, 8531, 9515, 8294]","[1940, 7892, 8531, 9515, 8294, 4357]",5
1160,9427,"[1182, 8940, 3274]","[1160, 1182, 8940, 3274, 9427]",4
6030,6426,"[6561, 1152, 4335]","[6030, 6561, 1152, 4335, 6426]",4
5750,8250,"[5873, 8148, 8124, 6930, 7417]","[5750, 5873, 8148, 8124, 6930, 7417, 8250]",6
4337,10044,"[217, 10129, 9552, 6802, 5687]","[4337, 217, 10129, 9552, 6802, 5687, 10044]",6
7223,4335,"[7448, 9292]","[7223, 7448, 9292, 4335]",3
6955,9581,"[7844, 8114]","[6955, 7844, 8114, 9581]",3
7945,1914,"[8838, 9613, 328]","[7945, 8838, 9613, 328, 1914]",4
310,5027,"[1757, 7114, 5265, 4637]","[310, 1757, 7114, 5265, 4637, 5027]",5
9015,9840,"[9039, 9534, 9592, 9656]","[9015, 9039, 9534, 9592, 9656, 9840]",5
1085,6817,"[5167, 6706, 106, 6246]","[1085, 5167, 6706, 106, 6246, 6817]",5
1307,8347,"[5377, 6761, 9612, 8296]","[1307, 5377, 6761, 9612, 8296, 8347]",5
3040,3632,"[8986, 9749, 10055, 5417, 2422]","[3040, 8986, 9749, 10055, 5417, 2422, 3632]",6
7271,44,"[2406, 2834, 114, 8739, 123]","[7271, 2406, 2834, 114, 8739, 123, 44]",6
1969,682,"[3648, 8042, 8055, 498]","[1969, 3648, 8042, 8055, 498, 682]",5
909,8004,"[2893, 4448]","[909, 2893, 4448, 8004]",3
7315,5033,"[7303, 7285]","[7315, 7303, 7285, 5033]",3
9545,5433,"[9929, 5621, 9940, 704, 6269]","[9545, 9929, 5621, 9940, 704, 6269, 5433]",6
7543,3087,"[7575, 9342]","[7543, 7575, 9342, 3087]",3
7565,3364,"[8189, 7046]","[7565, 8189, 7046, 3364]",3
7621,1599,"[3082, 5594]","[7621, 3082, 5594, 1599]",3
3869,1741,"[10136, 8394, 5415]","[3869, 10136, 8394, 5415, 1741]",4
4592,3632,"[4674, 5070]","[4592, 4674, 5070, 3632]",3
2302,3278,"[6230, 3420]","[2302, 6230, 3420, 3278]",3
2303,5265,"[4195, 5972, 8974]","[2303, 4195, 5972, 8974, 5265]",4
7449,4475,"[2203, 6720, 4689, 3714]","[7449, 2203, 6720, 4689, 3714, 4475]",5
6307,7680,"[9260, 784, 9571, 1570]","[6307, 9260, 784, 9571, 1570, 7680]",5
3527,6767,"[2280, 4466]","[3527, 2280, 4466, 6767]",3
2014,832,"[2701, 1983, 8452, 9885, 6289]","[2014, 2701, 1983, 8452, 9885, 6289, 832]",6
7578,4879,"[10043, 5241, 5474, 5324, 7058]","[7578, 10043, 5241, 5474, 5324, 7058, 4879]",6
223,6849,"[361, 10096, 4424]","[223, 361, 10096, 4424, 6849]",4
1343,5388,"[1476, 7328, 4901]","[1343, 1476, 7328, 4901, 5388]",4
2444,1591,"[5663, 7979, 8660, 10190, 2893]","[2444, 5663, 7979, 8660, 10190, 2893, 1591]",6
5873,7006,"[6653, 9986, 491]","[5873, 6653, 9986, 491, 7006]",4
6846,3116,"[4439, 8832, 9810]","[6846, 4439, 8832, 9810, 3116]",4
1818,4804,"[2235, 7173]","[1818, 2235, 7173, 4804]",3
4304,6661,"[9145, 6496, 9158, 9362, 3518]","[4304, 9145, 6496, 9158, 9362, 3518, 6661]",6
3070,3831,"[5417, 7586]","[3070, 5417, 7586, 3831]",3
3773,7093,"[4807, 1450, 9500, 4287, 3983]","[3773, 4807, 1450, 9500, 4287, 3983, 7093]",6
6220,8597,"[8236, 3156, 7591]","[6220, 8236, 3156, 7591, 8597]",4
9900,6117,"[106, 9415, 9304, 1779]","[9900, 106, 9415, 9304, 1779, 6117]",5
133,8478,"[1415, 1670, 1892, 8467]","[133, 1415, 1670, 1892, 8467, 8478]",5
1706,6249,"[9356, 7094]","[1706, 9356, 7094, 6249]",3
6746,7880,"[8834, 10038, 865, 217, 3997]","[6746, 8834, 10038, 865, 217, 3997, 7880]",6
3325,9584,"[7373, 3695]","[3325, 7373, 3695, 9584]",3
10144,6610,"[8663, 4100, 2422, 3898, 5403]","[10144, 8663, 4100, 2422, 3898, 5403, 6610]",6
5634,8660,"[6947, 3741, 2300, 7015]","[5634, 6947, 3741, 2300, 7015, 8660]",5
3015,9126,"[2208, 6902, 5972]","[3015, 2208, 6902, 5972, 9126]",4
8222,8113,"[9595, 9605, 2180, 3012, 9699]","[8222, 9595, 9605, 2180, 3012, 9699, 8113]",6
1857,7451,"[9520, 2062, 1127, 1494]","[1857, 9520, 2062, 1127, 1494, 7451]",5
4202,3689,"[7295, 5417, 960, 6158]","[4202, 7295, 5417, 960, 6158, 3689]",5
10063,4033,"[9739, 1126]","[10063, 9739, 1126, 4033]",3
3166,7586,"[8788, 4832, 9381, 9594, 5417]","[3166, 8788, 4832, 9381, 9594, 5417, 7586]",6
9277,9903,"[2880, 4711, 1361, 3047, 7850]","[9277, 2880, 4711, 1361, 3047, 7850, 9903]",6
6310,5534,"[10149, 5042, 8034]","[6310, 10149, 5042, 8034, 5534]",4
2584,9012,"[10015, 3997]","[2584, 10015, 3997, 9012]",3
5713,913,"[56, 9595, 9934]","[5713, 56, 9595, 9934, 913]",4
7564,491,"[10149, 9940, 2582, 7673, 7768]","[7564, 10149, 9940, 2582, 7673, 7768, 491]",6
3797,6046,"[7203, 7207, 7457, 8828]","[3797, 7203, 7207, 7457, 8828, 6046]",5
6248,6117,"[4233, 3958, 6354, 1528, 2759]","[6248, 4233, 3958, 6354, 1528, 2759, 6117]",6
3121,1167,"[8480, 6720]","[3121, 8480, 6720, 1167]",3
2139,966,"[3354, 246, 10107]","[2139, 3354, 246, 10107, 966]",4
6120,1079,"[10044, 2934, 2379, 3820]","[6120, 10044, 2934, 2379, 3820, 1079]",5
6695,4849,"[6960, 7035]","[6695, 6960, 7035, 4849]",3
7260,4309,"[6937, 8923, 1576, 3873, 2412]","[7260, 6937, 8923, 1576, 3873, 2412, 4309]",6
9824,3805,"[2653, 7534]","[9824, 2653, 7534, 3805]",3
692,4737,"[4990, 6026]","[692, 4990, 6026, 4737]",3
7880,7843,"[5972, 7075, 1647, 7202, 8703]","[7880, 5972, 7075, 1647, 7202, 8703, 7843]",6
3374,10196,"[5020, 5838, 8002, 9966]","[3374, 5020, 5838, 8002, 9966, 10196]",5
9095,3632,"[4476, 5020, 5139, 8458, 9677]","[9095, 4476, 5020, 5139, 8458, 9677, 3632]",6
2519,3983,"[3292, 9338]","[2519, 3292, 9338, 3983]",3
8078,9906,"[9246, 6539, 6658, 6818, 9605]","[8078, 9246, 6539, 6658, 6818, 9605, 9906]",6
2512,2557,"[8589, 6332, 535]","[2512, 8589, 6332, 535, 2557]",4
7778,10186,"[10044, 2302, 8084]","[7778, 10044, 2302, 8084, 10186]",4
9033,366,"[3928, 3571]","[9033, 3928, 3571, 366]",3
7659,8392,"[9011, 2186, 6771]","[7659, 9011, 2186, 6771, 8392]",4
2395,6813,"[2379, 8681, 6375, 9844, 2020]","[2395, 2379, 8681, 6375, 9844, 2020, 6813]",6
1665,8688,"[6426, 4399, 2926, 555, 8867]","[1665, 6426, 4399, 2926, 555, 8867, 8688]",6
1410,9603,"[960, 6666]","[1410, 960, 6666, 9603]",3
4630,9360,"[8119, 2595, 3514, 4186]","[4630, 8119, 2595, 3514, 4186, 9360]",5
9514,1455,"[3171, 5915, 7213, 3270]","[9514, 3171, 5915, 7213, 3270, 1455]",5
4129,3528,"[9921, 10186, 106]","[4129, 9921, 10186, 106, 3528]",4
3632,8987,"[5099, 5944, 876]","[3632, 5099, 5944, 876, 8987]",4
7864,10110,"[2300, 9403, 9468, 9606]","[7864, 2300, 9403, 9468, 9606, 10110]",5
2559,3695,"[9744, 2269]","[2559, 9744, 2269, 3695]",3
8804,5019,"[2860, 9549, 4516, 5122]","[8804, 2860, 9549, 4516, 5122, 5019]",5
2348,3712,"[6561, 1234]","[2348, 6561, 1234, 3712]",3
4140,7273,"[5487, 7572]","[4140, 5487, 7572, 7273]",3
3622,8739,"[5424, 7087, 2180]","[3622, 5424, 7087, 2180, 8739]",4
9025,888,"[9478, 7700, 800]","[9025, 9478, 7700, 800, 888]",4
4791,9744,"[9946, 8540, 9171]","[4791, 9946, 8540, 9171, 9744]",4
7072,7086,"[2928, 4574]","[7072, 2928, 4574, 7086]",3
1035,8703,"[266, 3933]","[1035, 266, 3933, 8703]",3
8308,2494,"[7445, 3487]","[8308, 7445, 3487, 2494]",3
5404,8470,"[123, 162, 8777]","[5404, 123, 162, 8777, 8470]",4
5310,2153,"[6861, 3919, 510]","[5310, 6861, 3919, 510, 2153]",4
7691,1394,"[8940, 2344, 8336, 6217, 8220]","[7691, 8940, 2344, 8336, 6217, 8220, 1394]",6
9525,3977,"[8831, 7445, 7875, 3653, 5252]","[9525, 8831, 7445, 7875, 3653, 5252, 3977]",6
3043,2744,"[7016, 8867, 6347]","[3043, 7016, 8867, 6347, 2744]",4
5662,7618,"[9699, 9834]","[5662, 9699, 9834, 7618]",3
473,2354,"[5122, 3148]","[473, 5122, 3148, 2354]",3
2320,9649,"[4641, 7086, 7741]","[2320, 4641, 7086, 7741, 9649]",4
7360,3897,"[7843, 5786, 2571, 6365]","[7360, 7843, 5786, 2571, 6365, 3897]",5
3805,5304,"[9300, 10110, 7692, 9715]","[3805, 9300, 10110, 7692, 9715, 5304]",5
4980,7034,"[7997, 10193, 4374, 5417]","[4980, 7997, 10193, 4374, 5417, 7034]",5
10183,8933,"[877, 2997, 7228, 7456, 9924]","[10183, 877, 2997, 7228, 7456, 9924, 8933]",6
3737,10196,"[9534, 9649, 10102]","[3737, 9534, 9649, 10102, 10196]",4
6438,3507,"[6534, 6736, 6831, 3339]","[6438, 6534, 6736, 6831, 3339, 3507]",5
1970,1494,"[8691, 9195, 4045]","[1970, 8691, 9195, 4045, 1494]",4
2051,9892,"[9676, 4953, 3082, 9805, 7493]","[2051, 9676, 4953, 3082, 9805, 7493, 9892]",6
9449,643,"[10154, 3632]","[9449, 10154, 3632, 643]",3
7512,6826,"[2619, 4475, 6635, 5460, 7955]","[7512, 2619, 4475, 6635, 5460, 7955, 6826]",6
3305,4546,"[8833, 9579]","[3305, 8833, 9579, 4546]",3
4459,9892,"[2488, 4709, 5190, 3736]","[4459, 2488, 4709, 5190, 3736, 9892]",5
869,6357,"[1023, 1226]","[869, 1023, 1226, 6357]",3
8834,7087,"[9221, 9749, 9974]","[8834, 9221, 9749, 9974, 7087]",4
9337,2606,"[3858, 6636, 5091]","[9337, 3858, 6636, 5091, 2606]",4
10085,6426,"[8296, 9102, 10096, 4335]","[10085, 8296, 9102, 10096, 4335, 6426]",5
1611,8986,"[7126, 7945, 8327, 8347]","[1611, 7126, 7945, 8327, 8347, 8986]",5
2218,1398,"[3274, 652, 6087, 8554]","[2218, 3274, 652, 6087, 8554, 1398]",5
1026,8681,"[3584, 3898]","[1026, 3584, 3898, 8681]",3
7928,10149,"[643, 5011, 4494, 9895]","[7928, 643, 5011, 4494, 9895, 10149]",5
5540,8663,"[9537, 9611]","[5540, 9537, 9611, 8663]",3
5735,9018,"[5734, 2180, 7194, 8845]","[5735, 5734, 2180, 7194, 8845, 9018]",5
313,3294,"[6584, 7344, 8125]","[313, 6584, 7344, 8125, 3294]",4
4243,3928,"[8501, 9632]","[4243, 8501, 9632, 3928]",3
913,9843,"[7766, 167, 9765, 4637]","[913, 7766, 167, 9765, 4637, 9843]",5
2500,736,"[4895, 6039, 1028]","[2500, 4895, 6039, 1028, 736]",4
9831,5944,"[3898, 8345, 2712, 1525]","[9831, 3898, 8345, 2712, 1525, 5944]",5
932,8780,"[2931, 2692, 7125, 7202, 9999]","[932, 2931, 2692, 7125, 7202, 9999, 8780]",6
1347,9520,"[6685, 9399, 643, 1857, 10107]","[1347, 6685, 9399, 643, 1857, 10107, 9520]",6
9513,9282,"[4895, 4923]","[9513, 4895, 4923, 9282]",3
1434,5159,"[8842, 9779, 10032, 6039]","[1434, 8842, 9779, 10032, 6039, 5159]",5
5976,4967,"[9890, 7754]","[5976, 9890, 7754, 4967]",3
1455,10059,"[5492, 1414, 6653, 5474, 7740]","[1455, 5492, 1414, 6653, 5474, 7740, 10059]",6
891,9959,"[1813, 3880, 8215]","[891, 1813, 3880, 8215, 9959]",4
2607,4806,"[5398, 5399, 5461, 7553]","[2607, 5398, 5399, 5461, 7553, 4806]",5
633,5881,"[758, 7143, 5733, 6706, 2800]","[633, 758, 7143, 5733, 6706, 2800, 5881]",6
1174,5674,"[3043, 7880]","[1174, 3043, 7880, 5674]",3
8255,3171,"[5241, 7125, 9361, 80]","[8255, 5241, 7125, 9361, 80, 3171]",5
2971,7026,"[7864, 8569, 9976, 5366, 9290]","[2971, 7864, 8569, 9976, 5366, 9290, 7026]",6
3365,6874,"[9126, 5594, 4335, 2466, 1891]","[3365, 9126, 5594, 4335, 2466, 1891, 6874]",6
6187,9102,"[5417, 1064, 4346]","[6187, 5417, 1064, 4346, 9102]",4
532,9944,"[6389, 8109, 9592]","[532, 6389, 8109, 9592, 9944]",4
3618,8592,"[3760, 4064, 9923, 2127]","[3618, 3760, 4064, 9923, 2127, 8592]",5
7458,9075,"[6720, 6421, 7242, 8667]","[7458, 6720, 6421, 7242, 8667, 9075]",5
5523,2772,"[9550, 10048, 5042, 1813]","[5523, 9550, 10048, 5042, 1813, 2772]",5
5842,9288,"[8966, 4537, 7213]","[5842, 8966, 4537, 7213, 9288]",4
8245,3268,"[8599, 9300, 553, 2105, 10133]","[8245, 8599, 9300, 553, 2105, 10133, 3268]",6
1007,3082,"[7190, 8688]","[1007, 7190, 8688, 3082]",3
360,10179,"[3126, 8363, 8513]","[360, 3126, 8363, 8513, 10179]",4
2381,2918,"[9563, 5601, 3818]","[2381, 9563, 5601, 3818, 2918]",4
5360,3987,"[8339, 8625, 9172, 2006, 5917]","[5360, 8339, 8625, 9172, 2006, 5917, 3987]",6
9654,1714,"[2900, 9970]","[9654, 2900, 9970, 1714]",3
7858,10196,"[9916, 9944, 10102]","[7858, 9916, 9944, 10102, 10196]",4
2521,6632,"[6568, 4806, 5204]","[2521, 6568, 4806, 5204, 6632]",4
413,911,"[8051, 8830, 10174, 7881]","[413, 8051, 8830, 10174, 7881, 911]",5
8731,120,"[1467, 4946, 7405]","[8731, 1467, 4946, 7405, 120]",4
5047,10184,"[9768, 5912]","[5047, 9768, 5912, 10184]",3
3202,311,"[3966, 7541]","[3202, 3966, 7541, 311]",3
10025,6824,"[4830, 3601, 5028, 6748]","[10025, 4830, 3601, 5028, 6748, 6824]",5
3237,7188,"[3632, 9126, 8888, 3591]","[3237, 3632, 9126, 8888, 3591, 7188]",5
9509,9594,"[9682, 9553, 1496, 9446]","[9509, 9682, 9553, 1496, 9446, 9594]",5
4415,2354,"[7949, 8168]","[4415, 7949, 8168, 2354]",3
2384,8746,"[7440, 9463, 3094]","[2384, 7440, 9463, 3094, 8746]",4
100,9631,"[2849, 9913, 9951, 8824]","[100, 2849, 9913, 9951, 8824, 9631]",5
2025,3268,"[7797, 9691, 10186, 3632, 8480]","[2025, 7797, 9691, 10186, 3632, 8480, 3268]",6
5190,8480,"[5390, 9205, 8296, 9612, 3632]","[5190, 5390, 9205, 8296, 9612, 3632, 8480]",6
3447,10000,"[8854, 8875]","[3447, 8854, 8875, 10000]",3
7029,4973,"[8945, 7323, 1857]","[7029, 8945, 7323, 1857, 4973]",4
4833,9120,"[3975, 8660, 6111, 7713, 10037]","[4833, 3975, 8660, 6111, 7713, 10037, 9120]",6
9995,9135,"[106, 3038, 9353, 7319, 861]","[9995, 106, 3038, 9353, 7319, 861, 9135]",6
6615,9325,"[7251, 8840, 159]","[6615, 7251, 8840, 159, 9325]",4
4463,7319,"[8148, 9564, 9942]","[4463, 8148, 9564, 9942, 7319]",4
5268,3898,"[3420, 9028, 1748]","[5268, 3420, 9028, 1748, 3898]",4
8421,10196,"[8472, 9907, 10081, 10156]","[8421, 8472, 9907, 10081, 10156, 10196]",5
9909,5248,"[652, 8082, 8938]","[9909, 652, 8082, 8938, 5248]",4
1708,4585,"[3024, 9667, 10184]","[1708, 3024, 9667, 10184, 4585]",4
5967,1759,"[3814, 6246]","[5967, 3814, 6246, 1759]",3
531,4233,"[9770, 6117]","[531, 9770, 6117, 4233]",3
2042,6982,"[7263, 9228, 9966, 10081, 2180]","[2042, 7263, 9228, 9966, 10081, 2180, 6982]",6
7285,7868,"[3340, 5440, 8084, 9734, 3195]","[7285, 3340, 5440, 8084, 9734, 3195, 7868]",6
4953,9330,"[2876, 7093, 8938]","[4953, 2876, 7093, 8938, 9330]",4
9491,8847,"[2860, 2874]","[9491, 2860, 2874, 8847]",3
591,9179,"[1213, 7871, 3463, 4034]","[591, 1213, 7871, 3463, 4034, 9179]",5
192,9668,"[6891, 8182]","[192, 6891, 8182, 9668]",3
8686,4399,"[5965, 3703, 6555]","[8686, 5965, 3703, 6555, 4399]",4
303,4826,"[1943, 4836, 1716, 9500]","[303, 1943, 4836, 1716, 9500, 4826]",5
3286,875,"[8104, 877]","[3286, 8104, 877, 875]",3
2689,1914,"[3632, 9126, 3773]","[2689, 3632, 9126, 3773, 1914]",4
5567,2471,"[7803, 8055, 8106, 8217, 10169]","[5567, 7803, 8055, 8106, 8217, 10169, 2471]",6
8230,6303,"[6728, 10018, 3632, 644, 3023]","[8230, 6728, 10018, 3632, 644, 3023, 6303]",6
4283,8575,"[4312, 6774]","[4283, 4312, 6774, 8575]",3
2630,9626,"[4026, 5873, 758, 4670]","[2630, 4026, 5873, 758, 4670, 9626]",5
9350,4688,"[10152, 6947, 201, 3785, 4501]","[9350, 10152, 6947, 201, 3785, 4501, 4688]",6
4688,8548,"[9468, 7242, 7379, 7260, 6050]","[4688, 9468, 7242, 7379, 7260, 6050, 8548]",6
8623,7143,"[5434, 4856, 5430, 2006, 6636]","[8623, 5434, 4856, 5430, 2006, 6636, 7143]",6
204,4737,"[2480, 3867, 6285, 8662, 9124]","[204, 2480, 3867, 6285, 8662, 9124, 4737]",6
8707,8798,"[9333, 10140, 2180]","[8707, 9333, 10140, 2180, 8798]",4
7994,9527,"[6873, 2208, 6836, 7786, 9581]","[7994, 6873, 2208, 6836, 7786, 9581, 9527]",6
6797,5965,"[5348, 1562, 6710, 8604]","[6797, 5348, 1562, 6710, 8604, 5965]",5
6164,4665,"[4997, 4076]","[6164, 4997, 4076, 4665]",3
8032,8928,"[28, 6818]","[8032, 28, 6818, 8928]",3
3112,9377,"[9910, 10046, 7563, 5417, 6069]","[3112, 9910, 10046, 7563, 5417, 6069, 9377]",6
9420,4439,"[8006, 9488, 4457]","[9420, 8006, 9488, 4457, 4439]",4
3277,7143,"[6984, 8812]","[3277, 6984, 8812, 7143]",3
762,5426,"[8540, 9533, 1466]","[762, 8540, 9533, 1466, 5426]",4
4291,9126,"[4749, 7124, 8986, 3632]","[4291, 4749, 7124, 8986, 3632, 9126]",5
4543,3463,"[9914, 8321]","[4543, 9914, 8321, 3463]",3
283,2533,"[6924, 6860, 311, 8000]","[283, 6924, 6860, 311, 8000, 2533]",5
9595,643,"[9605, 5304, 8881]","[9595, 9605, 5304, 8881, 643]",4
3009,10050,"[1891, 8142, 3024, 6070, 2356]","[3009, 1891, 8142, 3024, 6070, 2356, 10050]",6
702,7587,"[6095, 7479, 8891, 832, 4583]","[702, 6095, 7479, 8891, 832, 4583, 7587]",6
7225,7511,"[7808, 6152, 9052, 242]","[7225, 7808, 6152, 9052, 242, 7511]",5
7314,3892,"[8080, 1262, 5707, 7418]","[7314, 8080, 1262, 5707, 7418, 3892]",5
933,10196,"[9656, 9916, 9944, 10078, 10102]","[933, 9656, 9916, 9944, 10078, 10102, 10196]",6
3627,8353,"[9014, 1578, 7979, 1857, 1741]","[3627, 9014, 1578, 7979, 1857, 1741, 8353]",6
5645,1915,"[3741, 7563, 9965, 6078, 7213]","[5645, 3741, 7563, 9965, 6078, 7213, 1915]",6
2424,8074,"[7743, 7971]","[2424, 7743, 7971, 8074]",3
1862,9093,"[5001, 9714, 9126]","[1862, 5001, 9714, 9126, 9093]",4
8199,3662,"[9762, 10157, 9527]","[8199, 9762, 10157, 9527, 3662]",4
7395,8778,"[3116, 3426, 4692, 7387]","[7395, 3116, 3426, 4692, 7387, 8778]",5
617,8852,"[2383, 6637, 7897]","[617, 2383, 6637, 7897, 8852]",4
8948,8501,"[8006, 8475]","[8948, 8006, 8475, 8501]",3
7914,3679,"[8554, 9505, 10126, 8938, 6237]","[7914, 8554, 9505, 10126, 8938, 6237, 3679]",6
8745,4279,"[9770, 2571]","[8745, 9770, 2571, 4279]",3
9483,3632,"[7243, 9583]","[9483, 7243, 9583, 3632]",3
5245,4057,"[3298, 8104, 6070, 287]","[5245, 3298, 8104, 6070, 287, 4057]",5
7043,684,"[9659, 9423]","[7043, 9659, 9423, 684]",3
4250,5750,"[4494, 5417]","[4250, 4494, 5417, 5750]",3
5482,7443,"[2800, 31, 7293, 1891, 7019]","[5482, 2800, 31, 7293, 1891, 7019, 7443]",6
6858,7685,"[8624, 9736]","[6858, 8624, 9736, 7685]",3
4937,9580,"[8788, 8854]","[4937, 8788, 8854, 9580]",3
10033,3816,"[558, 9505]","[10033, 558, 9505, 3816]",3
1680,9691,"[6023, 8004, 8439, 2757]","[1680, 6023, 8004, 8439, 2757, 9691]",5
8643,4869,"[6236, 8625, 9245, 9604, 7714]","[8643, 6236, 8625, 9245, 9604, 7714, 4869]",6
8184,643,"[5099, 159, 2188, 3632]","[8184, 5099, 159, 2188, 3632, 643]",5
4749,2379,"[7166, 8179, 5241]","[4749, 7166, 8179, 5241, 2379]",4
6708,7494,"[2656, 7155]","[6708, 2656, 7155, 7494]",3
9539,1580,"[4353, 9079]","[9539, 4353, 9079, 1580]",3
8798,1393,"[9699, 10012, 10031]","[8798, 9699, 10012, 10031, 1393]",4
6687,6083,"[7595, 1236, 4873]","[6687, 7595, 1236, 4873, 6083]",4
5358,9991,"[5384, 3531, 6460, 6824]","[5358, 5384, 3531, 6460, 6824, 9991]",5
5075,3696,"[123, 5036, 3047]","[5075, 123, 5036, 3047, 3696]",4
3582,5897,"[3214, 1690]","[3582, 3214, 1690, 5897]",3
3984,8296,"[5417, 7432, 6663, 4351, 2177]","[3984, 5417, 7432, 6663, 4351, 2177, 8296]",6
6802,7898,"[3260, 9304, 7059]","[6802, 3260, 9304, 7059, 7898]",4
1456,6720,"[5037, 9468, 5099]","[1456, 5037, 9468, 5099, 6720]",4
2762,6780,"[6795, 9300, 10110]","[2762, 6795, 9300, 10110, 6780]",4
1313,9525,"[2358, 4507, 7246, 9117, 9052]","[1313, 2358, 4507, 7246, 9117, 9052, 9525]",6
5049,8508,"[6727, 8091, 8821, 9993, 5581]","[5049, 6727, 8091, 8821, 9993, 5581, 8508]",6
6442,6595,"[8976, 6677, 4033, 3893]","[6442, 8976, 6677, 4033, 3893, 6595]",5
4248,7949,"[5461, 643, 4208, 45, 6782]","[4248, 5461, 643, 4208, 45, 6782, 7949]",6
306,9089,"[4910, 7764]","[306, 4910, 7764, 9089]",3
2249,9392,"[7979, 4005]","[2249, 7979, 4005, 9392]",3
5040,4102,"[6024, 1578, 8540, 738]","[5040, 6024, 1578, 8540, 738, 4102]",5
978,5985,"[3670, 8399]","[978, 3670, 8399, 5985]",3
2227,2759,"[6076, 9174]","[2227, 6076, 9174, 2759]",3
9129,9377,"[10065, 3441, 3598, 8111]","[9129, 10065, 3441, 3598, 8111, 9377]",5
5506,5803,"[3179, 5009, 5558, 10001, 3116]","[5506, 3179, 5009, 5558, 10001, 3116, 5803]",6
5181,8830,"[9484, 9533, 1152, 3545]","[5181, 9484, 9533, 1152, 3545, 8830]",5
9012,7600,"[1107, 3278]","[9012, 1107, 3278, 7600]",3
9531,9739,"[2918, 3818]","[9531, 2918, 3818, 9739]",3
8242,1025,"[9369, 8, 775, 5224]","[8242, 9369, 8, 775, 5224, 1025]",5
321,8564,"[1904, 8461, 3179, 4421, 8222]","[321, 1904, 8461, 3179, 4421, 8222, 8564]",6
8821,8326,"[9030, 1466, 1840]","[8821, 9030, 1466, 1840, 8326]",4
6096,1274,"[2308, 7563, 4405, 4666]","[6096, 2308, 7563, 4405, 4666, 1274]",5
3620,5786,"[8988, 9135]","[3620, 8988, 9135, 5786]",3
1394,1393,"[5739, 7350, 4507]","[1394, 5739, 7350, 4507, 1393]",4
9540,8019,"[8627, 9514, 4064, 4637]","[9540, 8627, 9514, 4064, 4637, 8019]",5
9674,6471,"[491, 644]","[9674, 491, 644, 6471]",3
8373,1061,"[644, 3741, 8818]","[8373, 644, 3741, 8818, 1061]",4
3902,8954,"[4954, 7276, 7346]","[3902, 4954, 7276, 7346, 8954]",4
6191,6276,"[4968, 9892, 5150]","[6191, 4968, 9892, 5150, 6276]",4
602,5664,"[9564, 106]","[602, 9564, 106, 5664]",3
10078,6615,"[10081, 2180, 4950, 9609]","[10078, 10081, 2180, 4950, 9609, 6615]",5
5817,10171,"[7312, 8198, 9693]","[5817, 7312, 8198, 9693, 10171]",4
4085,7954,"[6230, 3095, 2324]","[4085, 6230, 3095, 2324, 7954]",4
8281,1994,"[3741, 3591, 2957]","[8281, 3741, 3591, 2957, 1994]",4
1751,6979,"[3818, 849, 827]","[1751, 3818, 849, 827, 6979]",4
6189,8104,"[2044, 7430]","[6189, 2044, 7430, 8104]",3
9585,4335,"[7405, 1787]","[9585, 7405, 1787, 4335]",3
2169,8972,"[7733, 736, 643, 3814, 4896]","[2169, 7733, 736, 643, 3814, 4896, 8972]",6
6941,10192,"[6653, 8148, 7292, 394, 806]","[6941, 6653, 8148, 7292, 394, 806, 10192]",6
1642,4896,"[10147, 7819, 8217, 9615, 9634]","[1642, 10147, 7819, 8217, 9615, 9634, 4896]",6
10198,10097,"[658, 667, 199]","[10198, 658, 667, 199, 10097]",4
9717,2446,"[9195, 7852, 10044, 5851]","[9717, 9195, 7852, 10044, 5851, 2446]",5
3626,6460,"[7020, 9841, 7118, 4, 2589]","[3626, 7020, 9841, 7118, 4, 2589, 6460]",6
737,5099,"[1729, 5748, 8668]","[737, 1729, 5748, 8668, 5099]",4
2812,7550,"[3632, 643]","[2812, 3632, 643, 7550]",3
3817,4102,"[4118, 9733, 2638, 1293]","[3817, 4118, 9733, 2638, 1293, 4102]",5
4913,9612,"[9088, 9586]","[4913, 9088, 9586, 9612]",3
73,3896,"[2461, 6220, 5917]","[73, 2461, 6220, 5917, 3896]",4
5816,4476,"[2125, 7137, 5328]","[5816, 2125, 7137, 5328, 4476]",4
4883,3987,"[1125, 7629]","[4883, 1125, 7629, 3987]",3
6899,3292,"[8627, 2481]","[6899, 8627, 2481, 3292]",3
6037,9655,"[3938, 9471]","[6037, 3938, 9471, 9655]",3
7399,8867,"[1133, 578, 5972, 9531, 571]","[7399, 1133, 578, 5972, 9531, 571, 8867]",6
8973,6049,"[5027, 855]","[8973, 5027, 855, 6049]",3
4824,1317,"[7057, 7350, 6666]","[4824, 7057, 7350, 6666, 1317]",4
5760,7499,"[10157, 9527, 9595, 9897]","[5760, 10157, 9527, 9595, 9897, 7499]",5
5600,8480,"[5630, 6289, 5748, 9488, 3632]","[5600, 5630, 6289, 5748, 9488, 3632, 8480]",6
3073,3231,"[5300, 287, 7779, 162, 2557]","[3073, 5300, 287, 7779, 162, 2557, 3231]",6
7624,8674,"[9630, 3726, 8721, 6285, 8667]","[7624, 9630, 3726, 8721, 6285, 8667, 8674]",6
7747,2506,"[8763, 9005, 7700, 2934]","[7747, 8763, 9005, 7700, 2934, 2506]",5
3544,7766,"[5080, 9665, 652, 4102, 7543]","[3544, 5080, 9665, 652, 4102, 7543, 7766]",6
4209,4335,"[8788, 9933]","[4209, 8788, 9933, 4335]",3
5672,10023,"[7387, 9697, 2619]","[5672, 7387, 9697, 2619, 10023]",4
5518,8141,"[3557, 5534, 9957]","[5518, 3557, 5534, 9957, 8141]",4
752,7438,"[6795, 7059, 704]","[752, 6795, 7059, 704, 7438]",4
425,4230,"[311, 2867, 5466, 1494, 6874]","[425, 311, 2867, 5466, 1494, 6874, 4230]",6
9235,3078,"[704, 4337, 217, 3268, 93]","[9235, 704, 4337, 217, 3268, 93, 3078]",6
4962,738,"[7627, 9551, 3364, 5450]","[4962, 7627, 9551, 3364, 5450, 738]",5
2693,9709,"[6457, 6488, 9725, 28, 5834]","[2693, 6457, 6488, 9725, 28, 5834, 9709]",6
6290,5417,"[9636, 9760]","[6290, 9636, 9760, 5417]",3
9221,6516,"[9667, 9563, 3055]","[9221, 9667, 9563, 3055, 6516]",4
8038,7765,"[6486, 3339, 2752]","[8038, 6486, 3339, 2752, 7765]",4
8959,5099,"[7955, 2027, 7844, 4157, 3632]","[8959, 7955, 2027, 7844, 4157, 3632, 5099]",6
7439,9531,"[8704, 3741]","[7439, 8704, 3741, 9531]",3
1231,8364,"[2118, 3179, 3775, 5303, 7573]","[1231, 2118, 3179, 3775, 5303, 7573, 8364]",6
1326,4499,"[4630, 2006, 2044, 1340]","[1326, 4630, 2006, 2044, 1340, 4499]",5
1107,4351,"[7432, 479]","[1107, 7432, 479, 4351]",3
6805,6645,"[7431, 5417, 3546, 5875]","[6805, 7431, 5417, 3546, 5875, 6645]",5
7350,8366,"[8867, 8186]","[7350, 8867, 8186, 8366]",3
2329,1914,"[7479, 2422, 7219]","[2329, 7479, 2422, 7219, 1914]",4
5036,5150,"[7975, 1978]","[5036, 7975, 1978, 5150]",3
6831,9117,"[4335, 4492, 1079]","[6831, 4335, 4492, 1079, 9117]",4
6989,4731,"[7405, 2488, 553]","[6989, 7405, 2488, 553, 4731]",4
1688,6448,"[2070, 5796, 6701, 3173]","[1688, 2070, 5796, 6701, 3173, 6448]",5
3559,605,"[5525, 8441, 7369]","[3559, 5525, 8441, 7369, 605]",4
824,10196,"[6402, 7086, 10094, 10156]","[824, 6402, 7086, 10094, 10156, 10196]",5
7816,2543,"[5534, 9904, 8818]","[7816, 5534, 9904, 8818, 2543]",4
4903,1735,"[8375, 8716, 3632, 644, 3962]","[4903, 8375, 8716, 3632, 644, 3962, 1735]",6
588,3632,"[1583, 10045, 10058]","[588, 1583, 10045, 10058, 3632]",4
884,4341,"[8663, 3770, 10006]","[884, 8663, 3770, 10006, 4341]",4
2815,1991,"[3541, 3956, 3270, 10193, 8446]","[2815, 3541, 3956, 3270, 10193, 8446, 1991]",6
4540,5787,"[9760, 4403, 4792]","[4540, 9760, 4403, 4792, 5787]",4
9612,10097,"[8296, 8420, 8630, 4759]","[9612, 8296, 8420, 8630, 4759, 10097]",5
641,7338,"[6802, 9792]","[641, 6802, 9792, 7338]",3
2904,6246,"[1280, 960, 2941, 4120, 1691]","[2904, 1280, 960, 2941, 4120, 1691, 6246]",6
744,1914,"[6772, 8882, 9352, 7518]","[744, 6772, 8882, 9352, 7518, 1914]",5
4918,8205,"[9325, 9715, 7271]","[4918, 9325, 9715, 7271, 8205]",4
5122,7538,"[9667, 5241, 9266, 2619, 6558]","[5122, 9667, 5241, 9266, 2619, 6558, 7538]",6
1669,2027,"[3292, 7087, 1748, 3113]","[1669, 3292, 7087, 1748, 3113, 2027]",5
2973,6143,"[9377, 9540, 5367, 7033, 8783]","[2973, 9377, 9540, 5367, 7033, 8783, 6143]",6
6464,231,"[22, 86, 5823, 9752, 2158]","[6464, 22, 86, 5823, 9752, 2158, 231]",6
8596,2761,"[9018, 8701, 6869, 5352, 7538]","[8596, 9018, 8701, 6869, 5352, 7538, 2761]",6
7168,5194,"[6720, 6976]","[7168, 6720, 6976, 5194]",3
2772,9989,"[3034, 8151, 8429, 8888]","[2772, 3034, 8151, 8429, 8888, 9989]",5
10133,3364,"[3646, 7087, 5944, 8688]","[10133, 3646, 7087, 5944, 8688, 3364]",5
9676,9705,"[7087, 9961]","[9676, 7087, 9961, 9705]",3
3877,8295,"[7029, 7491]","[3877, 7029, 7491, 8295]",3
6406,10152,"[3541, 7654, 10141, 6691]","[6406, 3541, 7654, 10141, 6691, 10152]",5
6705,3231,"[2203, 9832, 4400, 5566]","[6705, 2203, 9832, 4400, 5566, 3231]",5
4400,8653,"[7678, 8528, 5142]","[4400, 7678, 8528, 5142, 8653]",4
2300,5159,"[8647, 1535, 6555]","[2300, 8647, 1535, 6555, 5159]",4
8134,955,"[2481, 7346, 4638]","[8134, 2481, 7346, 4638, 955]",4
8899,1857,"[2638, 3937]","[8899, 2638, 3937, 1857]",3
3360,8314,"[9605, 9906, 3556, 2500]","[3360, 9605, 9906, 3556, 2500, 8314]",5
4733,9715,"[6211, 7063, 8055, 9325]","[4733, 6211, 7063, 8055, 9325, 9715]",5
3270,3546,"[1560, 2234, 5616, 6619]","[3270, 1560, 2234, 5616, 6619, 3546]",5
6939,8556,"[9998, 3632, 643, 3820]","[6939, 9998, 3632, 643, 3820, 8556]",5
3084,5106,"[4335, 9784, 1885, 3398, 1307]","[3084, 4335, 9784, 1885, 3398, 1307, 5106]",6
5636,1181,"[8923, 9729, 9784, 6869, 7898]","[5636, 8923, 9729, 9784, 6869, 7898, 1181]",6
1538,5622,"[9198, 7566, 2259]","[1538, 9198, 7566, 2259, 5622]",4
2234,5823,"[3663, 4342]","[2234, 3663, 4342, 5823]",3
8820,6146,"[8824, 1959]","[8820, 8824, 1959, 6146]",3
6798,10126,"[9117, 9519, 7242]","[6798, 9117, 9519, 7242, 10126]",4
8842,3726,"[5955, 5871, 6421, 5164, 1291]","[8842, 5955, 5871, 6421, 5164, 1291, 3726]",6
10001,9895,"[6964, 1205, 1714, 5259, 9750]","[10001, 6964, 1205, 1714, 5259, 9750, 9895]",6
2408,4457,"[4251, 5432]","[2408, 4251, 5432, 4457]",3
5698,6486,"[9833, 960]","[5698, 9833, 960, 6486]",3
4470,2512,"[8044, 9303, 1432, 2313]","[4470, 8044, 9303, 1432, 2313, 2512]",5
7243,5083,"[9583, 3662, 4372, 6114, 5042]","[7243, 9583, 3662, 4372, 6114, 5042, 5083]",6
5350,3632,"[9918, 862, 5241, 5985, 9908]","[5350, 9918, 862, 5241, 5985, 9908, 3632]",6
3541,4033,"[684, 9282, 2106]","[3541, 684, 9282, 2106, 4033]",4
2569,3736,"[9757, 491]","[2569, 9757, 491, 3736]",3
9267,3463,"[8422, 1053, 1679]","[9267, 8422, 1053, 1679, 3463]",4
699,7499,"[1157, 7555, 8238, 8958, 9357]","[699, 1157, 7555, 8238, 8958, 9357, 7499]",6
7718,4392,"[9095, 4507, 7949, 7714]","[7718, 9095, 4507, 7949, 7714, 4392]",5
6954,10083,"[1274, 3703, 3765, 8783, 8394]","[6954, 1274, 3703, 3765, 8783, 8394, 10083]",6
7494,965,"[8433, 4435, 9940]","[7494, 8433, 4435, 9940, 965]",4
1734,4537,"[7685, 1560, 3635, 9995, 8271]","[1734, 7685, 1560, 3635, 9995, 8271, 4537]",6
8988,9986,"[4754, 8568, 4335, 7006, 9705]","[8988, 4754, 8568, 4335, 7006, 9705, 9986]",6
5223,6653,"[5816, 311, 3153, 9884, 2336]","[5223, 5816, 311, 3153, 9884, 2336, 6653]",6
2040,8345,"[9601, 3556]","[2040, 9601, 3556, 8345]",3
6488,2396,"[3632, 644, 5645, 7036]","[6488, 3632, 644, 5645, 7036, 2396]",5
3024,4637,"[4368, 9163, 1560, 8392]","[3024, 4368, 9163, 1560, 8392, 4637]",5
5846,9730,"[9571, 3095]","[5846, 9571, 3095, 9730]",3
8788,9126,"[9567, 9591, 8663]","[8788, 9567, 9591, 8663, 9126]",4
4982,9711,"[6429, 6734, 9554]","[4982, 6429, 6734, 9554, 9711]",4
193,3049,"[7260, 9590]","[193, 7260, 9590, 3049]",3
9259,5298,"[9551, 419, 1068, 3890]","[9259, 9551, 419, 1068, 3890, 5298]",5
6999,4132,"[9031, 753]","[6999, 9031, 753, 4132]",3
270,8935,"[1853, 2827, 7826]","[270, 1853, 2827, 7826, 8935]",4
6088,5972,"[9472, 1307, 6126, 8002]","[6088, 9472, 1307, 6126, 8002, 5972]",5
7569,9158,"[9511, 1984]","[7569, 9511, 1984, 9158]",3
3441,10045,"[6868, 7635, 8114, 7293, 1544]","[3441, 6868, 7635, 8114, 7293, 1544, 10045]",6
9829,1716,"[10134, 6085, 9513, 6527]","[9829, 10134, 6085, 9513, 6527, 1716]",5
6646,9582,"[8113, 3220, 9297]","[6646, 8113, 3220, 9297, 9582]",4
3431,1669,"[5360, 7308, 3663]","[3431, 5360, 7308, 3663, 1669]",4
1605,1392,"[9817, 7405, 1278]","[1605, 9817, 7405, 1278, 1392]",4
8682,2607,"[9898, 7476, 10149, 133, 7700]","[8682, 9898, 7476, 10149, 133, 7700, 2607]",6
4576,5674,"[1741, 5352, 8521, 8321, 9065]","[4576, 1741, 5352, 8521, 8321, 9065, 5674]",6
4967,4111,"[7851, 5262, 1528, 572, 10015]","[4967, 7851, 5262, 1528, 572, 10015, 4111]",6
7143,5903,"[3584, 5901, 231]","[7143, 3584, 5901, 231, 5903]",4
6859,1570,"[3285, 7857]","[6859, 3285, 7857, 1570]",3
9334,10196,"[9656, 10078]","[9334, 9656, 10078, 10196]",3
7688,22,"[9591, 9871, 10044]","[7688, 9591, 9871, 10044, 22]",4
2192,7740,"[9130, 5241]","[2192, 9130, 5241, 7740]",3
3299,7499,"[5833, 8599, 9126, 3873, 4687]","[3299, 5833, 8599, 9126, 3873, 4687, 7499]",6
7703,1843,"[9754, 1177, 6035, 1513, 3370]","[7703, 9754, 1177, 6035, 1513, 3370, 1843]",6
9590,9064,"[8940, 9549, 7428]","[9590, 8940, 9549, 7428, 9064]",4
2465,6085,"[8217, 4930, 6233]","[2465, 8217, 4930, 6233, 6085]",4
1109,3514,"[231, 8235, 7399, 3956]","[1109, 231, 8235, 7399, 3956, 3514]",5
406,3082,"[2131, 9261, 3741]","[406, 2131, 9261, 3741, 3082]",4
589,3736,"[3190, 2470]","[589, 3190, 2470, 3736]",3
1387,10195,"[6053, 9317, 9415]","[1387, 6053, 9317, 9415, 10195]",4
2127,159,"[4905, 9373, 6686]","[2127, 4905, 9373, 6686, 159]",4
267,8663,"[5304, 6268, 8580]","[267, 5304, 6268, 8580, 8663]",4
5099,5304,"[6159, 9126, 9009, 1273]","[5099, 6159, 9126, 9009, 1273, 5304]",5
4610,3632,"[6194, 1741, 3373]","[4610, 6194, 1741, 3373, 3632]",4
1401,6701,"[8866, 4419, 667]","[1401, 8866, 4419, 667, 6701]",4
1703,8105,"[9429, 9576]","[1703, 9429, 9576, 8105]",3
1342,5990,"[6926, 6966]","[1342, 6926, 6966, 5990]",3
3973,5417,"[9520, 7955, 3478, 6678, 7322]","[3973, 9520, 7955, 3478, 6678, 7322, 5417]",6
1345,9963,"[5335, 8752, 9913]","[1345, 5335, 8752, 9913, 9963]",4
9638,7955,"[6850, 8663, 10144, 6780, 7369]","[9638, 6850, 8663, 10144, 6780, 7369, 7955]",6
7716,3962,"[8239, 8246]","[7716, 8239, 8246, 3962]",3
6762,3416,"[9837, 3226]","[6762, 9837, 3226, 3416]",3
254,10196,"[2618, 10156]","[254, 2618, 10156, 10196]",3
2840,7257,"[9012, 1401]","[2840, 9012, 1401, 7257]",3
8986,7045,"[3736, 8394, 10136, 3835]","[8986, 3736, 8394, 10136, 3835, 7045]",5
10075,3736,"[1811, 2415]","[10075, 1811, 2415, 3736]",3
5474,8104,"[5241, 3549, 106, 6049]","[5474, 5241, 3549, 106, 6049, 8104]",5
4087,2332,"[8627, 3113]","[4087, 8627, 3113, 2332]",3
3010,8395,"[6054, 6179]","[3010, 6054, 6179, 8395]",3
5020,8750,"[8363, 3632, 5099]","[5020, 8363, 3632, 5099, 8750]",4
8356,6589,"[9377, 5579, 8777, 5615, 1681]","[8356, 9377, 5579, 8777, 5615, 1681, 6589]",6
7323,3168,"[5417, 7448, 9065]","[7323, 5417, 7448, 9065, 3168]",4
63,9961,"[8146, 9440, 3214, 4879, 1832]","[63, 8146, 9440, 3214, 4879, 1832, 9961]",6
8368,10120,"[5806, 7405, 4665, 8780, 8337]","[8368, 5806, 7405, 4665, 8780, 8337, 10120]",6
2897,10058,"[4806, 7669, 9435]","[2897, 4806, 7669, 9435, 10058]",4
2380,5241,"[913, 4033, 22]","[2380, 913, 4033, 22, 5241]",4
1341,4005,"[6069, 9987]","[1341, 6069, 9987, 4005]",3
431,9961,"[9139, 9409, 9875, 6937, 9693]","[431, 9139, 9409, 9875, 6937, 9693, 9961]",6
9532,106,"[9599, 1960, 5972, 9851]","[9532, 9599, 1960, 5972, 9851, 106]",5
2397,2934,"[6049, 9660, 7308, 7125, 9686]","[2397, 6049, 9660, 7308, 7125, 9686, 2934]",6
2737,4100,"[3531, 9120, 3668, 5417]","[2737, 3531, 9120, 3668, 5417, 4100]",5
9408,8674,"[2180, 3716, 4386]","[9408, 2180, 3716, 4386, 8674]",4
6455,3603,"[7808, 5252]","[6455, 7808, 5252, 3603]",3
86,5835,"[3663, 6463, 7426, 2356]","[86, 3663, 6463, 7426, 2356, 5835]",5
3768,3172,"[4445, 5316, 5600, 7206]","[3768, 4445, 5316, 5600, 7206, 3172]",5
5658,7975,"[8119, 1558, 1833, 2154, 7399]","[5658, 8119, 1558, 1833, 2154, 7399, 7975]",6
5252,8876,"[8660, 5262, 5403, 6980, 8530]","[5252, 8660, 5262, 5403, 6980, 8530, 8876]",6
1285,10196,"[7515, 8014, 9334, 9916, 10156]","[1285, 7515, 8014, 9334, 9916, 10156, 10196]",6
6066,6741,"[10061, 8328, 4546, 2111, 764]","[6066, 10061, 8328, 4546, 2111, 764, 6741]",6
6670,491,"[2201, 7009, 960, 6874, 4005]","[6670, 2201, 7009, 960, 6874, 4005, 491]",6
1122,5530,"[1166, 3741]","[1122, 1166, 3741, 5530]",3
4852,5327,"[10050, 8148, 266, 9660]","[4852, 10050, 8148, 266, 9660, 5327]",5
9027,3928,"[3153, 3487, 9780, 7416, 9892]","[9027, 3153, 3487, 9780, 7416, 9892, 3928]",6
6064,9596,"[1729, 8663, 10015, 3478, 9112]","[6064, 1729, 8663, 10015, 3478, 9112, 9596]",6
4595,3019,"[9258, 3983, 7838, 5499, 10015]","[4595, 9258, 3983, 7838, 5499, 10015, 3019]",6
364,3736,"[9758, 7432, 8366]","[364, 9758, 7432, 8366, 3736]",4
8049,5795,"[311, 8480, 3470]","[8049, 311, 8480, 3470, 5795]",4
7769,9678,"[8807, 3632, 8480, 5579]","[7769, 8807, 3632, 8480, 5579, 9678]",5
4049,1748,"[7766, 6758, 2161, 7445, 5645]","[4049, 7766, 6758, 2161, 7445, 5645, 1748]",6
5652,704,"[3340, 1280, 3549, 9012]","[5652, 3340, 1280, 3549, 9012, 704]",5
1172,3693,"[1680, 5873, 2300, 710]","[1172, 1680, 5873, 2300, 710, 3693]",5
1986,9503,"[5171, 6184, 8868]","[1986, 5171, 6184, 8868, 9503]",4
9815,7568,"[1914, 6408, 45, 2269]","[9815, 1914, 6408, 45, 2269, 7568]",5
1593,7955,"[8384, 10152]","[1593, 8384, 10152, 7955]",3
7962,9363,"[8693, 7792, 9139]","[7962, 8693, 7792, 9139, 9363]",4
5195,10140,"[3179, 9623, 9715, 9840, 9966]","[5195, 3179, 9623, 9715, 9840, 9966, 10140]",6
7390,9172,"[8339, 8625]","[7390, 8339, 8625, 9172]",3
3133,3532,"[8238, 9328]","[3133, 8238, 9328, 3532]",3
8099,8480,"[3736, 5972]","[8099, 3736, 5972, 8480]",3
9665,9961,"[3632, 9126]","[9665, 3632, 9126, 9961]",3
7194,5972,"[159, 117, 10193, 7935]","[7194, 159, 117, 10193, 7935, 5972]",5
7023,6646,"[8777, 1165, 7975, 9055, 9765]","[7023, 8777, 1165, 7975, 9055, 9765, 6646]",6
9255,8205,"[9271, 7494]","[9255, 9271, 7494, 8205]",3
9907,5417,"[10018, 3632, 5099, 9504, 4033]","[9907, 10018, 3632, 5099, 9504, 4033, 5417]",6
1718,8703,"[3168, 2774]","[1718, 3168, 2774, 8703]",3
4048,3881,"[2109, 9961, 684, 9891]","[4048, 2109, 9961, 684, 9891, 3881]",5
1357,7075,"[6052, 9803, 9686, 7475]","[1357, 6052, 9803, 9686, 7475, 7075]",5
2406,3918,"[5519, 5999, 106]","[2406, 5519, 5999, 106, 3918]",4
805,7900,"[8878, 3632, 8480, 8657, 8321]","[805, 8878, 3632, 8480, 8657, 8321, 7900]",6
7431,8627,"[2569, 6262, 9030]","[7431, 2569, 6262, 9030, 8627]",4
1545,2260,"[2447, 5633, 9748, 652]","[1545, 2447, 5633, 9748, 652, 2260]",5
4328,5417,"[5473, 2584, 9596]","[4328, 5473, 2584, 9596, 5417]",4
2602,1105,"[2106, 8721, 9634, 8540]","[2602, 2106, 8721, 9634, 8540, 1105]",5
4728,960,"[6813, 5347, 8152]","[4728, 6813, 5347, 8152, 960]",4
8393,7871,"[8945, 6780]","[8393, 8945, 6780, 7871]",3
3927,3277,"[6087, 10059, 1764, 2557, 5265]","[3927, 6087, 10059, 1764, 2557, 5265, 3277]",6
1909,8948,"[2394, 3523]","[1909, 2394, 3523, 8948]",3
6921,105,"[7299, 8385, 9963, 4806, 8583]","[6921, 7299, 8385, 9963, 4806, 8583, 105]",6
1137,8172,"[10104, 1307]","[1137, 10104, 1307, 8172]",3
4706,6426,"[7018, 8233, 9787]","[4706, 7018, 8233, 9787, 6426]",4
2043,2505,"[3833, 9352]","[2043, 3833, 9352, 2505]",3
8581,9782,"[3448, 4968, 9864, 9816, 8409]","[8581, 3448, 4968, 9864, 9816, 8409, 9782]",6
8631,7177,"[4866, 9455]","[8631, 4866, 9455, 7177]",3
6456,6573,"[5417, 5750]","[6456, 5417, 5750, 6573]",3
4891,6527,"[4929, 6223, 10131, 643]","[4891, 4929, 6223, 10131, 643, 6527]",5
7592,3398,"[7979, 6982, 9158, 3160]","[7592, 7979, 6982, 9158, 3160, 3398]",5
2643,123,"[8104, 9869, 1560, 8397]","[2643, 8104, 9869, 1560, 8397, 123]",5
20,7369,"[6434, 1914, 7054]","[20, 6434, 1914, 7054, 7369]",4
4588,1123,"[652, 6653]","[4588, 652, 6653, 1123]",3
8882,3840,"[9297, 9460, 9757, 8501]","[8882, 9297, 9460, 9757, 8501, 3840]",5
2926,7266,"[9957, 4953, 4446]","[2926, 9957, 4953, 4446, 7266]",4
4347,4415,"[4257, 1891, 7293, 442, 4392]","[4347, 4257, 1891, 7293, 442, 4392, 4415]",6
2755,9693,"[2491, 5255, 7170, 8370]","[2755, 2491, 5255, 7170, 8370, 9693]",5
3413,9543,"[9770, 1786, 6642, 3557]","[3413, 9770, 1786, 6642, 3557, 9543]",5
2138,6204,"[9957, 9404, 6030]","[2138, 9957, 9404, 6030, 6204]",4
437,8354,"[3123, 6632]","[437, 3123, 6632, 8354]",3
8423,9458,"[9515, 8250, 6863, 2936, 2972]","[8423, 9515, 8250, 6863, 2936, 2972, 9458]",6
6949,9958,"[3411, 9798]","[6949, 3411, 9798, 9958]",3
1854,7827,"[5934, 10004, 4670, 10043, 6369]","[1854, 5934, 10004, 4670, 10043, 6369, 7827]",6
5378,8772,"[6140, 7351]","[5378, 6140, 7351, 8772]",3
8758,7432,"[9745, 10084, 2893]","[8758, 9745, 10084, 2893, 7432]",4
6815,10000,"[6037, 5417, 9304, 9698]","[6815, 6037, 5417, 9304, 9698, 10000]",5
883,8948,"[8153, 9102, 10096, 5564]","[883, 8153, 9102, 10096, 5564, 8948]",5
5186,1513,"[8152, 10086, 5417, 9304, 6347]","[5186, 8152, 10086, 5417, 9304, 6347, 1513]",6
1143,10102,"[9649, 9944]","[1143, 9649, 9944, 10102]",3
1424,3261,"[10013, 1570]","[1424, 10013, 1570, 3261]",3
1120,9894,"[6897, 9947, 8925]","[1120, 6897, 9947, 8925, 9894]",4
7391,123,"[9976, 5944, 491, 3565, 9886]","[7391, 9976, 5944, 491, 3565, 9886, 123]",6
7738,10102,"[8472, 9592, 10094]","[7738, 8472, 9592, 10094, 10102]",4
5322,8211,"[5417, 4601, 4827, 8182]","[5322, 5417, 4601, 4827, 8182, 8211]",5
2557,6903,"[2027, 2260, 4771, 3895]","[2557, 2027, 2260, 4771, 3895, 6903]",5
3928,459,"[1015, 7653, 130]","[3928, 1015, 7653, 130, 459]",4
8629,4175,"[5697, 244]","[8629, 5697, 244, 4175]",3
3411,8969,"[4059, 8069]","[3411, 4059, 8069, 8969]",3
4558,3736,"[4670, 8686]","[4558, 4670, 8686, 3736]",3
4498,4621,"[9088, 9910, 10033, 9957, 2297]","[4498, 9088, 9910, 10033, 9957, 2297, 4621]",6
3699,1811,"[9612, 9684]","[3699, 9612, 9684, 1811]",3
5450,6069,"[9843, 6347, 5197]","[5450, 9843, 6347, 5197, 6069]",4
2460,643,"[8938, 9452, 7702, 311]","[2460, 8938, 9452, 7702, 311, 643]",5
7884,7620,"[7971, 1248, 5017]","[7884, 7971, 1248, 5017, 7620]",4
4896,1681,"[2998, 7552, 6710, 1466]","[4896, 2998, 7552, 6710, 1466, 1681]",5
9240,6246,"[9528, 7373, 3043]","[9240, 9528, 7373, 3043, 6246]",4
2478,3632,"[2812, 8463, 6173]","[2478, 2812, 8463, 6173, 3632]",4
375,3881,"[8294, 7093, 8305, 9999]","[375, 8294, 7093, 8305, 9999, 3881]",5
8449,10160,"[6574, 7586, 9095, 7758, 10048]","[8449, 6574, 7586, 9095, 7758, 10048, 10160]",6
4860,1315,"[5026, 6499, 8093]","[4860, 5026, 6499, 8093, 1315]",4
10128,3997,"[9389, 7173, 9304, 7979, 2996]","[10128, 9389, 7173, 9304, 7979, 2996, 3997]",6
5125,7006,"[8663, 7087, 3632, 5099]","[5125, 8663, 7087, 3632, 5099, 7006]",5
873,5740,"[2109, 960, 4130]","[873, 2109, 960, 4130, 5740]",4
4602,1741,"[8483, 9092, 9129, 9751, 10154]","[4602, 8483, 9092, 9129, 9751, 10154, 1741]",6
5655,4368,"[10189, 7496, 5238]","[5655, 10189, 7496, 5238, 4368]",4
3404,4424,"[5042, 7077, 5049]","[3404, 5042, 7077, 5049, 4424]",4
4072,7348,"[4949, 7310, 6810, 8446]","[4072, 4949, 7310, 6810, 8446, 7348]",5
421,4670,"[6087, 6716, 1152, 2753, 9020]","[421, 6087, 6716, 1152, 2753, 9020, 4670]",6
6582,644,"[1857, 1950, 1525]","[6582, 1857, 1950, 1525, 644]",4
6044,790,"[7311, 7589, 7793, 7999]","[6044, 7311, 7589, 7793, 7999, 790]",5
4969,9533,"[8344, 7880]","[4969, 8344, 7880, 9533]",3
7472,9046,"[3928, 461, 9765]","[7472, 3928, 461, 9765, 9046]",4
6330,4699,"[3584, 4368]","[6330, 3584, 4368, 4699]",3
3656,954,"[3632, 8480]","[3656, 3632, 8480, 954]",3
8955,10192,"[5717, 9514, 1864, 5903]","[8955, 5717, 9514, 1864, 5903, 10192]",5
9450,2878,"[10015, 7626, 5417]","[9450, 10015, 7626, 5417, 2878]",4
9729,6902,"[7927, 1885, 1685]","[9729, 7927, 1885, 1685, 6902]",4
8717,10068,"[9205, 9725, 9951, 8461]","[8717, 9205, 9725, 9951, 8461, 10068]",5
4787,9342,"[4521, 6145, 2968, 4879]","[4787, 4521, 6145, 2968, 4879, 9342]",5
488,9659,"[1560, 7496]","[488, 1560, 7496, 9659]",3
2749,7723,"[6542, 5996, 230]","[2749, 6542, 5996, 230, 7723]",4
3168,7276,"[1915, 2950, 5645]","[3168, 1915, 2950, 5645, 7276]",4
7918,10143,"[9649, 9855, 10094, 10140]","[7918, 9649, 9855, 10094, 10140, 10143]",5
902,7979,"[9781, 10057, 8250, 660, 4267]","[902, 9781, 10057, 8250, 660, 4267, 7979]",6
9484,1975,"[960, 2527]","[9484, 960, 2527, 1975]",3
2438,7502,"[4527, 7271]","[2438, 4527, 7271, 7502]",3
6408,846,"[3894, 7955, 5034]","[6408, 3894, 7955, 5034, 846]",4
6626,7609,"[9598, 10128, 2743, 8366, 8657]","[6626, 9598, 10128, 2743, 8366, 8657, 7609]",6
10046,555,"[3741, 2934, 8394, 2640, 4871]","[10046, 3741, 2934, 8394, 2640, 4871, 555]",6
1776,3316,"[6763, 7723, 738, 1398, 4666]","[1776, 6763, 7723, 738, 1398, 4666, 3316]",6
6869,8366,"[1885, 8835]","[6869, 1885, 8835, 8366]",3
4542,3171,"[658, 64, 4711, 5902, 5403]","[4542, 658, 64, 4711, 5902, 5403, 3171]",6
4479,6233,"[8636, 7868, 9304, 4399]","[4479, 8636, 7868, 9304, 4399, 6233]",5
2868,3453,"[7880, 1832, 5827, 2948]","[2868, 7880, 1832, 5827, 2948, 3453]",5
6505,9681,"[8573, 1690]","[6505, 8573, 1690, 9681]",3
1062,9705,"[1424, 4698, 10043, 45, 9126]","[1062, 1424, 4698, 10043, 45, 9126, 9705]",6
8493,7308,"[7475, 9770, 6639, 3476]","[8493, 7475, 9770, 6639, 3476, 7308]",5
5990,2893,"[4830, 7841, 7597]","[5990, 4830, 7841, 7597, 2893]",4
533,1615,"[1283, 5353, 5373, 6701, 9895]","[533, 1283, 5353, 5373, 6701, 9895, 1615]",6
9485,8084,"[3749, 7994]","[9485, 3749, 7994, 8084]",3
5796,10015,"[9970, 8074, 2584]","[5796, 9970, 8074, 2584, 10015]",4
2142,4267,"[1455, 9832, 4130, 8336, 8531]","[2142, 1455, 9832, 4130, 8336, 8531, 4267]",6
9568,2918,"[1741, 4830, 5620, 594]","[9568, 1741, 4830, 5620, 594, 2918]",5
7258,5252,"[7390, 9894]","[7258, 7390, 9894, 5252]",3
3708,8250,"[5468, 10103, 10175, 7700, 5944]","[3708, 5468, 10103, 10175, 7700, 5944, 8250]",6
6753,8621,"[8330, 9506, 7900, 311, 7451]","[6753, 8330, 9506, 7900, 311, 7451, 8621]",6
2354,8955,"[15, 6344, 9579, 9828, 9130]","[2354, 15, 6344, 9579, 9828, 9130, 8955]",6
9577,6626,"[7858, 4233, 2412, 9539, 5417]","[9577, 7858, 4233, 2412, 9539, 5417, 6626]",6
8794,4685,"[8296, 8420, 8996, 4507, 996]","[8794, 8296, 8420, 8996, 4507, 996, 4685]",6
2036,7164,"[7277, 8417, 1025, 710]","[2036, 7277, 8417, 1025, 710, 7164]",5
2919,1984,"[4720, 6700, 8375]","[2919, 4720, 6700, 8375, 1984]",4
1710,9910,"[8140, 8892, 9194]","[1710, 8140, 8892, 9194, 9910]",4
5362,3714,"[7377, 9268]","[5362, 7377, 9268, 3714]",3
6932,3820,"[7951, 2893]","[6932, 7951, 2893, 3820]",3
5052,2932,"[6449, 8963, 6789, 2006, 6076]","[5052, 6449, 8963, 6789, 2006, 6076, 2932]",6
977,7319,"[9463, 5902]","[977, 9463, 5902, 7319]",3
6138,1779,"[4082, 2660, 4110, 9923]","[6138, 4082, 2660, 4110, 9923, 1779]",5
4502,2206,"[5089, 6720, 6678, 9049, 9290]","[4502, 5089, 6720, 6678, 9049, 9290, 2206]",6
216,3632,"[6763, 9545, 9814, 3843]","[216, 6763, 9545, 9814, 3843, 3632]",5
380,9300,"[3210, 8599, 2416, 8353]","[380, 3210, 8599, 2416, 8353, 9300]",5
5056,8439,"[8296, 8420]","[5056, 8296, 8420, 8439]",3
784,4550,"[9850, 10110, 10147, 4314]","[784, 9850, 10110, 10147, 4314, 4550]",5
8635,4637,"[6507, 8378, 5705, 4521]","[8635, 6507, 8378, 5705, 4521, 4637]",5
6538,10196,"[7820, 10140, 10156]","[6538, 7820, 10140, 10156, 10196]",4
7388,7561,"[7538, 8945, 4670, 7369]","[7388, 7538, 8945, 4670, 7369, 7561]",5
4633,3071,"[557, 10015]","[4633, 557, 10015, 3071]",3
2995,3340,"[3375, 4444, 6985]","[2995, 3375, 4444, 6985, 3340]",4
9800,9779,"[9301, 1891, 3478, 8010, 8259]","[9800, 9301, 1891, 3478, 8010, 8259, 9779]",6
7386,8824,"[1252, 8146, 8738, 8974]","[7386, 1252, 8146, 8738, 8974, 8824]",5
8328,5579,"[3160, 5374, 1162, 10149, 10162]","[8328, 3160, 5374, 1162, 10149, 10162, 5579]",6
529,2940,"[8222, 9929, 9941, 4570]","[529, 8222, 9929, 9941, 4570, 2940]",5
3034,7700,"[8139, 4602, 1181, 7077]","[3034, 8139, 4602, 1181, 7077, 7700]",5
1679,4236,"[7890, 80, 3582, 2792]","[1679, 7890, 80, 3582, 2792, 4236]",5
1055,9231,"[6243, 5539, 8663, 5875, 2020]","[1055, 6243, 5539, 8663, 5875, 2020, 9231]",6
116,8296,"[5567, 8896, 10006, 7178, 862]","[116, 5567, 8896, 10006, 7178, 862, 8296]",6
4393,9121,"[5870, 8486, 10136, 10059]","[4393, 5870, 8486, 10136, 10059, 9121]",5
5407,5404,"[3557, 1502, 3965, 566, 1169]","[5407, 3557, 1502, 3965, 566, 1169, 5404]",6
5720,1494,"[12, 10014, 1291, 6026, 7018]","[5720, 12, 10014, 1291, 6026, 7018, 1494]",6
4007,3249,"[9843, 44]","[4007, 9843, 44, 3249]",3
1943,10156,"[2402, 9334, 9966]","[1943, 2402, 9334, 9966, 10156]",4
623,8077,"[628, 4476]","[623, 628, 4476, 8077]",3
1181,3597,"[8892, 8946, 4507]","[1181, 8892, 8946, 4507, 3597]",4
6824,876,"[1228, 7700, 5470, 3741]","[6824, 1228, 7700, 5470, 3741, 876]",5
94,7723,"[3336, 8006, 9976, 10025, 8540]","[94, 3336, 8006, 9976, 10025, 8540, 7723]",6
5718,6146,"[9748, 4033]","[5718, 9748, 4033, 6146]",3
2524,10144,"[9957, 5669, 923, 3548]","[2524, 9957, 5669, 923, 3548, 10144]",5
6453,6978,"[3487, 5839, 601, 9030]","[6453, 3487, 5839, 601, 9030, 6978]",5
5029,9195,"[5179, 7507, 8679]","[5029, 5179, 7507, 8679, 9195]",4
920,7700,"[3829, 5851]","[920, 3829, 5851, 7700]",3
8712,2027,"[9615, 9976, 7087]","[8712, 9615, 9976, 7087, 2027]",4
6,8749,"[3555, 8475, 8482, 8056, 7684]","[6, 3555, 8475, 8482, 8056, 7684, 8749]",6
3086,9024,"[7316, 7477]","[3086, 7316, 7477, 9024]",3
185,5241,"[995, 4023, 8824, 1811, 5771]","[185, 995, 4023, 8824, 1811, 5771, 5241]",6
9395,8326,"[3314, 7154, 9198]","[9395, 3314, 7154, 9198, 8326]",4
4434,10081,"[6422, 9039, 9649]","[4434, 6422, 9039, 9649, 10081]",4
661,2185,"[106, 6771, 2127]","[661, 106, 6771, 2127, 2185]",4
7853,3983,"[1741, 4570, 876, 4601]","[7853, 1741, 4570, 876, 4601, 3983]",5
9493,10066,"[7700, 9791, 5534, 8486]","[9493, 7700, 9791, 5534, 8486, 10066]",5
3060,9640,"[3421, 7692, 8238]","[3060, 3421, 7692, 8238, 9640]",4
6071,6739,"[8376, 7880, 3249]","[6071, 8376, 7880, 3249, 6739]",4
130,9688,"[459, 7288, 9211]","[130, 459, 7288, 9211, 9688]",4
9753,3116,"[3100, 5966, 8385, 10001]","[9753, 3100, 5966, 8385, 10001, 3116]",5
4897,7087,"[7033, 9124, 7369, 3157]","[4897, 7033, 9124, 7369, 3157, 7087]",5
3200,6678,"[3867, 4069, 106, 3020]","[3200, 3867, 4069, 106, 3020, 6678]",5
7502,4247,"[4867, 120, 266, 3937]","[7502, 4867, 120, 266, 3937, 4247]",5
1438,10109,"[9626, 2860, 106, 1891]","[1438, 9626, 2860, 106, 1891, 10109]",5
6364,9531,"[7481, 8948, 3632, 643]","[6364, 7481, 8948, 3632, 643, 9531]",5
6006,677,"[7591, 9739, 10063]","[6006, 7591, 9739, 10063, 677]",4
7210,5534,"[5042, 7171, 311, 9038, 8673]","[7210, 5042, 7171, 311, 9038, 8673, 5534]",6
593,7401,"[4521, 5516, 2020]","[593, 4521, 5516, 2020, 7401]",4
9225,9377,"[9929, 6861, 9791]","[9225, 9929, 6861, 9791, 9377]",4
5555,9450,"[9895, 9527, 4687]","[5555, 9895, 9527, 4687, 9450]",4
3610,1779,"[6357, 7563, 6383, 4728]","[3610, 6357, 7563, 6383, 4728, 1779]",5
2328,3695,"[8233, 2667, 7701]","[2328, 8233, 2667, 7701, 3695]",4
7781,9894,"[8303, 8597]","[7781, 8303, 8597, 9894]",3
2488,9966,"[3250, 7059, 7470, 7711]","[2488, 3250, 7059, 7470, 7711, 9966]",5
4450,2506,"[5615, 2280]","[4450, 5615, 2280, 2506]",3
6216,7653,"[6755, 7502]","[6216, 6755, 7502, 7653]",3
7499,3962,"[8366, 4687]","[7499, 8366, 4687, 3962]",3
4657,10156,"[7696, 9649, 10078, 10140]","[4657, 7696, 9649, 10078, 10140, 10156]",5
2373,8769,"[5368, 1392, 3965, 5237]","[2373, 5368, 1392, 3965, 5237, 8769]",5
1774,7176,"[7249, 3892, 2908, 3095]","[1774, 7249, 3892, 2908, 3095, 7176]",5
9725,9166,"[9814, 9527, 8558, 3044]","[9725, 9814, 9527, 8558, 3044, 9166]",5
3976,5810,"[1414, 4658, 433]","[3976, 1414, 4658, 433, 5810]",4
4594,3736,"[5944, 6945]","[4594, 5944, 6945, 3736]",3
917,4627,"[10193, 6493, 1813]","[917, 10193, 6493, 1813, 4627]",4
4024,9605,"[5070, 8122, 9347]","[4024, 5070, 8122, 9347, 9605]",4
9173,6764,"[8296, 9612, 9970, 4836, 9779]","[9173, 8296, 9612, 9970, 4836, 9779, 6764]",6
5616,3803,"[2431, 5345]","[5616, 2431, 5345, 3803]",3
5558,4346,"[6159, 9805, 1578, 7853, 5252]","[5558, 6159, 9805, 1578, 7853, 5252, 4346]",6
8305,5019,"[9843, 3618]","[8305, 9843, 3618, 5019]",3
8041,8336,"[9721, 8847, 2020, 4322, 8746]","[8041, 9721, 8847, 2020, 4322, 8746, 8336]",6
286,9908,"[7700, 6902, 8366]","[286, 7700, 6902, 8366, 9908]",4
7859,4476,"[8172, 10065]","[7859, 8172, 10065, 4476]",3
1935,4836,"[7460, 8506, 1580, 837]","[1935, 7460, 8506, 1580, 837, 4836]",5
9682,8835,"[9446, 10000, 10039, 5417, 4111]","[9682, 9446, 10000, 10039, 5417, 4111, 8835]",6
8126,5669,"[249, 696, 1971]","[8126, 249, 696, 1971, 5669]",4
3355,7790,"[3892, 4965, 7664, 3278]","[3355, 3892, 4965, 7664, 3278, 7790]",5
8950,9406,"[9297, 10066, 9377, 9547]","[8950, 9297, 10066, 9377, 9547, 9406]",5
3236,8397,"[9585, 193]","[3236, 9585, 193, 8397]",3
6985,7622,"[8296, 10092]","[6985, 8296, 10092, 7622]",3
9245,9126,"[3153, 3475, 2460, 1914, 3632]","[9245, 3153, 3475, 2460, 1914, 3632, 9126]",6
2817,3741,"[7700, 876, 9531]","[2817, 7700, 876, 9531, 3741]",4
8288,10196,"[8421, 9032, 10156]","[8288, 8421, 9032, 10156, 10196]",4
4622,7880,"[7481, 8948, 10175, 3632, 8480]","[4622, 7481, 8948, 10175, 3632, 8480, 7880]",6
3487,9319,"[10043, 4771, 3721, 7955, 8966]","[3487, 10043, 4771, 3721, 7955, 8966, 9319]",6
6353,6618,"[6002, 5238, 4206, 9832, 862]","[6353, 6002, 5238, 4206, 9832, 862, 6618]",6
4998,6823,"[9003, 10162, 6729]","[4998, 9003, 10162, 6729, 6823]",4
7625,4233,"[4536, 8663]","[7625, 4536, 8663, 4233]",3
5019,3024,"[9526, 2860, 6070, 9931, 3073]","[5019, 9526, 2860, 6070, 9931, 3073, 3024]",6
58,9843,"[5132, 7492, 4728]","[58, 5132, 7492, 4728, 9843]",4
6495,2460,"[6934, 8624, 4921, 5322, 3803]","[6495, 6934, 8624, 4921, 5322, 3803, 2460]",6
519,7838,"[4717, 7195, 901, 8777]","[519, 4717, 7195, 901, 8777, 7838]",5
102,3139,"[4658, 2158, 7465]","[102, 4658, 2158, 7465, 3139]",4
458,5417,"[4550, 2059, 4631, 5938, 8374]","[458, 4550, 2059, 4631, 5938, 8374, 5417]",6
1238,8768,"[8660, 994, 2941]","[1238, 8660, 994, 2941, 8768]",4
3818,2127,"[9995, 5614, 7685, 5845, 9361]","[3818, 9995, 5614, 7685, 5845, 9361, 2127]",6
5303,8283,"[7391, 7529, 3632, 9126, 8186]","[5303, 7391, 7529, 3632, 9126, 8186, 8283]",6
5999,2893,"[8853, 9987]","[5999, 8853, 9987, 2893]",3
5238,5265,"[5616, 8290, 4368]","[5238, 5616, 8290, 4368, 5265]",4
8059,9079,"[7073, 7979]","[8059, 7073, 7979, 9079]",3
6616,8144,"[8875, 9295, 3554, 4717, 7309]","[6616, 8875, 9295, 3554, 4717, 7309, 8144]",6
3430,9339,"[6570, 10154, 3632, 644]","[3430, 6570, 10154, 3632, 644, 9339]",5
2540,643,"[7038, 3632]","[2540, 7038, 3632, 643]",3
2874,2239,"[7653, 9579, 4921]","[2874, 7653, 9579, 4921, 2239]",4
9906,10097,"[8660, 9831]","[9906, 8660, 9831, 10097]",3
7609,9118,"[9879, 6802]","[7609, 9879, 6802, 9118]",3
3339,3741,"[8657, 2210, 1525]","[3339, 8657, 2210, 1525, 3741]",4
5293,9358,"[7461, 1307, 3735, 8193]","[5293, 7461, 1307, 3735, 8193, 9358]",5
6600,560,"[7850, 9544]","[6600, 7850, 9544, 560]",3
4890,8705,"[9579, 8124]","[4890, 9579, 8124, 8705]",3
678,1215,"[7308, 1369]","[678, 7308, 1369, 1215]",3
2826,4673,"[5241, 5944]","[2826, 5241, 5944, 4673]",3
936,10149,"[2157, 6754, 7102, 10001, 7395]","[936, 2157, 6754, 7102, 10001, 7395, 10149]",6
2203,2411,"[8942, 9585, 8148, 3537, 4236]","[2203, 8942, 9585, 8148, 3537, 4236, 2411]",6
3268,1317,"[10193, 578, 7089]","[3268, 10193, 578, 7089, 1317]",4
9958,8270,"[7185, 279, 5375]","[9958, 7185, 279, 5375, 8270]",4
6315,9092,"[4343, 7311]","[6315, 4343, 7311, 9092]",3
6242,3019,"[7700, 8586, 1440, 1620, 8726]","[6242, 7700, 8586, 1440, 1620, 8726, 3019]",6
8297,6101,"[9672, 10023]","[8297, 9672, 10023, 6101]",3
8330,8394,"[9779, 9946, 9338]","[8330, 9779, 9946, 9338, 8394]",4
3709,3867,"[5197, 1550, 6191, 10059]","[3709, 5197, 1550, 6191, 10059, 3867]",5
17,4449,"[1306, 8828, 1176]","[17, 1306, 8828, 1176, 4449]",4
8906,9520,"[3565, 3711, 8873]","[8906, 3565, 3711, 8873, 9520]",4
8139,6448,"[3098, 9300, 6387, 9511, 7652]","[8139, 3098, 9300, 6387, 9511, 7652, 6448]",6
7911,2658,"[1857, 4826, 1891, 1130, 3596]","[7911, 1857, 4826, 1891, 1130, 3596, 2658]",6
1370,5201,"[7242, 8480, 2826, 8296]","[1370, 7242, 8480, 2826, 8296, 5201]",5
1941,1578,"[8296, 9102, 5006, 6046]","[1941, 8296, 9102, 5006, 6046, 1578]",5
8022,10150,"[8639, 9615, 9634, 4826, 7277]","[8022, 8639, 9615, 9634, 4826, 7277, 10150]",6
8191,9263,"[2180, 4361, 8695, 9071]","[8191, 2180, 4361, 8695, 9071, 9263]",5
6031,8110,"[7979, 2386]","[6031, 7979, 2386, 8110]",3
2687,7491,"[3291, 6916]","[2687, 3291, 6916, 7491]",3
1848,9048,"[3641, 3598]","[1848, 3641, 3598, 9048]",3
4117,6797,"[1647, 960, 8657, 3646, 4057]","[4117, 1647, 960, 8657, 3646, 4057, 6797]",6
1558,5093,"[3151, 4462, 8954, 3584]","[1558, 3151, 4462, 8954, 3584, 5093]",5
4392,7578,"[7242, 3649, 4386]","[4392, 7242, 3649, 4386, 7578]",4
7440,8663,"[9577, 1811, 1528, 1357, 6355]","[7440, 9577, 1811, 1528, 1357, 6355, 8663]",6
8640,7900,"[9746, 9093]","[8640, 9746, 9093, 7900]",3
1295,5417,"[6399, 7967, 8133, 10055]","[1295, 6399, 7967, 8133, 10055, 5417]",5
6773,9671,"[7700, 5972, 8936, 2601]","[6773, 7700, 5972, 8936, 2601, 9671]",5
10123,9761,"[2446, 7844, 8741, 9393]","[10123, 2446, 7844, 8741, 9393, 9761]",5
3363,6869,"[8946, 279]","[3363, 8946, 279, 6869]",3
717,9605,"[1948, 8882]","[717, 1948, 8882, 9605]",3
3707,8150,"[1706, 6380]","[3707, 1706, 6380, 8150]",3
5972,10045,"[3646, 7875]","[5972, 3646, 7875, 10045]",3
6918,3292,"[3632, 8480, 4175]","[6918, 3632, 8480, 4175, 3292]",4
418,6621,"[8540, 9671]","[418, 8540, 9671, 6621]",3
7228,4735,"[8866, 9850, 10041, 10063, 8104]","[7228, 8866, 9850, 10041, 10063, 8104, 4735]",6
2248,10032,"[3814, 9258, 204]","[2248, 3814, 9258, 204, 10032]",4
1208,800,"[9399, 3803, 9089, 9705, 2996]","[1208, 9399, 3803, 9089, 9705, 2996, 800]",6
8122,7880,"[9657, 6611]","[8122, 9657, 6611, 7880]",3
7378,4545,"[7622, 6325]","[7378, 7622, 6325, 4545]",3
125,3646,"[4392, 2527, 2998, 6907, 2600]","[125, 4392, 2527, 2998, 6907, 2600, 3646]",6
5079,1832,"[5823, 9673, 5927, 2234]","[5079, 5823, 9673, 5927, 2234, 1832]",5
915,7955,"[7093, 6039, 955]","[915, 7093, 6039, 955, 7955]",4
8337,6117,"[967, 1606, 6168, 5786]","[8337, 967, 1606, 6168, 5786, 6117]",5
9048,8250,"[8938, 6666, 3316, 7093]","[9048, 8938, 6666, 3316, 7093, 8250]",5
1045,6102,"[1627, 5678, 10044, 5624]","[1045, 1627, 5678, 10044, 5624, 6102]",5
3054,8714,"[4850, 4419, 1659, 6592]","[3054, 4850, 4419, 1659, 6592, 8714]",5
5367,7133,"[10033, 2395, 7466, 6303]","[5367, 10033, 2395, 7466, 6303, 7133]",5
4517,7766,"[7623, 8093, 1438, 6127]","[4517, 7623, 8093, 1438, 6127, 7766]",5
69,4830,"[2572, 10089, 3095, 10013, 8296]","[69, 2572, 10089, 3095, 10013, 8296, 4830]",6
4214,6069,"[308, 9300, 9529, 7194]","[4214, 308, 9300, 9529, 7194, 6069]",5
5003,8501,"[2513, 6111, 8045]","[5003, 2513, 6111, 8045, 8501]",4
4110,5186,"[5917, 6276, 2307]","[4110, 5917, 6276, 2307, 5186]",4
3701,9126,"[4229, 8663]","[3701, 4229, 8663, 9126]",3
6050,1152,"[2611, 6507, 5253, 762, 9075]","[6050, 2611, 6507, 5253, 762, 9075, 1152]",6
10089,6117,"[9758, 6653]","[10089, 9758, 6653, 6117]",3
5132,5417,"[5099, 876, 2531, 5021, 6604]","[5132, 5099, 876, 2531, 5021, 6604, 5417]",6
4165,9621,"[2004, 8734]","[4165, 2004, 8734, 9621]",3
10031,8660,"[3632, 644, 7723]","[10031, 3632, 644, 7723, 8660]",4
1850,736,"[7864, 10015]","[1850, 7864, 10015, 736]",3
7715,8444,"[9505, 9468, 4486, 7346, 4132]","[7715, 9505, 9468, 4486, 7346, 4132, 8444]",6
4058,1830,"[7758, 8821, 4746, 4753, 9912]","[4058, 7758, 8821, 4746, 4753, 9912, 1830]",6
10108,8933,"[7975, 3324, 1473]","[10108, 7975, 3324, 1473, 8933]",4
1288,1576,"[7979, 3032, 6491, 4224, 1176]","[1288, 7979, 3032, 6491, 4224, 1176, 1576]",6
1334,10139,"[3529, 8225, 9331, 6798, 6786]","[1334, 3529, 8225, 9331, 6798, 6786, 10139]",6
3149,6096,"[8839, 3052, 3258, 9715, 9763]","[3149, 8839, 3052, 3258, 9715, 9763, 6096]",6
1083,5972,"[8385, 8913, 8940, 73, 8113]","[1083, 8385, 8913, 8940, 73, 8113, 5972]",6
650,6836,"[6880, 8382, 1741, 6217]","[650, 6880, 8382, 1741, 6217, 6836]",5
5651,5163,"[1494, 6874, 5748, 5417, 9128]","[5651, 1494, 6874, 5748, 5417, 9128, 5163]",6
3897,9659,"[3818, 6617, 10105, 9789, 901]","[3897, 3818, 6617, 10105, 9789, 901, 9659]",6
9852,6249,"[6715, 8760]","[9852, 6715, 8760, 6249]",3
9468,644,"[689, 3714, 8296, 7700]","[9468, 689, 3714, 8296, 7700, 644]",5
8235,901,"[9313, 1438, 5075, 8446, 9427]","[8235, 9313, 1438, 5075, 8446, 9427, 901]",6
8063,3928,"[3278, 4965, 6018, 10003]","[8063, 3278, 4965, 6018, 10003, 3928]",5
9368,1035,"[7059, 1525, 6056, 6030]","[9368, 7059, 1525, 6056, 6030, 1035]",5
2909,10156,"[6268, 8575]","[2909, 6268, 8575, 10156]",3
6376,3548,"[9126, 1959, 10015, 8336]","[6376, 9126, 1959, 10015, 8336, 3548]",5
242,7700,"[311, 7613, 9550, 10149, 10162]","[242, 311, 7613, 9550, 10149, 10162, 7700]",6
5261,5159,"[996, 4771]","[5261, 996, 4771, 5159]",3
2831,3278,"[8750, 8775, 8480, 7956]","[2831, 8750, 8775, 8480, 7956, 3278]",5
8626,3873,"[7700, 9551]","[8626, 7700, 9551, 3873]",3
9535,1397,"[8470, 3550]","[9535, 8470, 3550, 1397]",3
5371,1650,"[6973, 106]","[5371, 6973, 106, 1650]",3
9158,9518,"[5417, 7385, 2620, 4969, 9446]","[9158, 5417, 7385, 2620, 4969, 9446, 9518]",6
240,7487,"[9733, 2300, 8093, 2180]","[240, 9733, 2300, 8093, 2180, 7487]",5
4447,6786,"[6140, 7561, 6555]","[4447, 6140, 7561, 6555, 6786]",4
2370,7587,"[5925, 8056]","[2370, 5925, 8056, 7587]",3
8659,7634,"[8142, 8124, 2185, 340]","[8659, 8142, 8124, 2185, 340, 7634]",5
229,3113,"[9717, 9352]","[229, 9717, 9352, 3113]",3
1008,9965,"[8168, 7748]","[1008, 8168, 7748, 9965]",3
8934,5345,"[684, 10145, 3270]","[8934, 684, 10145, 3270, 5345]",4
7766,9961,"[9314, 9693]","[7766, 9314, 9693, 9961]",3
6917,7367,"[8838, 9826, 253, 4107, 9219]","[6917, 8838, 9826, 253, 4107, 9219, 7367]",6
4211,7885,"[7344, 9581, 28]","[4211, 7344, 9581, 28, 7885]",4
505,1978,"[1779, 2271, 875, 8587, 3663]","[505, 1779, 2271, 875, 8587, 3663, 1978]",6
539,8760,"[4758, 6197, 7786]","[539, 4758, 6197, 7786, 8760]",4
4251,8104,"[8774, 7700, 4830, 7019]","[4251, 8774, 7700, 4830, 7019, 8104]",5
170,8339,"[1998, 2959]","[170, 1998, 2959, 8339]",3
8192,9529,"[3656, 5983, 8295]","[8192, 3656, 5983, 8295, 9529]",4
3140,4847,"[2332, 1130, 80]","[3140, 2332, 1130, 80, 4847]",4
5417,9572,"[6069, 9330]","[5417, 6069, 9330, 9572]",3
8329,5417,"[8481, 9428, 10098]","[8329, 8481, 9428, 10098, 5417]",4
4807,1191,"[9112, 6780, 5827, 4902, 1321]","[4807, 9112, 6780, 5827, 4902, 1321, 1191]",6
9355,8501,"[510, 927]","[9355, 510, 927, 8501]",3
7299,2369,"[9778, 7085, 8547, 9480, 10133]","[7299, 9778, 7085, 8547, 9480, 10133, 2369]",6
10047,8014,"[4687, 643, 800, 7127, 7923]","[10047, 4687, 643, 800, 7127, 7923, 8014]",6
5057,9393,"[7308, 8945, 9487, 8296, 10157]","[5057, 7308, 8945, 9487, 8296, 10157, 9393]",6
10016,7226,"[5224, 3116]","[10016, 5224, 3116, 7226]",3
8911,1307,"[4224, 7716, 8923, 9729]","[8911, 4224, 7716, 8923, 9729, 1307]",5
2616,7831,"[3548, 6594, 8107, 4111]","[2616, 3548, 6594, 8107, 4111, 7831]",5
5363,9455,"[8754, 9667, 6617, 604]","[5363, 8754, 9667, 6617, 604, 9455]",5
4948,5417,"[6148, 8868]","[4948, 6148, 8868, 5417]",3
3844,3548,"[3977, 6845]","[3844, 3977, 6845, 3548]",3
1282,2867,"[9258, 9686]","[1282, 9258, 9686, 2867]",3
8263,6838,"[9760, 652, 7524, 4687]","[8263, 9760, 652, 7524, 4687, 6838]",5
7951,8771,"[2396, 1811, 1915, 2572]","[7951, 2396, 1811, 1915, 2572, 8771]",5
9613,7424,"[3632, 9126]","[9613, 3632, 9126, 7424]",3
5330,7540,"[6940, 6287, 2180, 7470]","[5330, 6940, 6287, 2180, 7470, 7540]",5
6486,9986,"[5417, 6694, 4507, 5615, 9787]","[6486, 5417, 6694, 4507, 5615, 9787, 9986]",6
5719,7241,"[9592, 9966, 10040, 4806]","[5719, 9592, 9966, 10040, 4806, 7241]",5
358,960,"[5241, 6581]","[358, 5241, 6581, 960]",3
7244,9300,"[7325, 9537, 9611]","[7244, 7325, 9537, 9611, 9300]",4
5299,2557,"[9577, 8631]","[5299, 9577, 8631, 2557]",3
1803,9452,"[7466, 1483, 8540]","[1803, 7466, 1483, 8540, 9452]",4
9690,3232,"[5503, 8531, 7723, 4507]","[9690, 5503, 8531, 7723, 4507, 3232]",5
6399,8938,"[7967, 6475, 2519, 3153]","[6399, 7967, 6475, 2519, 3153, 8938]",5
1889,8409,"[4560, 7563, 9525, 7093]","[1889, 4560, 7563, 9525, 7093, 8409]",5
5485,2391,"[4419, 667, 2613]","[5485, 4419, 667, 2613, 2391]",4
2707,9513,"[6539, 9267, 8141, 8522]","[2707, 6539, 9267, 8141, 8522, 9513]",5
4257,10193,"[8958, 9225, 10097]","[4257, 8958, 9225, 10097, 10193]",4
1152,7093,"[2516, 3030, 9902, 3221]","[1152, 2516, 3030, 9902, 3221, 7093]",5
6903,1535,"[4104, 8819]","[6903, 4104, 8819, 1535]",3
1765,6143,"[3601, 7787, 4930, 4968]","[1765, 3601, 7787, 4930, 4968, 6143]",5
9927,4699,"[1414, 703, 8548, 6229, 7416]","[9927, 1414, 703, 8548, 6229, 7416, 4699]",6
9733,1864,"[7058, 3956, 4279]","[9733, 7058, 3956, 4279, 1864]",4
258,5123,"[4593, 8488]","[258, 4593, 8488, 5123]",3
10111,6982,"[5417, 8366, 8250]","[10111, 5417, 8366, 8250, 6982]",4
292,266,"[572, 5903]","[292, 572, 5903, 266]",3
6168,6870,"[8623, 3632, 5099]","[6168, 8623, 3632, 5099, 6870]",4
6973,8296,"[5201, 8603]","[6973, 5201, 8603, 8296]",3
5923,3108,"[7155, 8615, 4368, 7802]","[5923, 7155, 8615, 4368, 7802, 3108]",5
2516,7979,"[6245, 7962, 8693, 9758, 7073]","[2516, 6245, 7962, 8693, 9758, 7073, 7979]",6
2999,819,"[3290, 9484, 8305, 9124, 2340]","[2999, 3290, 9484, 8305, 9124, 2340, 819]",6
8550,2881,"[5327, 5734, 3487, 8480, 5944]","[8550, 5327, 5734, 3487, 8480, 5944, 2881]",6
8349,9158,"[9728, 9852]","[8349, 9728, 9852, 9158]",3
663,9684,"[4879, 6055, 8703]","[663, 4879, 6055, 8703, 9684]",4
8639,7458,"[9791, 5197, 9198]","[8639, 9791, 5197, 9198, 7458]",4
23,15,"[1864, 3801, 9297, 10066]","[23, 1864, 3801, 9297, 10066, 15]",5
3433,5257,"[5417, 9986, 2907, 765, 2934]","[3433, 5417, 9986, 2907, 765, 2934, 5257]",6
10184,3848,"[1494, 4455]","[10184, 1494, 4455, 3848]",3
9715,86,"[5304, 9443, 7999]","[9715, 5304, 9443, 7999, 86]",4
5451,6239,"[5996, 2936, 4997, 9999, 8056]","[5451, 5996, 2936, 4997, 9999, 8056, 6239]",6
3596,8623,"[8271, 8235, 5917]","[3596, 8271, 8235, 5917, 8623]",4
4241,5944,"[7487, 7724, 9657, 9141, 1525]","[4241, 7487, 7724, 9657, 9141, 1525, 5944]",6
4674,8326,"[9646, 1488, 1854, 8972, 9671]","[4674, 9646, 1488, 1854, 8972, 9671, 8326]",6
4079,7955,"[7203, 7207, 5215]","[4079, 7203, 7207, 5215, 7955]",4
3402,7740,"[6635, 4957]","[3402, 6635, 4957, 7740]",3
1134,7221,"[6326, 4224, 9349, 3632, 9126]","[1134, 6326, 4224, 9349, 3632, 9126, 7221]",6
5604,3548,"[4928, 9579, 5307]","[5604, 4928, 9579, 5307, 3548]",4
7680,731,"[3714, 4478, 2701, 2355, 8344]","[7680, 3714, 4478, 2701, 2355, 8344, 731]",6
3524,9705,"[8183, 8580, 9714, 3632, 643]","[3524, 8183, 8580, 9714, 3632, 643, 9705]",6
1234,8366,"[4038, 9494, 8250, 9590]","[1234, 4038, 9494, 8250, 9590, 8366]",5
9605,2382,"[1393, 3543, 7424, 9030]","[9605, 1393, 3543, 7424, 9030, 2382]",5
6555,5,"[4230, 8589]","[6555, 4230, 8589, 5]",3
2400,6974,"[63, 3558, 5635]","[2400, 63, 3558, 5635, 6974]",4
1290,9427,"[3307, 5890, 7975, 1669]","[1290, 3307, 5890, 7975, 1669, 9427]",5
8791,9126,"[8892, 9810, 3632]","[8791, 8892, 9810, 3632, 9126]",4
6055,9995,"[8974, 5019, 4957, 960, 6780]","[6055, 8974, 5019, 4957, 960, 6780, 9995]",6
1957,1544,"[4454, 5354]","[1957, 4454, 5354, 1544]",3
6229,4637,"[266, 7974]","[6229, 266, 7974, 4637]",3
2159,4633,"[5164, 9671, 8721, 2998]","[2159, 5164, 9671, 8721, 2998, 4633]",5
3087,8780,"[8810, 2396, 394]","[3087, 8810, 2396, 394, 8780]",4
4319,4395,"[5164, 9500, 7622, 4450, 2011]","[4319, 5164, 9500, 7622, 4450, 2011, 4395]",6
10059,913,"[1578, 7424, 1655]","[10059, 1578, 7424, 1655, 913]",4
2906,1234,"[9338, 4287, 2506, 1466, 5176]","[2906, 9338, 4287, 2506, 1466, 5176, 1234]",6
6745,9773,"[9750, 5633]","[6745, 9750, 5633, 9773]",3
5275,2638,"[1316, 2972]","[5275, 1316, 2972, 2638]",3
4356,4335,"[4879, 1410]","[4356, 4879, 1410, 4335]",3
7304,10180,"[8001, 8462, 4476, 9429, 9829]","[7304, 8001, 8462, 4476, 9429, 9829, 10180]",6
10061,10072,"[4339, 9908]","[10061, 4339, 9908, 10072]",3
8477,4033,"[105, 6583, 9247, 4806, 7499]","[8477, 105, 6583, 9247, 4806, 7499, 4033]",6
7586,10102,"[7769, 9916]","[7586, 7769, 9916, 10102]",3
9426,1562,"[9878, 10177]","[9426, 9878, 10177, 1562]",3
2504,5288,"[6629, 8420, 639, 9583, 8196]","[2504, 6629, 8420, 639, 9583, 8196, 5288]",6
9789,2941,"[9543, 994]","[9789, 9543, 994, 2941]",3
7154,5922,"[9047, 2041, 7557]","[7154, 9047, 2041, 7557, 5922]",4
2001,10186,"[8644, 8798]","[2001, 8644, 8798, 10186]",3
9780,2227,"[5530, 7019, 8250, 9954, 822]","[9780, 5530, 7019, 8250, 9954, 822, 2227]",6
10180,1393,"[3632, 643]","[10180, 3632, 643, 1393]",3
2463,10081,"[9592, 9656]","[2463, 9592, 9656, 10081]",3
6146,10068,"[8295, 8524]","[6146, 8295, 8524, 10068]",3
4122,4439,"[5360, 5057, 6512]","[4122, 5360, 5057, 6512, 4439]",4
1805,5093,"[2196, 9744, 4357, 4997, 461]","[1805, 2196, 9744, 4357, 4997, 461, 5093]",6
7491,8446,"[10165, 9377, 9397]","[7491, 10165, 9377, 9397, 8446]",4
1810,9961,"[7631, 8922, 5750, 37, 9377]","[1810, 7631, 8922, 5750, 37, 9377, 9961]",6
9087,9079,"[4670, 9619]","[9087, 4670, 9619, 9079]",3
5904,7483,"[2692, 5870, 9240, 7723]","[5904, 2692, 5870, 9240, 7723, 7483]",5
812,421,"[643, 8486]","[812, 643, 8486, 421]",3
6589,3895,"[2139, 1841, 7424, 3765]","[6589, 2139, 1841, 7424, 3765, 3895]",5
4242,9904,"[5786, 3037, 5944]","[4242, 5786, 3037, 5944, 9904]",4
9396,7713,"[10110, 7692, 9318, 10041, 1544]","[9396, 10110, 7692, 9318, 10041, 1544, 7713]",6
847,8250,"[1499, 8326, 5030, 8940, 1417]","[847, 1499, 8326, 5030, 8940, 1417, 8250]",6
1087,10196,"[2383, 9649, 9855, 10078]","[1087, 2383, 9649, 9855, 10078, 10196]",5
4204,3820,"[8454, 8621, 4175, 7368]","[4204, 8454, 8621, 4175, 7368, 3820]",5
2089,10012,"[8634, 9807]","[2089, 8634, 9807, 10012]",3
5231,2379,"[7955, 8711, 4043]","[5231, 7955, 8711, 4043, 2379]",4
8274,6049,"[8830, 2006]","[8274, 8830, 2006, 6049]",3
627,9098,"[8427, 9762]","[627, 8427, 9762, 9098]",3
5182,9788,"[7684, 8186, 9598]","[5182, 7684, 8186, 9598, 9788]",4
4555,5172,"[5235, 7124, 9330]","[4555, 5235, 7124, 9330, 5172]",4
2330,3115,"[5218, 4092]","[2330, 5218, 4092, 3115]",3
6188,8585,"[6547, 7606, 9951, 9465]","[6188, 6547, 7606, 9951, 9465, 8585]",5
8840,222,"[5417, 4100, 0, 7975]","[8840, 5417, 4100, 0, 7975, 222]",5
2383,10185,"[8826, 8868]","[2383, 8826, 8868, 10185]",3
9425,8141,"[10015, 1525, 6780, 5252]","[9425, 10015, 1525, 6780, 5252, 8141]",5
8435,9750,"[8696, 9158, 7930, 1729, 8881]","[8435, 8696, 9158, 7930, 1729, 8881, 9750]",6
6691,3736,"[3161, 4371]","[6691, 3161, 4371, 3736]",3
153,3873,"[652, 3962]","[153, 652, 3962, 3873]",3
8921,10049,"[1578, 5881, 8780, 5057, 8388]","[8921, 1578, 5881, 8780, 5057, 8388, 10049]",6
7900,5579,"[10190, 8010, 9339, 8296, 367]","[7900, 10190, 8010, 9339, 8296, 367, 5579]",6
8042,3741,"[10045, 10058, 3632, 8480]","[8042, 10045, 10058, 3632, 8480, 3741]",5
3302,2397,"[10016, 720]","[3302, 10016, 720, 2397]",3
253,8347,"[1046, 2821, 5030, 8296]","[253, 1046, 2821, 5030, 8296, 8347]",5
379,2458,"[9717, 1931, 9685, 6729, 10162]","[379, 9717, 1931, 9685, 6729, 10162, 2458]",6
4935,9304,"[5341, 8365, 2051, 7445, 5534]","[4935, 5341, 8365, 2051, 7445, 5534, 9304]",6
5940,5972,"[3339, 960, 5912]","[5940, 3339, 960, 5912, 5972]",4
8391,4879,"[6463, 7916, 3055, 4589]","[8391, 6463, 7916, 3055, 4589, 4879]",5
4312,8263,"[5633, 8321]","[4312, 5633, 8321, 8263]",3
3819,1691,"[3959, 5965]","[3819, 3959, 5965, 1691]",3
3615,7723,"[7329, 9788]","[3615, 7329, 9788, 7723]",3
4363,7780,"[8606, 9013, 10185, 2347]","[4363, 8606, 9013, 10185, 2347, 7780]",5
8387,8495,"[9773, 9890, 9998]","[8387, 9773, 9890, 9998, 8495]",4
1253,9758,"[8964, 9749]","[1253, 8964, 9749, 9758]",3
1252,3271,"[9163, 3730, 9780]","[1252, 9163, 3730, 9780, 3271]",4
5758,2918,"[4175, 9892, 8378, 8847, 3514]","[5758, 4175, 9892, 8378, 8847, 3514, 2918]",6
9791,5827,"[1914, 3785, 9513, 1854, 5252]","[9791, 1914, 3785, 9513, 1854, 5252, 5827]",6
1749,2186,"[8704, 9463, 5902, 3898]","[1749, 8704, 9463, 5902, 3898, 2186]",5
1699,4563,"[3944, 9659, 4573, 5027, 3844]","[1699, 3944, 9659, 4573, 5027, 3844, 4563]",6
8272,3364,"[9380, 6055, 7348, 9288, 8660]","[8272, 9380, 6055, 7348, 9288, 8660, 3364]",6
9623,4806,"[2638, 5241, 3518]","[9623, 2638, 5241, 3518, 4806]",4
9488,9995,"[9743, 4488, 2986]","[9488, 9743, 4488, 2986, 9995]",4
6391,2566,"[9668, 9929, 4498, 6459, 7796]","[6391, 9668, 9929, 4498, 6459, 7796, 2566]",6
8320,9103,"[9912, 23, 8943]","[8320, 9912, 23, 8943, 9103]",4
5682,8434,"[7833, 7985]","[5682, 7833, 7985, 8434]",3
3888,8392,"[9348, 9591, 4969, 2102, 8104]","[3888, 9348, 9591, 4969, 2102, 8104, 8392]",6
2111,5099,"[8018, 3632, 9126, 6163]","[2111, 8018, 3632, 9126, 6163, 5099]",5
2667,4902,"[6589, 4217]","[2667, 6589, 4217, 4902]",3
9798,793,"[10149, 9940, 704]","[9798, 10149, 9940, 704, 793]",4
1460,8481,"[9062, 9754, 8663, 8471]","[1460, 9062, 9754, 8663, 8471, 8481]",5
7850,3256,"[1414, 5705, 3240]","[7850, 1414, 5705, 3240, 3256]",4
5041,8250,"[7164, 7552, 10107, 442, 7243]","[5041, 7164, 7552, 10107, 442, 7243, 8250]",6
4023,6945,"[8376, 7994, 4347, 1863]","[4023, 8376, 7994, 4347, 1863, 6945]",5
8118,10041,"[6797, 7014]","[8118, 6797, 7014, 10041]",3
6118,4399,"[3302, 8486, 2602, 5534]","[6118, 3302, 8486, 2602, 5534, 4399]",5
468,3426,"[2210, 8660, 1811, 8824, 3116]","[468, 2210, 8660, 1811, 8824, 3116, 3426]",6
8444,7955,"[7974, 6993, 2571]","[8444, 7974, 6993, 2571, 7955]",4
246,761,"[4615, 9020]","[246, 4615, 9020, 761]",3
3526,9816,"[6968, 9363, 643, 3153, 4968]","[3526, 6968, 9363, 643, 3153, 4968, 9816]",6
8832,2185,"[5645, 6993, 3024, 2307, 2315]","[8832, 5645, 6993, 3024, 2307, 2315, 2185]",6
3808,8479,"[4644, 800, 3632, 8480]","[3808, 4644, 800, 3632, 8480, 8479]",5
2345,9579,"[1760, 1088, 5589]","[2345, 1760, 1088, 5589, 9579]",4
9706,9989,"[328, 8125]","[9706, 328, 8125, 9989]",3
4305,8466,"[4319, 10043]","[4305, 4319, 10043, 8466]",3
4741,4879,"[693, 1560, 1787]","[4741, 693, 1560, 1787, 4879]",4
6880,8150,"[7175, 7417]","[6880, 7175, 7417, 8150]",3
2457,7701,"[6975, 7232, 291, 4106, 6333]","[2457, 6975, 7232, 291, 4106, 6333, 7701]",6
4694,8204,"[3537, 4236]","[4694, 3537, 4236, 8204]",3
1443,3113,"[4219, 5758]","[1443, 4219, 5758, 3113]",3
1523,8945,"[5258, 8583, 1767]","[1523, 5258, 8583, 1767, 8945]",4
8952,1682,"[9029, 1570, 7857, 3769]","[8952, 9029, 1570, 7857, 3769, 1682]",5
5071,6503,"[5831, 6534, 9638]","[5071, 5831, 6534, 9638, 6503]",4
4106,8441,"[4120, 2267, 2414, 1575]","[4106, 4120, 2267, 2414, 1575, 8441]",5
8913,4806,"[8940, 7385, 8991, 9518, 9689]","[8913, 8940, 7385, 8991, 9518, 9689, 4806]",6
5384,704,"[3892, 5763]","[5384, 3892, 5763, 704]",3
8737,5799,"[3782, 4506]","[8737, 3782, 4506, 5799]",3
1837,6215,"[3579, 6110]","[1837, 3579, 6110, 6215]",3
7292,8142,"[7465, 994, 5027, 8337]","[7292, 7465, 994, 5027, 8337, 8142]",5
9131,9878,"[9300, 8056, 3545]","[9131, 9300, 8056, 3545, 9878]",4
6518,4192,"[2893, 505, 6411, 1872, 9539]","[6518, 2893, 505, 6411, 1872, 9539, 4192]",6
8168,1165,"[10189, 80]","[8168, 10189, 80, 1165]",3
3834,2277,"[1385, 7843, 3929, 5743]","[3834, 1385, 7843, 3929, 5743, 2277]",5
6713,9089,"[8663, 6729, 667, 5021, 8428]","[6713, 8663, 6729, 667, 5021, 8428, 9089]",6
6923,8887,"[8634, 8896, 9430, 5784, 6265]","[6923, 8634, 8896, 9430, 5784, 6265, 8887]",6
720,5851,"[10014, 7949, 7955, 5417]","[720, 10014, 7949, 7955, 5417, 5851]",5
6886,9987,"[2001, 4720, 8296, 9612]","[6886, 2001, 4720, 8296, 9612, 9987]",5
9380,2173,"[8470, 5322, 5972, 10186, 2701]","[9380, 8470, 5322, 5972, 10186, 2701, 2173]",6
3489,1438,"[10165, 9063, 6547, 5482, 6993]","[3489, 10165, 9063, 6547, 5482, 6993, 1438]",6
4865,7900,"[9211, 6505]","[4865, 9211, 6505, 7900]",3
2183,9876,"[3298, 3256]","[2183, 3298, 3256, 9876]",3
5131,1811,"[1169, 3156]","[5131, 1169, 3156, 1811]",3
8026,7962,"[4, 6568]","[8026, 4, 6568, 7962]",3
1324,4346,"[9303, 7770]","[1324, 9303, 7770, 4346]",3
7696,10078,"[9142, 9592, 9855]","[7696, 9142, 9592, 9855, 10078]",4
2228,6899,"[1690, 8336, 4920]","[2228, 1690, 8336, 4920, 6899]",4
1865,3055,"[2366, 2742]","[1865, 2366, 2742, 3055]",3
3634,8581,"[3648, 4203, 8574, 9518]","[3634, 3648, 4203, 8574, 9518, 8581]",5
10012,7723,"[3632, 9126, 6743, 9133]","[10012, 3632, 9126, 6743, 9133, 7723]",5
2923,4868,"[3841, 10136, 2328]","[2923, 3841, 10136, 2328, 4868]",4
1635,3024,"[2234, 6463, 1427, 806]","[1635, 2234, 6463, 1427, 806, 3024]",5
2709,4393,"[1914, 2090, 4492]","[2709, 1914, 2090, 4492, 4393]",4
7279,7565,"[3285, 8026, 8767, 7684, 6686]","[7279, 3285, 8026, 8767, 7684, 6686, 7565]",6
7493,7563,"[9079, 7979, 3314]","[7493, 9079, 7979, 3314, 7563]",4
8915,7900,"[9843, 1565, 5887, 4287]","[8915, 9843, 1565, 5887, 4287, 7900]",5
6152,5208,"[10150, 4488, 10088, 1975]","[6152, 10150, 4488, 10088, 1975, 5208]",5
52,6819,"[181, 1616]","[52, 181, 1616, 6819]",3
1086,643,"[3138, 8668, 5748, 876, 3277]","[1086, 3138, 8668, 5748, 876, 3277, 643]",6
9949,1500,"[8663, 8353, 383, 8336]","[9949, 8663, 8353, 383, 8336, 1500]",5
8850,8663,"[9116, 311, 3334]","[8850, 9116, 311, 3334, 8663]",4
3944,5099,"[8916, 9432, 3632]","[3944, 8916, 9432, 3632, 5099]",4
7613,2294,"[7026, 5944, 8250]","[7613, 7026, 5944, 8250, 2294]",4
5950,9325,"[7086, 7665, 8712]","[5950, 7086, 7665, 8712, 9325]",4
120,6691,"[5786, 9881, 8587, 4702, 2744]","[120, 5786, 9881, 8587, 4702, 2744, 6691]",6
735,1578,"[1138, 4853, 2752, 3364, 2459]","[735, 1138, 4853, 2752, 3364, 2459, 1578]",6
7923,6085,"[3632, 644, 1729, 4923, 3478]","[7923, 3632, 644, 1729, 4923, 3478, 6085]",6
370,3475,"[5845, 8409, 1282]","[370, 5845, 8409, 1282, 3475]",4
3873,5078,"[7524, 6486, 7350]","[3873, 7524, 6486, 7350, 5078]",4
1469,8244,"[2619, 2807]","[1469, 2619, 2807, 8244]",3
1999,2656,"[5366, 5423, 4175]","[1999, 5366, 5423, 4175, 2656]",4
4005,7940,"[4441, 2893]","[4005, 4441, 2893, 7940]",3
3271,5866,"[4538, 7399, 5307]","[3271, 4538, 7399, 5307, 5866]",4
7085,5645,"[3736, 6797, 2047, 4455]","[7085, 3736, 6797, 2047, 4455, 5645]",5
85,9446,"[1225, 6711, 6808, 9594, 10000]","[85, 1225, 6711, 6808, 9594, 10000, 9446]",6
6304,9984,"[7099, 4476, 7623]","[6304, 7099, 4476, 7623, 9984]",4
3535,2878,"[7718, 9095, 3292]","[3535, 7718, 9095, 3292, 2878]",4
10158,5664,"[2386, 4195, 1184, 7864]","[10158, 2386, 4195, 1184, 7864, 5664]",5
7456,5164,"[9361, 7475, 8938, 9169]","[7456, 9361, 7475, 8938, 9169, 5164]",5
2734,8236,"[7470, 9561, 1753, 2519, 3113]","[2734, 7470, 9561, 1753, 2519, 3113, 8236]",6
7083,2061,"[5534, 8781, 9634]","[7083, 5534, 8781, 9634, 2061]",4
2597,9906,"[4248, 4740, 8480, 1494, 913]","[2597, 4248, 4740, 8480, 1494, 913, 9906]",6
8062,960,"[7723, 8253, 9959]","[8062, 7723, 8253, 9959, 960]",4
1011,8540,"[7338, 8056, 10171, 6824]","[1011, 7338, 8056, 10171, 6824, 8540]",5
1454,4951,"[7142, 7190, 8440, 10188]","[1454, 7142, 7190, 8440, 10188, 4951]",5
7302,10021,"[8385, 9072, 9221]","[7302, 8385, 9072, 9221, 10021]",4
6997,6695,"[8384, 9800, 5674, 5482, 7154]","[6997, 8384, 9800, 5674, 5482, 7154, 6695]",6
2932,5115,"[4322, 9384, 4499, 814]","[2932, 4322, 9384, 4499, 814, 5115]",5
1533,6199,"[3465, 8738, 2936, 9765]","[1533, 3465, 8738, 2936, 9765, 6199]",5
5174,5414,"[3179, 9397, 4670, 1607]","[5174, 3179, 9397, 4670, 1607, 5414]",5
2430,4158,"[5417, 2180, 5786]","[2430, 5417, 2180, 5786, 4158]",4
7518,7162,"[8000, 10171]","[7518, 8000, 10171, 7162]",3
1177,21,"[5747, 6397, 9638, 6503, 9980]","[1177, 5747, 6397, 9638, 6503, 9980, 21]",6
2959,1392,"[9667, 7502, 8847]","[2959, 9667, 7502, 8847, 1392]",4
5763,643,"[5429, 6622]","[5763, 5429, 6622, 643]",3
1202,6617,"[5658, 3428, 6989]","[1202, 5658, 3428, 6989, 6617]",4
5365,4017,"[9125, 2294, 4638]","[5365, 9125, 2294, 4638, 4017]",4
5754,3290,"[7688, 3149, 7364, 7413, 3292]","[5754, 7688, 3149, 7364, 7413, 3292, 3290]",6
6686,1954,"[837, 9788, 898, 3370, 696]","[6686, 837, 9788, 898, 3370, 696, 1954]",6
5301,9923,"[7275, 4342, 2431, 5728]","[5301, 7275, 4342, 2431, 5728, 9923]",5
1503,7563,"[6768, 2302, 5696, 5944]","[1503, 6768, 2302, 5696, 5944, 7563]",5
3089,8542,"[9760, 1050]","[3089, 9760, 1050, 8542]",3
8859,9892,"[3231, 8915, 8540]","[8859, 3231, 8915, 8540, 9892]",4
7597,2536,"[8250, 4207, 4206]","[7597, 8250, 4207, 4206, 2536]",4
6964,10012,"[7749, 9750]","[6964, 7749, 9750, 10012]",3
3758,2141,"[10044, 10166, 1984]","[3758, 10044, 10166, 1984, 2141]",4
4460,9869,"[7392, 1757]","[4460, 7392, 1757, 9869]",3
8082,9528,"[9383, 7626, 541]","[8082, 9383, 7626, 541, 9528]",4
4017,4638,"[2218, 3736, 5200, 7654, 8801]","[4017, 2218, 3736, 5200, 7654, 8801, 4638]",6
8268,898,"[4476, 5944, 6249, 3736, 4005]","[8268, 4476, 5944, 6249, 3736, 4005, 898]",6
3764,5750,"[1832, 566, 3571, 5417]","[3764, 1832, 566, 3571, 5417, 5750]",5
2261,7823,"[3632, 643, 6686, 862, 4639]","[2261, 3632, 643, 6686, 862, 4639, 7823]",6
3492,8259,"[3893, 4916, 5953, 6901, 7880]","[3492, 3893, 4916, 5953, 6901, 7880, 8259]",6
5431,821,"[1840, 2584, 2210, 4164, 7842]","[5431, 1840, 2584, 2210, 4164, 7842, 821]",6
7976,4097,"[7059, 2223, 3919, 2619, 1984]","[7976, 7059, 2223, 3919, 2619, 1984, 4097]",6
9598,9095,"[9955, 5366, 9879, 1884]","[9598, 9955, 5366, 9879, 1884, 9095]",5
8085,47,"[5482, 8344, 9940]","[8085, 5482, 8344, 9940, 47]",4
6361,9520,"[2893, 4559, 4005, 8851]","[6361, 2893, 4559, 4005, 8851, 9520]",5
1991,6449,"[9423, 2678, 1996]","[1991, 9423, 2678, 1996, 6449]",4
6822,3641,"[7461, 3632, 9126]","[6822, 7461, 3632, 9126, 3641]",4
9904,6152,"[2379, 6089]","[9904, 2379, 6089, 6152]",3
9198,4248,"[876, 1770]","[9198, 876, 1770, 4248]",3
7576,9422,"[311, 7546]","[7576, 311, 7546, 9422]",3
6606,7269,"[5851, 2813, 626, 913, 5503]","[6606, 5851, 2813, 626, 913, 5503, 7269]",6
9739,4997,"[1267, 6753, 1414]","[9739, 1267, 6753, 1414, 4997]",4
9959,10037,"[8296, 5201, 2446, 9095]","[9959, 8296, 5201, 2446, 9095, 10037]",5
8448,9126,"[5417, 7723, 9093]","[8448, 5417, 7723, 9093, 9126]",4
7739,1316,"[505, 2354, 10117, 2860]","[7739, 505, 2354, 10117, 2860, 1316]",5
655,4806,"[9615, 9621, 9668, 9913, 9963]","[655, 9615, 9621, 9668, 9913, 9963, 4806]",6
2888,9717,"[9367, 7979, 1544, 7923]","[2888, 9367, 7979, 1544, 7923, 9717]",5
9681,4267,"[5743, 1427, 8531]","[9681, 5743, 1427, 8531, 4267]",4
750,8519,"[8413, 8821, 2304, 6618]","[750, 8413, 8821, 2304, 6618, 8519]",5
5129,5845,"[5167, 6180, 4928, 3020]","[5129, 5167, 6180, 4928, 3020, 5845]",5
5775,7623,"[8442, 9984, 1133, 9064]","[5775, 8442, 9984, 1133, 9064, 7623]",5
10072,8709,"[6249, 7949, 9803, 9782]","[10072, 6249, 7949, 9803, 9782, 8709]",5
6433,9890,"[8574, 9518, 5189, 10000]","[6433, 8574, 9518, 5189, 10000, 9890]",5
2120,2142,"[6980, 9650, 8847]","[2120, 6980, 9650, 8847, 2142]",4
3657,311,"[3023, 1398, 923, 9326, 9198]","[3657, 3023, 1398, 923, 9326, 9198, 311]",6
968,1975,"[667, 9454]","[968, 667, 9454, 1975]",3
6232,5645,"[2741, 9765, 1202, 8378]","[6232, 2741, 9765, 1202, 8378, 5645]",5
4514,7164,"[5121, 10141, 1219, 1599, 2036]","[4514, 5121, 10141, 1219, 1599, 2036, 7164]",6
3309,4547,"[1753, 6691, 7838, 3945]","[3309, 1753, 6691, 7838, 3945, 4547]",5
2878,9572,"[4869, 6056, 10014]","[2878, 4869, 6056, 10014, 9572]",4
2356,7502,"[9423, 4158, 9931, 9214]","[2356, 9423, 4158, 9931, 9214, 7502]",5
809,9682,"[7473, 7530]","[809, 7473, 7530, 9682]",3
9750,7219,"[10157, 4172, 8878, 8977, 3116]","[9750, 10157, 4172, 8878, 8977, 3116, 7219]",6
5126,6818,"[7880, 1321, 6333, 2180]","[5126, 7880, 1321, 6333, 2180, 6818]",5
3693,859,"[5955, 9631]","[3693, 5955, 9631, 859]",3
1760,2709,"[643, 3339, 5710, 8250, 4928]","[1760, 643, 3339, 5710, 8250, 4928, 2709]",6
2864,5664,"[3292, 10025, 5510]","[2864, 3292, 10025, 5510, 5664]",4
9358,2986,"[5241, 7221, 2051]","[9358, 5241, 7221, 2051, 2986]",4
8689,311,"[9157, 9291, 7700, 3292, 9608]","[8689, 9157, 9291, 7700, 3292, 9608, 311]",6
9202,4024,"[4830, 2446]","[9202, 4830, 2446, 4024]",3
7892,4397,"[9358, 8556, 876]","[7892, 9358, 8556, 876, 4397]",4
404,3153,"[10006, 4341, 9754, 7700]","[404, 10006, 4341, 9754, 7700, 3153]",5
3792,6711,"[7400, 9389, 1570, 6883, 7847]","[3792, 7400, 9389, 1570, 6883, 7847, 6711]",6
6736,10157,"[4237, 7099, 9173, 8296]","[6736, 4237, 7099, 9173, 8296, 10157]",5
624,10147,"[3067, 5279, 6759, 9157, 10110]","[624, 3067, 5279, 6759, 9157, 10110, 10147]",6
9213,4755,"[9765, 9491, 6507, 9353, 9869]","[9213, 9765, 9491, 6507, 9353, 9869, 4755]",6
5928,2727,"[9638, 9691, 10177, 3325]","[5928, 9638, 9691, 10177, 3325, 2727]",5
7064,4515,"[8744, 4579]","[7064, 8744, 4579, 4515]",3
8975,4335,"[9988, 105, 9318, 10041, 10063]","[8975, 9988, 105, 9318, 10041, 10063, 4335]",6
836,1580,"[2822, 2603, 7586, 7563, 389]","[836, 2822, 2603, 7586, 7563, 389, 1580]",6
4516,9115,"[9832, 9079]","[4516, 9832, 9079, 9115]",3
1404,10167,"[6247, 6901]","[1404, 6247, 6901, 10167]",3
6421,9892,"[204, 2415, 8781]","[6421, 204, 2415, 8781, 9892]",4
6308,9333,"[1544, 3539]","[6308, 1544, 3539, 9333]",3
8117,9158,"[5341, 6613, 9997]","[8117, 5341, 6613, 9997, 9158]",4
2033,4371,"[8495, 2354, 2180]","[2033, 8495, 2354, 2180, 4371]",4
5039,7702,"[2972, 8769, 106, 448, 4208]","[5039, 2972, 8769, 106, 448, 4208, 7702]",6
9052,9186,"[8686, 448, 1535, 2280]","[9052, 8686, 448, 1535, 2280, 9186]",5
5065,9342,"[6645, 7585, 8883]","[5065, 6645, 7585, 8883, 9342]",4
7253,9976,"[9126, 9678]","[7253, 9126, 9678, 9976]",3
7832,851,"[7383, 9705, 7700, 5257, 6475]","[7832, 7383, 9705, 7700, 5257, 6475, 851]",6
861,1816,"[3714, 5707, 1262, 3147]","[861, 3714, 5707, 1262, 3147, 1816]",5
2586,6797,"[9671, 1234, 9946, 8232]","[2586, 9671, 1234, 9946, 8232, 6797]",5
9771,6852,"[9915, 4602, 2603, 5252]","[9771, 9915, 4602, 2603, 5252, 6852]",5
9505,736,"[7723, 6611]","[9505, 7723, 6611, 736]",3
4441,6658,"[7700, 3448, 8785, 9439, 5252]","[4441, 7700, 3448, 8785, 9439, 5252, 6658]",6
4372,5099,"[6338, 5750, 4800, 6076, 9961]","[4372, 6338, 5750, 4800, 6076, 9961, 5099]",6
2844,9763,"[244, 613]","[2844, 244, 613, 9763]",3
6132,7019,"[7099, 9751, 3632, 9126]","[6132, 7099, 9751, 3632, 9126, 7019]",5
520,4175,"[7872, 9339, 8216]","[520, 7872, 9339, 8216, 4175]",4
7242,3596,"[2867, 3028]","[7242, 2867, 3028, 3596]",3
5192,2701,"[6873, 7048, 3340, 1125]","[5192, 6873, 7048, 3340, 1125, 2701]",5
8225,948,"[832, 7202]","[8225, 832, 7202, 948]",3
3661,9957,"[4141, 7594, 2180, 9169, 7475]","[3661, 4141, 7594, 2180, 9169, 7475, 9957]",6
9085,10196,"[9916, 10102]","[9085, 9916, 10102, 10196]",3
7267,7334,"[8771, 5404, 3487, 3435]","[7267, 8771, 5404, 3487, 3435, 7334]",5
2594,6069,"[6311, 9235, 1729]","[2594, 6311, 9235, 1729, 6069]",4
3263,9383,"[4546, 1479, 5241, 6347, 3078]","[3263, 4546, 1479, 5241, 6347, 3078, 9383]",6
4462,1751,"[4563, 5601, 5897, 8587, 6979]","[4462, 4563, 5601, 5897, 8587, 6979, 1751]",6
8936,1000,"[8879, 2934, 4109, 9631, 2090]","[8936, 8879, 2934, 4109, 9631, 2090, 1000]",6
2651,3113,"[5750, 9427, 10152]","[2651, 5750, 9427, 10152, 3113]",4
5354,4335,"[1741, 5718, 1984, 7569, 8667]","[5354, 1741, 5718, 1984, 7569, 8667, 4335]",6
3932,9082,"[2180, 4458, 6433, 1152]","[3932, 2180, 4458, 6433, 1152, 9082]",5
1476,1166,"[7515, 9560, 2476, 6190, 8480]","[1476, 7515, 9560, 2476, 6190, 8480, 1166]",6
7940,6984,"[8441, 9902, 8711, 2639, 4064]","[7940, 8441, 9902, 8711, 2639, 4064, 6984]",6
7562,73,"[8769, 9954, 3548]","[7562, 8769, 9954, 3548, 73]",4
3347,5910,"[8781, 9860, 2180, 4569, 4570]","[3347, 8781, 9860, 2180, 4569, 4570, 5910]",6
5,7511,"[4698, 898, 9112, 8819, 5955]","[5, 4698, 898, 9112, 8819, 5955, 7511]",6
3735,7464,"[5838, 10134, 4806, 180, 6457]","[3735, 5838, 10134, 4806, 180, 6457, 7464]",6
4768,8950,"[4476, 5944, 8363, 8513, 8741]","[4768, 4476, 5944, 8363, 8513, 8741, 8950]",6
1243,7020,"[1731, 6274, 4951, 5017]","[1243, 1731, 6274, 4951, 5017, 7020]",5
1843,2326,"[3785, 5224, 9914]","[1843, 3785, 5224, 9914, 2326]",4
9169,6407,"[8540, 3487, 8275, 1914, 4135]","[9169, 8540, 3487, 8275, 1914, 4135, 6407]",6
3950,1591,"[8887, 3632, 8480]","[3950, 8887, 3632, 8480, 1591]",4
7786,4164,"[8579, 4282, 6743, 6874, 9603]","[7786, 8579, 4282, 6743, 6874, 9603, 4164]",6
8518,1741,"[8764, 9037, 9202]","[8518, 8764, 9037, 9202, 1741]",4
2149,10004,"[4325, 1914]","[2149, 4325, 1914, 10004]",3
2104,9884,"[9133, 10174, 6488, 8699, 8660]","[2104, 9133, 10174, 6488, 8699, 8660, 9884]",6
8854,3105,"[5417, 2422]","[8854, 5417, 2422, 3105]",3
6017,9821,"[7714, 9126, 1891, 6491]","[6017, 7714, 9126, 1891, 6491, 9821]",5
7070,3418,"[5374, 302, 361]","[7070, 5374, 302, 361, 3418]",4
8942,1760,"[2741, 6590, 4779, 6859, 6049]","[8942, 2741, 6590, 4779, 6859, 6049, 1760]",6
6611,7766,"[9528, 9079]","[6611, 9528, 9079, 7766]",3
9452,3082,"[2269, 3194]","[9452, 2269, 3194, 3082]",3
2107,9827,"[8186, 2051, 9744, 765, 2953]","[2107, 8186, 2051, 9744, 765, 2953, 9827]",6
4871,7133,"[7926, 9052, 2139]","[4871, 7926, 9052, 2139, 7133]",4
6628,2313,"[8498, 8838, 9613, 3082, 643]","[6628, 8498, 8838, 9613, 3082, 643, 2313]",6
4161,10102,"[7820, 8495, 8649, 10078, 10081]","[4161, 7820, 8495, 8649, 10078, 10081, 10102]",6
4371,7822,"[41, 4610]","[4371, 41, 4610, 7822]",3
6682,2948,"[4335, 9906, 8657]","[6682, 4335, 9906, 8657, 2948]",4
7931,7661,"[1984, 6729]","[7931, 1984, 6729, 7661]",3
2483,4560,"[2488, 2387, 3770]","[2483, 2488, 2387, 3770, 4560]",4
2081,7240,"[389, 2516]","[2081, 389, 2516, 7240]",3
9790,9837,"[4806, 3881, 6165, 6809]","[9790, 4806, 3881, 6165, 6809, 9837]",5
7752,6853,"[4492, 6976]","[7752, 4492, 6976, 6853]",3
4196,1610,"[6860, 9628, 8296, 1228]","[4196, 6860, 9628, 8296, 1228, 1610]",5
4702,7143,"[9427, 7875, 4195, 9789]","[4702, 9427, 7875, 4195, 9789, 7143]",5
7046,7700,"[2065, 2642, 8817, 9829, 8296]","[7046, 2065, 2642, 8817, 9829, 8296, 7700]",6
10167,8852,"[1835, 7788]","[10167, 1835, 7788, 8852]",3
5630,7059,"[7820, 9551, 279, 5417, 7432]","[5630, 7820, 9551, 279, 5417, 7432, 7059]",6
8296,1760,"[7019, 4997, 5881, 3896]","[8296, 7019, 4997, 5881, 3896, 1760]",5
234,1105,"[4551, 9290, 9539]","[234, 4551, 9290, 9539, 1105]",4
5806,8246,"[6104, 6845, 6653, 3049]","[5806, 6104, 6845, 6653, 3049, 8246]",5
7092,10196,"[8109, 10156]","[7092, 8109, 10156, 10196]",3
2225,4076,"[9516, 877, 875, 1522]","[2225, 9516, 877, 875, 1522, 4076]",5
3250,10023,"[2659, 5480, 6941, 151]","[3250, 2659, 5480, 6941, 151, 10023]",5
8505,9102,"[10000, 9446, 9211, 2493, 8296]","[8505, 10000, 9446, 9211, 2493, 8296, 9102]",6
3452,9805,"[6764, 7510, 6146, 4505, 8366]","[3452, 6764, 7510, 6146, 4505, 8366, 9805]",6
8517,7723,"[4316, 962, 1544, 7621]","[8517, 4316, 962, 1544, 7621, 7723]",5
1514,5972,"[3632, 5099, 2957, 3231, 5496]","[1514, 3632, 5099, 2957, 3231, 5496, 5972]",6
6227,8480,"[10023, 3632]","[6227, 10023, 3632, 8480]",3
9210,8960,"[5985, 3964, 5637, 8760]","[9210, 5985, 3964, 5637, 8760, 8960]",5
4894,9343,"[9175, 4551, 9300, 8044, 9005]","[4894, 9175, 4551, 9300, 8044, 9005, 9343]",6
6063,8501,"[6891, 9595]","[6063, 6891, 9595, 8501]",3
840,6386,"[5104, 7700, 6190]","[840, 5104, 7700, 6190, 6386]",4
2655,8056,"[8242, 8482]","[2655, 8242, 8482, 8056]",3
2660,5152,"[9789, 7319, 635, 3987, 5797]","[2660, 9789, 7319, 635, 3987, 5797, 5152]",6
5472,5885,"[9908, 1984, 2554]","[5472, 9908, 1984, 2554, 5885]",4
7843,5593,"[8940, 10108, 8236, 3139]","[7843, 8940, 10108, 8236, 3139, 5593]",5
9691,3632,"[10167, 8501, 10034, 856, 9086]","[9691, 10167, 8501, 10034, 856, 9086, 3632]",6
689,4637,"[2860, 7728, 8954]","[689, 2860, 7728, 8954, 4637]",4
2096,7383,"[1133, 6463, 4516, 6930, 7129]","[2096, 1133, 6463, 4516, 6930, 7129, 7383]",6
7002,8781,"[9961, 8721]","[7002, 9961, 8721, 8781]",3
2952,10078,"[6751, 9649]","[2952, 6751, 9649, 10078]",3
6901,9511,"[9913, 9963, 7095]","[6901, 9913, 9963, 7095, 9511]",4
1885,9455,"[8879, 1562, 2125, 7276]","[1885, 8879, 1562, 2125, 7276, 9455]",5
4821,9711,"[7797, 9379]","[4821, 7797, 9379, 9711]",3
7721,4670,"[2749, 2577]","[7721, 2749, 2577, 4670]",3
6755,8366,"[7477, 9715, 5304, 8663]","[6755, 7477, 9715, 5304, 8663, 8366]",5
2676,6547,"[5739, 5792]","[2676, 5739, 5792, 6547]",3
2480,2358,"[7277, 1716, 2559, 5164, 652]","[2480, 7277, 1716, 2559, 5164, 652, 2358]",6
9115,5870,"[9827, 819]","[9115, 9827, 819, 5870]",3
7293,2945,"[7979, 4586, 4687, 2996]","[7293, 7979, 4586, 4687, 2996, 2945]",5
3257,4830,"[4543, 5226, 9459]","[3257, 4543, 5226, 9459, 4830]",4
9782,652,"[7765, 3194]","[9782, 7765, 3194, 652]",3
996,9342,"[1781, 8963, 560, 2185, 3881]","[996, 1781, 8963, 560, 2185, 3881, 9342]",6
7930,9429,"[3900, 9758, 4325, 4518, 6689]","[7930, 3900, 9758, 4325, 4518, 6689, 9429]",6
5912,3290,"[2184, 3190]","[5912, 2184, 3190, 3290]",3
7232,4533,"[8522, 1494, 738]","[7232, 8522, 1494, 738, 4533]",4
7425,8446,"[8996, 3741, 7563, 2934, 8253]","[7425, 8996, 3741, 7563, 2934, 8253, 8446]",6
5920,4124,"[5972, 9401, 3769]","[5920, 5972, 9401, 3769, 4124]",4
9840,3020,"[5750, 8378, 2614]","[9840, 5750, 8378, 2614, 3020]",4
605,8892,"[7006, 5615, 3632, 8480]","[605, 7006, 5615, 3632, 8480, 8892]",5
1126,6975,"[6353, 6426]","[1126, 6353, 6426, 6975]",3
4210,6271,"[8366, 4507, 7966, 9678, 2194]","[4210, 8366, 4507, 7966, 9678, 2194, 6271]",6
6117,9999,"[5971, 3548]","[6117, 5971, 3548, 9999]",3
2190,9597,"[394, 2203, 9832]","[2190, 394, 2203, 9832, 9597]",4
4113,1393,"[367, 8693, 10044, 3340, 7162]","[4113, 367, 8693, 10044, 3340, 7162, 1393]",6
4745,10103,"[7546, 3116, 4950, 5715]","[4745, 7546, 3116, 4950, 5715, 10103]",5
6482,9496,"[22, 3277, 8940, 4186, 3179]","[6482, 22, 3277, 8940, 4186, 3179, 9496]",6
1130,8933,"[4499, 8086, 8543, 7465, 356]","[1130, 4499, 8086, 8543, 7465, 356, 8933]",6
346,4476,"[833, 6457, 7941, 8211]","[346, 833, 6457, 7941, 8211, 4476]",5
7443,8220,"[8148, 392, 8296, 5201, 6402]","[7443, 8148, 392, 8296, 5201, 6402, 8220]",6
6991,3428,"[7502, 114]","[6991, 7502, 114, 3428]",3
4976,5982,"[9791, 6802]","[4976, 9791, 6802, 5982]",3
1723,6246,"[3030, 6056, 6782, 9383, 6786]","[1723, 3030, 6056, 6782, 9383, 6786, 6246]",6
179,3632,"[8263, 691, 1346, 1981, 3070]","[179, 8263, 691, 1346, 1981, 3070, 3632]",6
4569,7207,"[9785, 9377, 10032, 559]","[4569, 9785, 9377, 10032, 559, 7207]",5
5034,2307,"[1467, 7871, 120, 5332]","[5034, 1467, 7871, 120, 5332, 2307]",5
3770,3364,"[881, 862, 8653, 7182]","[3770, 881, 862, 8653, 7182, 3364]",5
6575,4395,"[6618, 7371, 1393, 1729, 2481]","[6575, 6618, 7371, 1393, 1729, 2481, 4395]",6
6590,643,"[5971, 6635, 8148, 9846]","[6590, 5971, 6635, 8148, 9846, 643]",5
4357,6945,"[7622, 77, 1562, 8296, 8931]","[4357, 7622, 77, 1562, 8296, 8931, 6945]",6
2417,392,"[4118, 3918]","[2417, 4118, 3918, 392]",3
4327,10033,"[6056, 4871]","[4327, 6056, 4871, 10033]",3
2028,8707,"[2821, 3105]","[2028, 2821, 3105, 8707]",3
3994,7769,"[4299, 5943, 7724]","[3994, 4299, 5943, 7724, 7769]",4
3184,9126,"[7323, 3632]","[3184, 7323, 3632, 9126]",3
7204,8660,"[8940, 3017, 6807]","[7204, 8940, 3017, 6807, 8660]",4
3078,7451,"[5924, 6771, 405, 9995, 311]","[3078, 5924, 6771, 405, 9995, 311, 7451]",6
6234,8810,"[3364, 8167, 1533]","[6234, 3364, 8167, 1533, 8810]",4
2031,7819,"[2015, 2108, 6686, 4494, 10147]","[2031, 2015, 2108, 6686, 4494, 10147, 7819]",6
2144,4335,"[4779, 9585, 3663, 593]","[2144, 4779, 9585, 3663, 593, 4335]",5
8790,4303,"[9922, 7143, 9774, 8660]","[8790, 9922, 7143, 9774, 8660, 4303]",5
9348,283,"[9591, 9871, 3049, 4478]","[9348, 9591, 9871, 3049, 4478, 283]",5
9726,762,"[3632, 8480]","[9726, 3632, 8480, 762]",3
7941,9639,"[3441, 311, 5099, 2446, 8250]","[7941, 3441, 311, 5099, 2446, 8250, 9639]",6
7768,9919,"[93, 2446, 47, 9460]","[7768, 93, 2446, 47, 9460, 9919]",5
25,8446,"[10075, 4842, 8876]","[25, 10075, 4842, 8876, 8446]",4
7170,6447,"[9506, 9955, 8139, 6729, 6686]","[7170, 9506, 9955, 8139, 6729, 6686, 6447]",6
4950,73,"[6433, 9961]","[4950, 6433, 9961, 73]",3
853,2806,"[9247, 4806, 5399, 8597, 9748]","[853, 9247, 4806, 5399, 8597, 9748, 2806]",6
10018,8250,"[3098, 5342, 7445, 1429, 8835]","[10018, 3098, 5342, 7445, 1429, 8835, 8250]",6
4709,2191,"[6155, 9300, 7587, 9940, 2812]","[4709, 6155, 9300, 7587, 9940, 2812, 2191]",6
7828,8841,"[4707, 7692, 8327, 8764]","[7828, 4707, 7692, 8327, 8764, 8841]",5
6776,9141,"[4507, 3962]","[6776, 4507, 3962, 9141]",3
4213,184,"[7436, 9910]","[4213, 7436, 9910, 184]",3
3366,7994,"[1280, 7441, 5033, 4965]","[3366, 1280, 7441, 5033, 4965, 7994]",5
3147,2737,"[6309, 7713]","[3147, 6309, 7713, 2737]",3
3540,5579,"[311, 8000, 2694, 4659]","[3540, 311, 8000, 2694, 4659, 5579]",5
1373,311,"[7241, 9599, 7118, 7476]","[1373, 7241, 9599, 7118, 7476, 311]",5
8006,4107,"[8292, 344, 5685, 1885]","[8006, 8292, 344, 5685, 1885, 4107]",5
9930,9129,"[1494, 84, 6715, 7784, 8375]","[9930, 1494, 84, 6715, 7784, 8375, 9129]",6
1830,9597,"[5576, 7653]","[1830, 5576, 7653, 9597]",3
9803,6407,"[5871, 4595, 5622, 5839, 6285]","[9803, 5871, 4595, 5622, 5839, 6285, 6407]",6
7669,2446,"[8077, 8964, 9096, 9150, 2326]","[7669, 8077, 8964, 9096, 9150, 2326, 2446]",6
1932,10133,"[7900, 876, 5777, 9624, 8657]","[1932, 7900, 876, 5777, 9624, 8657, 10133]",6
8054,2611,"[10192, 3186, 8846, 23]","[8054, 10192, 3186, 8846, 23, 2611]",5
9461,3260,"[8140, 9271, 10171, 4804, 2109]","[9461, 8140, 9271, 10171, 4804, 2109, 3260]",6
1163,9485,"[9668, 313]","[1163, 9668, 313, 9485]",3
6475,782,"[3113, 117, 1158]","[6475, 3113, 117, 1158, 782]",4
7665,2805,"[8313, 8714, 4113, 9448, 1682]","[7665, 8313, 8714, 4113, 9448, 1682, 2805]",6
5222,9613,"[5660, 5983, 8798]","[5222, 5660, 5983, 8798, 9613]",4
10186,3292,"[8084, 2162, 7700, 5417]","[10186, 8084, 2162, 7700, 5417, 3292]",5
942,4033,"[9010, 9377, 9748]","[942, 9010, 9377, 9748, 4033]",4
7553,3638,"[6178, 4076, 8085, 5150, 4026]","[7553, 6178, 4076, 8085, 5150, 4026, 3638]",6
1513,5288,"[5486, 6303, 1890]","[1513, 5486, 6303, 1890, 5288]",4
1451,8366,"[491, 9961, 9403]","[1451, 491, 9961, 9403, 8366]",4
7316,7102,"[7700, 9551, 3091]","[7316, 7700, 9551, 3091, 7102]",4
3208,9093,"[890, 8502]","[3208, 890, 8502, 9093]",3
4660,644,"[7979, 8704, 5875]","[4660, 7979, 8704, 5875, 644]",4
4605,9204,"[5731, 7979, 9571, 5763]","[4605, 5731, 7979, 9571, 5763, 9204]",5
7219,4475,"[7853, 3714]","[7219, 7853, 3714, 4475]",3
3031,10175,"[4781, 4979, 10045]","[3031, 4781, 4979, 10045, 10175]",4
5681,10196,"[8523, 9032, 9649, 10081]","[5681, 8523, 9032, 9649, 10081, 10196]",5
3795,242,"[2302, 4883, 7173, 9604]","[3795, 2302, 4883, 7173, 9604, 242]",5
5409,5505,"[6690, 8712, 10157, 2999]","[5409, 6690, 8712, 10157, 2999, 5505]",5
9923,7475,"[1599, 5093, 1721]","[9923, 1599, 5093, 1721, 7475]",4
832,5038,"[8973, 2741, 1787, 2221, 7143]","[832, 8973, 2741, 1787, 2221, 7143, 5038]",6
1492,7898,"[8038, 1685, 3268, 7499, 8675]","[1492, 8038, 1685, 3268, 7499, 8675, 7898]",6
6765,5080,"[4111, 4045, 5645, 7276, 10193]","[6765, 4111, 4045, 5645, 7276, 10193, 5080]",6
2945,8347,"[5375, 6559]","[2945, 5375, 6559, 8347]",3
1255,3116,"[4476, 7241, 4686, 6982, 7444]","[1255, 4476, 7241, 4686, 6982, 7444, 3116]",6
4764,5215,"[3601, 1167, 3736]","[4764, 3601, 1167, 3736, 5215]",4
7356,3249,"[9765, 602, 3514]","[7356, 9765, 602, 3514, 3249]",4
6269,9037,"[5277, 9472, 10099, 8282]","[6269, 5277, 9472, 10099, 8282, 9037]",5
6129,7082,"[3618, 4728, 3478, 2006, 5188]","[6129, 3618, 4728, 3478, 2006, 5188, 7082]",6
3890,10171,"[9750, 10128]","[3890, 9750, 10128, 10171]",3
4526,6432,"[5502, 7764, 8523, 8893, 458]","[4526, 5502, 7764, 8523, 8893, 458, 6432]",6
3781,5099,"[7568, 7808, 2512]","[3781, 7568, 7808, 2512, 5099]",4
8333,643,"[2701, 2162, 3082]","[8333, 2701, 2162, 3082, 643]",4
9241,7916,"[7857, 8078, 9667, 2614, 411]","[9241, 7857, 8078, 9667, 2614, 411, 7916]",6
485,4579,"[1854, 4615, 8196, 6191, 720]","[485, 1854, 4615, 8196, 6191, 720, 4579]",6
5468,9379,"[6604, 7619, 10061, 4339, 7640]","[5468, 6604, 7619, 10061, 4339, 7640, 9379]",6
9751,7424,"[3632, 8480, 9613]","[9751, 3632, 8480, 9613, 7424]",4
7898,8062,"[3873, 3268, 7035, 8818, 3598]","[7898, 3873, 3268, 7035, 8818, 3598, 8062]",6
6539,7700,"[8263, 10119]","[6539, 8263, 10119, 7700]",3
8009,9876,"[8777, 2332, 3961, 4993]","[8009, 8777, 2332, 3961, 4993, 9876]",5
501,6069,"[5568, 8531, 8582]","[501, 5568, 8531, 8582, 6069]",4
600,3653,"[7870, 4668, 898]","[600, 7870, 4668, 898, 3653]",4
2318,2267,"[6299, 2584, 7880, 6038]","[2318, 6299, 2584, 7880, 6038, 2267]",5
9174,8366,"[5238, 4928]","[9174, 5238, 4928, 8366]",3
3968,9884,"[8018, 3632, 9126, 9458]","[3968, 8018, 3632, 9126, 9458, 9884]",5
793,2180,"[2840, 940]","[793, 2840, 940, 2180]",3
9017,471,"[8660, 2040, 8444]","[9017, 8660, 2040, 8444, 471]",4
967,3434,"[7900, 5252, 7674, 8344, 731]","[967, 7900, 5252, 7674, 8344, 731, 3434]",6
2702,3852,"[9353, 7916, 8233, 8972, 1274]","[2702, 9353, 7916, 8233, 8972, 1274, 3852]",6
5533,8556,"[6769, 9126, 644]","[5533, 6769, 9126, 644, 8556]",4
6826,8548,"[2054, 2234, 5743, 1414, 1918]","[6826, 2054, 2234, 5743, 1414, 1918, 8548]",6
7663,5503,"[1374, 2933, 8824, 9631, 4666]","[7663, 1374, 2933, 8824, 9631, 4666, 5503]",6
2077,8330,"[7629, 6590, 6449, 2019, 7122]","[2077, 7629, 6590, 6449, 2019, 7122, 8330]",6
10126,7426,"[736, 370, 7399, 287]","[10126, 736, 370, 7399, 287, 7426]",5
9477,7980,"[5417, 7827, 5974, 311]","[9477, 5417, 7827, 5974, 311, 7980]",5
9518,1294,"[5189, 10001, 10103]","[9518, 5189, 10001, 10103, 1294]",4
2260,2027,"[311, 9454, 2332]","[2260, 311, 9454, 2332, 2027]",4
6566,9843,"[9503, 3030]","[6566, 9503, 3030, 9843]",3
8609,7418,"[7167, 3206, 3342, 3885, 4965]","[8609, 7167, 3206, 3342, 3885, 4965, 7418]",6
639,6561,"[10131, 9079, 626, 1914, 4826]","[639, 10131, 9079, 626, 1914, 4826, 6561]",6
4080,6017,"[9585, 994, 3983, 9267, 7129]","[4080, 9585, 994, 3983, 9267, 7129, 6017]",6
4435,10018,"[5505, 7897, 9291, 1984]","[4435, 5505, 7897, 9291, 1984, 10018]",5
3395,8650,"[4552, 7806, 8192]","[3395, 4552, 7806, 8192, 8650]",4
2246,10196,"[2383, 3608]","[2246, 2383, 3608, 10196]",3
6245,5439,"[8002, 9095, 9426, 9600, 580]","[6245, 8002, 9095, 9426, 9600, 580, 5439]",6
9075,5181,"[7242, 10014]","[9075, 7242, 10014, 5181]",3
6237,923,"[7770, 4585, 901, 3556, 8486]","[6237, 7770, 4585, 901, 3556, 8486, 923]",6
9399,102,"[5705, 4353, 3704, 9514]","[9399, 5705, 4353, 3704, 9514, 102]",5
8513,2893,"[8969, 4602, 6622, 8480, 3915]","[8513, 8969, 4602, 6622, 8480, 3915, 2893]",6
4206,9039,"[6458, 3532, 151, 5097, 7741]","[4206, 6458, 3532, 151, 5097, 7741, 9039]",6
5530,790,"[3136, 8148, 7644, 5973, 1830]","[5530, 3136, 8148, 7644, 5973, 1830, 790]",6
10023,9098,"[10171, 2762, 5960, 6448, 3441]","[10023, 10171, 2762, 5960, 6448, 3441, 9098]",6
8943,1053,"[240, 684, 5245, 8940]","[8943, 240, 684, 5245, 8940, 1053]",5
9697,8940,"[4570, 7709]","[9697, 4570, 7709, 8940]",3
4399,5955,"[1672, 9634, 2667, 2470]","[4399, 1672, 9634, 2667, 2470, 5955]",5
3002,6802,"[5856, 1539]","[3002, 5856, 1539, 6802]",3
4683,8466,"[8721, 5172, 3632, 5099]","[4683, 8721, 5172, 3632, 5099, 8466]",5
6441,841,"[9790, 10058, 3632, 9126, 1525]","[6441, 9790, 10058, 3632, 9126, 1525, 841]",6
9779,10103,"[8867, 4470, 2934, 8125]","[9779, 8867, 4470, 2934, 8125, 10103]",5
9807,7155,"[8395, 8473, 159, 775]","[9807, 8395, 8473, 159, 775, 7155]",5
886,5241,"[2586, 9079, 9957]","[886, 2586, 9079, 9957, 5241]",4
4730,4923,"[7006, 2907, 9572, 1650]","[4730, 7006, 2907, 9572, 1650, 4923]",5
5503,6078,"[3548, 3818, 633]","[5503, 3548, 3818, 633, 6078]",4
2101,10146,"[4890, 9544, 1270, 2054]","[2101, 4890, 9544, 1270, 2054, 10146]",5
7454,6993,"[7822, 3632, 643]","[7454, 7822, 3632, 643, 6993]",4
8454,675,"[9036, 9333, 9739, 2759]","[8454, 9036, 9333, 9739, 2759, 675]",5
5507,8186,"[5946, 3632, 8480]","[5507, 5946, 3632, 8480, 8186]",4
4426,9304,"[9997, 10167, 8217]","[4426, 9997, 10167, 8217, 9304]",4
8816,8501,"[9819, 7796]","[8816, 9819, 7796, 8501]",3
7802,4236,"[7974, 5492, 4637]","[7802, 7974, 5492, 4637, 4236]",4
3373,6089,"[5063, 6249, 6666, 10150, 2418]","[3373, 5063, 6249, 6666, 10150, 2418, 6089]",6
4176,9330,"[5139, 9325, 9674, 6069]","[4176, 5139, 9325, 9674, 6069, 9330]",5
9381,8217,"[9594, 9698, 9998, 8495, 5417]","[9381, 9594, 9698, 9998, 8495, 5417, 8217]",6
792,8154,"[9384, 4670, 6283]","[792, 9384, 4670, 6283, 8154]",4
1186,4195,"[8838, 8925, 497, 5546, 3873]","[1186, 8838, 8925, 497, 5546, 3873, 4195]",6
10019,1915,"[6266, 3582, 8150]","[10019, 6266, 3582, 8150, 1915]",4
7490,2031,"[9129, 9657, 9847, 8663]","[7490, 9129, 9657, 9847, 8663, 2031]",5
3647,2386,"[6754, 9227, 4419, 258, 152]","[3647, 6754, 9227, 4419, 258, 152, 2386]",6
5911,1517,"[3632, 5099, 10193, 2878, 9339]","[5911, 3632, 5099, 10193, 2878, 9339, 1517]",6
3152,4977,"[8018, 9912, 2332]","[3152, 8018, 9912, 2332, 4977]",4
8141,7154,"[6204, 10032, 1494, 4472]","[8141, 6204, 10032, 1494, 4472, 7154]",5
2105,8284,"[5081, 6315, 8586]","[2105, 5081, 6315, 8586, 8284]",4
2662,328,"[3788, 6046, 8475, 9640]","[2662, 3788, 6046, 8475, 9640, 328]",5
8153,7841,"[5417, 7671]","[8153, 5417, 7671, 7841]",3
1574,5584,"[5564, 3741, 8818]","[1574, 5564, 3741, 8818, 5584]",4
3199,9322,"[6860, 7441, 5696]","[3199, 6860, 7441, 5696, 9322]",4
2452,8326,"[3355, 5241]","[2452, 3355, 5241, 8326]",3
2007,7087,"[4864, 10032, 7242, 242, 9785]","[2007, 4864, 10032, 7242, 242, 9785, 7087]",6
2541,5352,"[7135, 8682, 9092, 10143, 1741]","[2541, 7135, 8682, 9092, 10143, 1741, 5352]",6
6415,7114,"[3055, 1265, 4798, 1757]","[6415, 3055, 1265, 4798, 1757, 7114]",5
3130,8084,"[9120, 9734]","[3130, 9120, 9734, 8084]",3
8171,8366,"[9655, 7994, 6460, 3049]","[8171, 9655, 7994, 6460, 3049, 8366]",5
5021,6519,"[8596, 9018]","[5021, 8596, 9018, 6519]",3
5294,4685,"[5721, 9603]","[5294, 5721, 9603, 4685]",3
1506,1541,"[5434, 8631, 9313, 7685]","[1506, 5434, 8631, 9313, 7685, 1541]",5
159,4516,"[7913, 9912, 3049, 5795]","[159, 7913, 9912, 3049, 5795, 4516]",5
1097,4638,"[4629, 9977, 2292]","[1097, 4629, 9977, 2292, 4638]",4
919,3448,"[10134, 1323, 3781, 8466]","[919, 10134, 1323, 3781, 8466, 3448]",5
8536,4737,"[8824, 1811]","[8536, 8824, 1811, 4737]",3
2796,8922,"[2738, 9047, 1487, 5310, 7631]","[2796, 2738, 9047, 1487, 5310, 7631, 8922]",6
9948,2822,"[3095, 6263, 3260]","[9948, 3095, 6263, 3260, 2822]",4
2459,6901,"[6132, 6680]","[2459, 6132, 6680, 6901]",3
1352,7308,"[10097, 994, 5450, 7853, 913]","[1352, 10097, 994, 5450, 7853, 913, 7308]",6
7737,644,"[8892, 3632]","[7737, 8892, 3632, 644]",3
6319,10081,"[8395, 1076, 2681, 3822, 7741]","[6319, 8395, 1076, 2681, 3822, 7741, 10081]",6
9504,8789,"[4921, 7428, 2098]","[9504, 4921, 7428, 2098, 8789]",4
3621,7046,"[7724, 9725, 5859]","[3621, 7724, 9725, 5859, 7046]",4
71,2907,"[8674, 9383, 5871, 3814]","[71, 8674, 9383, 5871, 3814, 2907]",5
5176,8296,"[9946, 1716, 3639, 6798, 5944]","[5176, 9946, 1716, 3639, 6798, 5944, 8296]",6
1534,2416,"[8717, 10169, 3632, 8480]","[1534, 8717, 10169, 3632, 8480, 2416]",5
1260,6263,"[10099, 10044, 3340]","[1260, 10099, 10044, 3340, 6263]",4
6489,4476,"[6523, 7918, 10110, 7692, 9997]","[6489, 6523, 7918, 10110, 7692, 9997, 4476]",6
4123,2945,"[8935, 8296, 283]","[4123, 8935, 8296, 283, 2945]",4
6087,6576,"[7018, 8585, 9079, 7833]","[6087, 7018, 8585, 9079, 7833, 6576]",5
9084,9520,"[8585, 8321, 3736, 9779]","[9084, 8585, 8321, 3736, 9779, 9520]",5
6908,8003,"[4830, 1914, 7458, 5027]","[6908, 4830, 1914, 7458, 5027, 8003]",5
4979,4387,"[3153, 7026, 4985]","[4979, 3153, 7026, 4985, 4387]",4
9046,9995,"[2239, 3704, 392, 3157]","[9046, 2239, 3704, 392, 3157, 9995]",5
9847,8468,"[3632, 643]","[9847, 3632, 643, 8468]",3
207,5645,"[4023, 4274, 3632, 644]","[207, 4023, 4274, 3632, 644, 5645]",5
1727,6233,"[5176, 9469, 6666, 9520, 2379]","[1727, 5176, 9469, 6666, 9520, 2379, 6233]",6
685,6244,"[4867, 3760]","[685, 4867, 3760, 6244]",3
8584,9505,"[3632, 8480, 1591, 5099, 9171]","[8584, 3632, 8480, 1591, 5099, 9171, 9505]",6
2513,4957,"[8906, 2664, 9869]","[2513, 8906, 2664, 9869, 4957]",4
9709,644,"[8657, 5099, 7723, 3632]","[9709, 8657, 5099, 7723, 3632, 644]",5
693,2418,"[9342, 3635, 8120, 6246, 448]","[693, 9342, 3635, 8120, 6246, 448, 2418]",6
7069,6276,"[9251, 8148, 8403, 5238, 8378]","[7069, 9251, 8148, 8403, 5238, 8378, 6276]",6
6905,356,"[608, 7319, 2214]","[6905, 608, 7319, 2214, 356]",4
7226,6217,"[9373, 764, 5259]","[7226, 9373, 764, 5259, 6217]",4
7424,736,"[7471, 3290]","[7424, 7471, 3290, 736]",3
8215,643,"[9633, 9654, 10175, 3632]","[8215, 9633, 9654, 10175, 3632, 643]",5
4999,10017,"[7052, 8471]","[4999, 7052, 8471, 10017]",3
9496,3411,"[10072, 4806, 311, 4435, 8433]","[9496, 10072, 4806, 311, 4435, 8433, 3411]",6
1368,8845,"[2168, 6131]","[1368, 2168, 6131, 8845]",3
4872,8480,"[6304, 7145, 9892, 7723]","[4872, 6304, 7145, 9892, 7723, 8480]",5
9544,6047,"[753, 806, 3139, 6006]","[9544, 753, 806, 3139, 6006, 6047]",5
695,3632,"[7166, 8500, 10160, 10165]","[695, 7166, 8500, 10160, 10165, 3632]",5
5011,7994,"[6761, 8222, 1984, 8719, 1682]","[5011, 6761, 8222, 1984, 8719, 1682, 7994]",6
285,9790,"[5417, 8610, 4389, 8187]","[285, 5417, 8610, 4389, 8187, 9790]",5
4687,8193,"[7550, 7647, 10029, 7198]","[4687, 7550, 7647, 10029, 7198, 8193]",5
4550,825,"[6618, 9705, 5099, 283]","[4550, 6618, 9705, 5099, 283, 825]",5
8603,7700,"[9339, 7476]","[8603, 9339, 7476, 7700]",3
9074,3024,"[7770, 8142]","[9074, 7770, 8142, 3024]",3
9944,2180,"[9966, 10081, 10140]","[9944, 9966, 10081, 10140, 2180]",4
7078,2587,"[10009, 9423, 3270, 5645]","[7078, 10009, 9423, 3270, 5645, 2587]",5
8025,9600,"[9358, 9396, 9430, 2180, 2569]","[8025, 9358, 9396, 9430, 2180, 2569, 9600]",6
8443,9850,"[3663, 8142, 1500, 3977, 5604]","[8443, 3663, 8142, 1500, 3977, 5604, 9850]",6
561,8781,"[7111, 7087, 8663]","[561, 7111, 7087, 8663, 8781]",4
9339,1931,"[2484, 1398, 4374]","[9339, 2484, 1398, 4374, 1931]",4
5690,3852,"[4335, 996, 1372, 765, 3649]","[5690, 4335, 996, 1372, 765, 3649, 3852]",6
6157,660,"[8110, 9143, 7700, 9454, 7766]","[6157, 8110, 9143, 7700, 9454, 7766, 660]",6
10015,9171,"[10097, 3487, 6455, 45, 6146]","[10015, 10097, 3487, 6455, 45, 6146, 9171]",6
2024,2047,"[7304, 8099, 7684, 8446]","[2024, 7304, 8099, 7684, 8446, 2047]",5
3553,3470,"[2934, 442]","[3553, 2934, 442, 3470]",3
8754,3760,"[9667, 846, 5152]","[8754, 9667, 846, 5152, 3760]",4
7827,6246,"[9758, 4579, 8225]","[7827, 9758, 4579, 8225, 6246]",4
3508,9179,"[9770, 9530, 9844, 684, 6158]","[3508, 9770, 9530, 9844, 684, 6158, 9179]",6
7404,6859,"[7807, 4879]","[7404, 7807, 4879, 6859]",3
7430,6711,"[3669, 5241, 1356, 2836]","[7430, 3669, 5241, 1356, 2836, 6711]",5
2294,9601,"[5534, 9957]","[2294, 5534, 9957, 9601]",3
6165,5052,"[9568, 6249, 3113]","[6165, 9568, 6249, 3113, 5052]",4
6417,6574,"[9409, 9875, 2489, 3769, 4508]","[6417, 9409, 9875, 2489, 3769, 4508, 6574]",6
3923,9020,"[1815, 6902, 8296, 8420, 4728]","[3923, 1815, 6902, 8296, 8420, 4728, 9020]",6
9529,2833,"[5877, 7178, 1811]","[9529, 5877, 7178, 1811, 2833]",4
2244,7129,"[3060, 7576, 1177, 6976, 448]","[2244, 3060, 7576, 1177, 6976, 448, 7129]",6
3225,4638,"[7640, 9297, 9992, 10081, 10176]","[3225, 7640, 9297, 9992, 10081, 10176, 4638]",6
5944,7700,"[644, 9678, 9904, 2545]","[5944, 644, 9678, 9904, 2545, 7700]",5
7109,788,"[4341, 5433, 7593, 8660]","[7109, 4341, 5433, 7593, 8660, 788]",5
5728,5201,"[9765, 8296]","[5728, 9765, 8296, 5201]",3
7247,6419,"[4921, 7712, 7779, 7308]","[7247, 4921, 7712, 7779, 7308, 6419]",5
649,8836,"[6856, 4476, 5330]","[649, 6856, 4476, 5330, 8836]",4
2157,8470,"[4743, 6009, 9681]","[2157, 4743, 6009, 9681, 8470]",4
6883,9583,"[7048, 7790, 3049, 3774]","[6883, 7048, 7790, 3049, 3774, 9583]",5
995,3900,"[2335, 9260, 8449, 6243]","[995, 2335, 9260, 8449, 6243, 3900]",5
3335,10174,"[3783, 6188]","[3335, 3783, 6188, 10174]",3
6068,6076,"[8387, 10110, 6780, 7644, 2183]","[6068, 8387, 10110, 6780, 7644, 2183, 6076]",6
9122,10110,"[9615, 9621]","[9122, 9615, 9621, 10110]",3
2543,5728,"[2234, 5576, 9443, 3240]","[2543, 2234, 5576, 9443, 3240, 5728]",5
8690,3194,"[3454, 5924, 6035, 7702, 8225]","[8690, 3454, 5924, 6035, 7702, 8225, 3194]",6
2565,960,"[9944, 3892, 4586, 9120]","[2565, 9944, 3892, 4586, 9120, 960]",5
634,9452,"[3349, 3741, 7424, 7015, 3527]","[634, 3349, 3741, 7424, 7015, 3527, 9452]",6
1840,4406,"[6780, 2422, 7161, 1914]","[1840, 6780, 2422, 7161, 1914, 4406]",5
9079,6902,"[9204, 6924, 1570, 2967, 7700]","[9079, 9204, 6924, 1570, 2967, 7700, 6902]",6
5033,1741,"[8464, 9918]","[5033, 8464, 9918, 1741]",3
3913,652,"[4948, 8308, 1591, 832, 5519]","[3913, 4948, 8308, 1591, 832, 5519, 652]",6
8119,423,"[1893, 8235, 805, 4668, 8388]","[8119, 1893, 8235, 805, 4668, 8388, 423]",6
4198,9795,"[7569, 9095, 7758, 1767, 8832]","[4198, 7569, 9095, 7758, 1767, 8832, 9795]",6
1056,862,"[7496, 340, 140]","[1056, 7496, 340, 140, 862]",4
9741,4968,"[7334, 1494, 5124, 2639]","[9741, 7334, 1494, 5124, 2639, 4968]",5
4828,4699,"[8119, 7423]","[4828, 8119, 7423, 4699]",3
1154,9935,"[8296, 9612]","[1154, 8296, 9612, 9935]",3
9520,9377,"[5645, 7006, 4335, 8266]","[9520, 5645, 7006, 4335, 8266, 9377]",5
5890,7673,"[6597, 7700, 22]","[5890, 6597, 7700, 22, 7673]",4
5188,7644,"[7143, 2700]","[5188, 7143, 2700, 7644]",3
9668,7966,"[9929, 9941, 3545, 3206, 7202]","[9668, 9929, 9941, 3545, 3206, 7202, 7966]",6
9998,8009,"[3632, 8480, 960, 7424]","[9998, 3632, 8480, 960, 7424, 8009]",5
7915,6686,"[8197, 9066]","[7915, 8197, 9066, 6686]",3
5799,242,"[9450, 643, 3316]","[5799, 9450, 643, 3316, 242]",4
8974,7563,"[2354, 7443, 8134]","[8974, 2354, 7443, 8134, 7563]",4
4208,291,"[6589, 4230, 272, 802]","[4208, 6589, 4230, 272, 802, 291]",5
659,1533,"[5002, 1679]","[659, 5002, 1679, 1533]",3
5197,7895,"[7770, 4694]","[5197, 7770, 4694, 7895]",3
8248,44,"[123, 5019]","[8248, 123, 5019, 44]",3
7344,7177,"[7804, 8624, 9736, 3663]","[7344, 7804, 8624, 9736, 3663, 7177]",5
4559,10186,"[6048, 8644, 8798]","[4559, 6048, 8644, 8798, 10186]",4
4669,4208,"[7700, 1729, 8678, 2907, 1317]","[4669, 7700, 1729, 8678, 2907, 1317, 4208]",6
1781,3632,"[8768, 3548, 639, 2953]","[1781, 8768, 3548, 639, 2953, 3632]",5
1693,8531,"[9339, 4698, 7827]","[1693, 9339, 4698, 7827, 8531]",4
7699,7443,"[9910, 9929, 10144, 3548]","[7699, 9910, 9929, 10144, 3548, 7443]",5
3665,4968,"[283, 9819]","[3665, 283, 9819, 4968]",3
1251,10146,"[5750, 8085, 7526, 5873, 9912]","[1251, 5750, 8085, 7526, 5873, 9912, 10146]",6
2664,1729,"[5993, 6296, 9460, 9919]","[2664, 5993, 6296, 9460, 9919, 1729]",5
3949,1441,"[21, 5449, 7336, 10109]","[3949, 21, 5449, 7336, 10109, 1441]",5
1569,9902,"[8918, 10030, 9519]","[1569, 8918, 10030, 9519, 9902]",4
7934,4318,"[5241, 8711, 3529]","[7934, 5241, 8711, 3529, 4318]",4
4282,159,"[8311, 5944, 1393, 22]","[4282, 8311, 5944, 1393, 22, 159]",5
5704,4342,"[7334, 7654, 399]","[5704, 7334, 7654, 399, 4342]",4
7482,6398,"[9773, 680]","[7482, 9773, 680, 6398]",3
1462,10105,"[7955, 9765, 7177, 3557]","[1462, 7955, 9765, 7177, 3557, 10105]",5
1378,5224,"[2586, 7424, 4287]","[1378, 2586, 7424, 4287, 5224]",4
3474,1824,"[5953, 10189, 4463, 4236, 7685]","[3474, 5953, 10189, 4463, 4236, 7685, 1824]",6
7679,572,"[8738, 8159, 4537, 2311]","[7679, 8738, 8159, 4537, 2311, 572]",5
7506,9079,"[3632, 643, 652, 4195]","[7506, 3632, 643, 652, 4195, 9079]",5
4093,3873,"[7979, 9511, 5200]","[4093, 7979, 9511, 5200, 3873]",4
10092,9576,"[8296, 9249]","[10092, 8296, 9249, 9576]",3
8908,7765,"[8296, 10092, 5534, 6249, 3736]","[8908, 8296, 10092, 5534, 6249, 3736, 7765]",6
9552,6124,"[2840, 9583, 5594, 2752]","[9552, 2840, 9583, 5594, 2752, 6124]",5
2873,5339,"[8454, 9929, 368]","[2873, 8454, 9929, 368, 5339]",4
