source_id,target_id,src_profile,tgt_profile,relationship_level,tweet_id
5871,3082,"Feature_Vector: [1.0, 1.0, 0.0, 0.486001580953598, 0.0]","Feature_Vector: [1.0, 0.0, 1.0, 0.5919924974441528, 0.0]",1,tweet_3082_1017449
2588,6779,"Feature_Vector: [1.0, 0.0, 0.0, 0.36769765615463257, 0.0]","Feature_Vector: [1.0, 1.0, 0.0, 0.3820420801639557, 0.0]",2,tweet_6779_1292640
3136,6117,"Feature_Vector: [1.0, 1.0, 0.0, 0.3600333034992218, 0.0]","Feature_Vector: [1.0, 1.0, 0.0, 0.3767619729042053, 0.0]",1,tweet_6117_402858
9526,3055,"Feature_Vector: [0.0, 0.0, 0.0, 0.4491249620914459, 0.0]","Feature_Vector: [0.0, 0.0, 0.0, 0.4273224472999573, 0.0]",1,tweet_3055_630138
4469,5172,"Feature_Vector: [0.0, 0.0, 0.0, 0.30728039145469666, 0.0]","Feature_Vector: [1.0, 1.0, 0.0, 0.4614177644252777, 0.0]",1,tweet_5172_449048
882,9738,"Feature_Vector: [1.0, 1.0, 0.0, 0.395845502614975, 0.0]","Feature_Vector: [1.0, 1.0, 0.0, 0.45278191566467285, 0.0]",1,tweet_9738_317583
8466,1973,"Feature_Vector: [1.0, 1.0, 0.0, 0.4662090837955475, 0.0]","Feature_Vector: [1.0, 1.0, 0.0, 0.24357321858406067, 0.0]",1,tweet_1973_234166
441,7207,"Feature_Vector: [1.0, 1.0, 0.0, 0.3355613350868225, 0.0]","Feature_Vector: [0.0, 0.0, 0.0, 0.508985161781311, 0.0]",1,tweet_7207_302844
4492,3292,"Feature_Vector: [1.0, 1.0, 0.0, 0.48578622937202454, 0.0]","Feature_Vector: [0.0, 0.0, 0.0, 0.5857887268066406, 0.0]",1,tweet_3292_450025
7654,8846,"Feature_Vector: [1.0, 1.0, 0.0, 0.1838071197271347, 0.0]","Feature_Vector: [1.0, 1.0, 0.0, 0.3003002405166626, 1.0]",1,tweet_8846_214362
1260,10099,"Feature_Vector: [1.0, 0.0, 0.0, 0.23191697895526886, 0.0]","Feature_Vector: [1.0, 1.0, 0.0, 0.13527844846248627, 0.0]",2,tweet_10099_1258809
3206,9884,"Feature_Vector: [1.0, 1.0, 0.0, 0.33857277035713196, 0.0]","Feature_Vector: [1.0, 1.0, 0.0, 0.36487841606140137, 0.0]",1,tweet_9884_88610
2692,4921,"Feature_Vector: [1.0, 1.0, 0.0, 0.4325993061065674, 0.0]","Feature_Vector: [1.0, 1.0, 0.0, 0.6478599309921265, 0.0]",1,tweet_4921_681300
999,6233,"Feature_Vector: [1.0, 1.0, 0.0, 0.40705132484436035, 0.0]","Feature_Vector: [1.0, 1.0, 0.0, 0.3770450949668884, 0.0]",3,tweet_6233_1076903
9805,6600,"Feature_Vector: [1.0, 1.0, 0.0, 0.39644941687583923, 0.0]","Feature_Vector: [1.0, 1.0, 0.0, 0.24127022922039032, 0.0]",1,tweet_6600_274098
834,3354,"Feature_Vector: [1.0, 1.0, 0.0, 0.4117835462093353, 0.0]","Feature_Vector: [1.0, 1.0, 0.0, 0.39059993624687195, 0.0]",1,tweet_3354_315742
1372,2466,"Feature_Vector: [1.0, 1.0, 0.0, 0.37939608097076416, 0.0]","Feature_Vector: [1.0, 1.0, 0.0, 0.38740143179893494, 0.0]",3,tweet_2466_1087657
4631,10061,"Feature_Vector: [0.0, 0.0, 0.0, 0.410549521446228, 0.0]","Feature_Vector: [0.0, 0.0, 0.0, 0.44282346963882446, 0.0]",2,tweet_10061_1333145
989,7496,"Feature_Vector: [1.0, 1.0, 0.0, 0.29233288764953613, 0.0]","Feature_Vector: [1.0, 1.0, 0.0, 0.36069756746292114, 0.0]",1,tweet_7496_321215
1288,898,"Feature_Vector: [1.0, 1.0, 0.0, 0.171758234500885, 1.0]","Feature_Vector: [1.0, 0.0, 1.0, 0.5635563731193542, 0.0]",1,tweet_898_331756
2104,8758,"Feature_Vector: [1.0, 0.0, 0.0, 0.33981576561927795, 0.0]","Feature_Vector: [1.0, 1.0, 0.0, 0.4210493266582489, 0.0]",3,tweet_8758_1281940
6653,4665,"Feature_Vector: [1.0, 1.0, 0.0, 0.3710933029651642, 0.0]","Feature_Vector: [1.0, 1.0, 0.0, 0.37225815653800964, 0.0]",1,tweet_4665_531986
9126,179,"Feature_Vector: [0.0, 0.0, 1.0, 0.6790704727172852, 0.0]","Feature_Vector: [1.0, 0.0, 0.0, 0.36479073762893677, 0.0]",1,tweet_179_252500
4949,3879,"Feature_Vector: [1.0, 1.0, 0.0, 0.3507128953933716, 0.0]","Feature_Vector: [1.0, 1.0, 0.0, 0.25509893894195557, 0.0]",1,tweet_3879_139375
1467,3277,"Feature_Vector: [1.0, 1.0, 0.0, 0.3168729245662689, 0.0]","Feature_Vector: [1.0, 1.0, 0.0, 0.3410319685935974, 0.0]",1,tweet_3277_38807
5733,10184,"Feature_Vector: [1.0, 1.0, 0.0, 0.25259116291999817, 0.0]","Feature_Vector: [1.0, 1.0, 0.0, 0.28416216373443604, 0.0]",2,tweet_10184_1183866
5499,5851,"Feature_Vector: [1.0, 0.0, 0.0, 0.44557181000709534, 0.0]","Feature_Vector: [0.0, 0.0, 1.0, 0.49843454360961914, 0.0]",1,tweet_5851_489440
2065,4465,"Feature_Vector: [0.0, 0.0, 0.0, 0.42540788650512695, 0.0]","Feature_Vector: [1.0, 1.0, 0.0, 0.507815420627594, 0.0]",1,tweet_4465_362336
1167,311,"Feature_Vector: [1.0, 1.0, 0.0, 0.3130538761615753, 0.0]","Feature_Vector: [1.0, 1.0, 1.0, 0.742438018321991, 0.0]",1,tweet_311_666324
2185,1403,"Feature_Vector: [1.0, 1.0, 0.0, 0.36677345633506775, 0.0]","Feature_Vector: [1.0, 1.0, 0.0, 0.3217816948890686, 0.0]",1,tweet_1403_367156
4447,7559,"Feature_Vector: [1.0, 1.0, 0.0, 0.1097794845700264, 0.0]","Feature_Vector: [1.0, 0.0, 1.0, 0.46280887722969055, 0.0]",2,tweet_7559_1329246
960,7006,"Feature_Vector: [1.0, 1.0, 1.0, 0.5941839218139648, 0.0]","Feature_Vector: [1.0, 0.0, 1.0, 0.5962151288986206, 0.0]",1,tweet_7006_977712
3487,3487,"Feature_Vector: [1.0, 1.0, 1.0, 0.6530749797821045, 0.0]","Feature_Vector: [1.0, 1.0, 1.0, 0.6530749797821045, 0.0]",1,tweet_3487_822838
7787,8781,"Feature_Vector: [1.0, 1.0, 0.0, 0.45477497577667236, 0.0]","Feature_Vector: [1.0, 1.0, 0.0, 0.37187254428863525, 0.0]",3,tweet_8781_1206868
3155,9092,"Feature_Vector: [0.0, 0.0, 0.0, 0.25448235869407654, 0.0]","Feature_Vector: [1.0, 0.0, 0.0, 0.4252278506755829, 0.0]",3,tweet_9092_1304571
443,3941,"Feature_Vector: [1.0, 0.0, 0.0, 0.44474852085113525, 0.0]","Feature_Vector: [1.0, 1.0, 0.0, 0.1299014687538147, 0.0]",2,tweet_3941_1231782
1006,8238,"Feature_Vector: [1.0, 0.0, 0.0, 0.2945089638233185, 0.0]","Feature_Vector: [0.0, 0.0, 0.0, 0.40008413791656494, 0.0]",2,tweet_8238_1250623
5184,5184,"Feature_Vector: [1.0, 0.0, 0.0, 0.48144155740737915, 0.0]","Feature_Vector: [1.0, 0.0, 0.0, 0.48144155740737915, 0.0]",1,tweet_5184_861820
7682,3386,"Feature_Vector: [0.0, 0.0, 0.0, 0.49284616112709045, 0.0]","Feature_Vector: [0.0, 0.0, 0.0, 0.3910974860191345, 0.0]",1,tweet_3386_214547
4029,6639,"Feature_Vector: [1.0, 1.0, 0.0, 0.36617738008499146, 0.0]","Feature_Vector: [1.0, 1.0, 0.0, 0.2945089638233185, 0.0]",2,tweet_6639_1152496
3507,3507,"Feature_Vector: [1.0, 0.0, 0.0, 0.5261502861976624, 0.0]","Feature_Vector: [1.0, 0.0, 0.0, 0.5261502861976624, 0.0]",1,tweet_3507_824328
1681,7914,"Feature_Vector: [1.0, 1.0, 0.0, 0.4343392848968506, 0.0]","Feature_Vector: [1.0, 1.0, 0.0, 0.3304781913757324, 0.0]",1,tweet_7914_45443
2031,2031,"Feature_Vector: [1.0, 0.0, 0.0, 0.4753172993659973, 0.0]","Feature_Vector: [1.0, 0.0, 0.0, 0.4753172993659973, 0.0]",1,tweet_2031_791819
6017,5767,"Feature_Vector: [0.0, 0.0, 0.0, 0.4538053572177887, 0.0]","Feature_Vector: [1.0, 1.0, 0.0, 0.3886796832084656, 0.0]",1,tweet_5767_507739
5792,6547,"Feature_Vector: [1.0, 1.0, 0.0, 0.2890709638595581, 0.0]","Feature_Vector: [1.0, 1.0, 0.0, 0.426769495010376, 0.0]",1,tweet_6547_1353000
3290,8711,"Feature_Vector: [1.0, 0.0, 0.0, 0.4445568025112152, 0.0]","Feature_Vector: [1.0, 1.0, 0.0, 0.3802030086517334, 0.0]",1,tweet_8711_818561
3602,3602,"Feature_Vector: [1.0, 1.0, 0.0, 0.3744441866874695, 0.0]","Feature_Vector: [1.0, 1.0, 0.0, 0.3744441866874695, 0.0]",1,tweet_3602_828421
2669,5115,"Feature_Vector: [1.0, 1.0, 0.0, 0.4126541018486023, 0.0]","Feature_Vector: [0.0, 0.0, 0.0, 0.37539729475975037, 0.0]",3,tweet_5115_1294370
5241,5241,"Feature_Vector: [0.0, 0.0, 0.0, 0.5940559506416321, 0.0]","Feature_Vector: [0.0, 0.0, 0.0, 0.5940559506416321, 0.0]",1,tweet_5241_863367
5913,1332,"Feature_Vector: [1.0, 1.0, 0.0, 0.39734333753585815, 0.0]","Feature_Vector: [1.0, 1.0, 0.0, 0.33206745982170105, 0.0]",1,tweet_1332_166105
12,6903,"Feature_Vector: [1.0, 1.0, 0.0, 0.47015267610549927, 0.0]","Feature_Vector: [1.0, 1.0, 0.0, 0.5009790658950806, 0.0]",1,tweet_6903_287537
7568,7914,"Feature_Vector: [1.0, 1.0, 0.0, 0.38942164182662964, 0.0]","Feature_Vector: [1.0, 1.0, 0.0, 0.3304781913757324, 0.0]",3,tweet_7914_1204969
6089,8366,"Feature_Vector: [1.0, 1.0, 0.0, 0.424471378326416, 0.0]","Feature_Vector: [0.0, 0.0, 1.0, 0.6133937239646912, 0.0]",1,tweet_8366_884981
4858,4488,"Feature_Vector: [1.0, 1.0, 0.0, 0.43587809801101685, 0.0]","Feature_Vector: [1.0, 1.0, 0.0, 0.41960689425468445, 0.0]",1,tweet_4488_464568
8466,8812,"Feature_Vector: [1.0, 1.0, 0.0, 0.4662090837955475, 0.0]","Feature_Vector: [1.0, 1.0, 0.0, 0.21475474536418915, 0.0]",1,tweet_8812_234197
158,5035,"Feature_Vector: [1.0, 1.0, 0.0, 0.20216599106788635, 0.0]","Feature_Vector: [1.0, 1.0, 0.0, 0.2977674603462219, 0.0]",3,tweet_5035_1052628
8186,8186,"Feature_Vector: [1.0, 0.0, 1.0, 0.5432462096214294, 0.0]","Feature_Vector: [1.0, 0.0, 1.0, 0.5432462096214294, 0.0]",1,tweet_8186_925687
1442,6511,"Feature_Vector: [0.0, 0.0, 0.0, 0.46704593300819397, 0.0]","Feature_Vector: [1.0, 1.0, 0.0, 0.466063529253006, 0.0]",1,tweet_6511_37450
6903,1914,"Feature_Vector: [1.0, 1.0, 0.0, 0.5009790658950806, 0.0]","Feature_Vector: [0.0, 0.0, 1.0, 0.7615982294082642, 0.0]",1,tweet_1914_723078
9803,4976,"Feature_Vector: [1.0, 1.0, 0.0, 0.3866918087005615, 0.0]","Feature_Vector: [1.0, 0.0, 1.0, 0.6902287602424622, 0.0]",1,tweet_4976_642590
2218,8833,"Feature_Vector: [1.0, 1.0, 0.0, 0.3280070424079895, 0.0]","Feature_Vector: [1.0, 1.0, 0.0, 0.28973859548568726, 0.0]",1,tweet_8833_368393
1209,8286,"Feature_Vector: [0.0, 0.0, 0.0, 0.4164310693740845, 0.0]","Feature_Vector: [1.0, 0.0, 0.0, 0.29137393832206726, 0.0]",2,tweet_8286_1257208
1803,1806,"Feature_Vector: [1.0, 1.0, 0.0, 0.3454034626483917, 0.0]","Feature_Vector: [1.0, 1.0, 0.0, 0.28230011463165283, 0.0]",3,tweet_1806_1100719
7831,976,"Feature_Vector: [1.0, 1.0, 0.0, 0.43074944615364075, 0.0]","Feature_Vector: [1.0, 1.0, 0.0, 0.3838856816291809, 0.0]",1,tweet_976_917443
9063,4419,"Feature_Vector: [1.0, 1.0, 0.0, 0.42835551500320435, 0.0]","Feature_Vector: [1.0, 0.0, 1.0, 0.6949173808097839, 0.0]",1,tweet_4419_613013
6947,3478,"Feature_Vector: [1.0, 0.0, 0.0, 0.5749638676643372, 0.0]","Feature_Vector: [1.0, 1.0, 0.0, 0.28736642003059387, 0.0]",1,tweet_3478_194627
4289,9280,"Feature_Vector: [1.0, 1.0, 0.0, 0.19373008608818054, 0.0]","Feature_Vector: [1.0, 0.0, 0.0, 0.32612350583076477, 0.0]",2,tweet_9280_1326420
558,8326,"Feature_Vector: [1.0, 1.0, 0.0, 0.473571240901947, 0.0]","Feature_Vector: [1.0, 1.0, 0.0, 0.4364475905895233, 0.0]",4,tweet_8326_1064847
4368,4368,"Feature_Vector: [1.0, 0.0, 0.0, 0.424835741519928, 0.0]","Feature_Vector: [1.0, 0.0, 0.0, 0.424835741519928, 0.0]",1,tweet_4368_845284
8954,5972,"Feature_Vector: [1.0, 1.0, 0.0, 0.30679193139076233, 0.0]","Feature_Vector: [0.0, 0.0, 1.0, 0.7603167295455933, 0.0]",1,tweet_5972_609665
6089,8314,"Feature_Vector: [1.0, 1.0, 0.0, 0.424471378326416, 0.0]","Feature_Vector: [1.0, 1.0, 0.0, 0.39234939217567444, 0.0]",1,tweet_8314_511579
4386,8781,"Feature_Vector: [1.0, 1.0, 0.0, 0.3761196732521057, 0.0]","Feature_Vector: [1.0, 1.0, 0.0, 0.37187254428863525, 0.0]",3,tweet_8781_1159095
3418,9798,"Feature_Vector: [1.0, 1.0, 0.0, 0.25808456540107727, 0.0]","Feature_Vector: [1.0, 1.0, 0.0, 0.2957157492637634, 0.0]",2,tweet_9798_1310137
1135,9373,"Feature_Vector: [1.0, 1.0, 0.0, 0.3946179151535034, 0.0]","Feature_Vector: [1.0, 1.0, 1.0, 0.5133413672447205, 0.0]",1,tweet_9373_28941
9416,9739,"Feature_Vector: [1.0, 1.0, 0.0, 0.21720798313617706, 0.0]","Feature_Vector: [1.0, 1.0, 0.0, 0.5267648696899414, 0.0]",1,tweet_9739_625021
3851,7994,"Feature_Vector: [1.0, 1.0, 0.0, 0.29974713921546936, 0.0]","Feature_Vector: [0.0, 0.0, 0.0, 0.447020024061203, 0.0]",1,tweet_7994_836129
8647,421,"Feature_Vector: [1.0, 1.0, 0.0, 0.41529563069343567, 0.0]","Feature_Vector: [1.0, 1.0, 0.0, 0.406551331281662, 0.0]",1,tweet_421_239177
5845,7369,"Feature_Vector: [1.0, 1.0, 0.0, 0.3346705436706543, 0.0]","Feature_Vector: [1.0, 0.0, 0.0, 0.4846026599407196, 0.0]",4,tweet_7369_1185266
3309,3663,"Feature_Vector: [1.0, 1.0, 0.0, 0.27460435032844543, 0.0]","Feature_Vector: [1.0, 1.0, 0.0, 0.3789200186729431, 0.0]",1,tweet_3663_410684
3961,7876,"Feature_Vector: [0.0, 0.0, 0.0, 0.5135049819946289, 0.0]","Feature_Vector: [1.0, 1.0, 0.0, 0.437930703163147, 0.0]",2,tweet_7876_1320207
7752,7045,"Feature_Vector: [1.0, 1.0, 0.0, 0.34453070163726807, 0.0]","Feature_Vector: [1.0, 1.0, 0.0, 0.3495754599571228, 0.0]",1,tweet_7045_216670
2624,6314,"Feature_Vector: [1.0, 1.0, 0.0, 0.385670930147171, 0.0]","Feature_Vector: [1.0, 1.0, 0.0, 0.2894057631492615, 0.0]",3,tweet_6314_1293414
2227,7709,"Feature_Vector: [1.0, 1.0, 0.0, 0.2052162140607834, 0.0]","Feature_Vector: [1.0, 1.0, 0.0, 0.439352422952652, 0.0]",1,tweet_7709_676824
6830,9839,"Feature_Vector: [0.0, 0.0, 0.0, 0.4577229619026184, 0.0]","Feature_Vector: [1.0, 0.0, 0.0, 0.44060203433036804, 0.0]",1,tweet_9839_536518
6276,1528,"Feature_Vector: [1.0, 1.0, 0.0, 0.35709431767463684, 0.0]","Feature_Vector: [1.0, 1.0, 0.0, 0.38681069016456604, 0.0]",1,tweet_1528_518511
4701,4778,"Feature_Vector: [1.0, 0.0, 0.0, 0.3296664357185364, 0.0]","Feature_Vector: [1.0, 1.0, 0.0, 0.25322863459587097, 0.0]",2,tweet_4778_1334440
9187,8104,"Feature_Vector: [1.0, 1.0, 0.0, 0.3498047888278961, 0.0]","Feature_Vector: [1.0, 1.0, 0.0, 0.5237593054771423, 0.0]",1,tweet_8104_617063
9166,3327,"Feature_Vector: [1.0, 1.0, 0.0, 0.34527960419654846, 0.0]","Feature_Vector: [1.0, 1.0, 0.0, 0.5032330751419067, 0.0]",1,tweet_3327_615577
7979,3314,"Feature_Vector: [1.0, 1.0, 1.0, 0.6087115406990051, 0.0]","Feature_Vector: [1.0, 0.0, 0.0, 0.5308056473731995, 0.0]",1,tweet_3314_575647
9169,1741,"Feature_Vector: [1.0, 1.0, 0.0, 0.40309977531433105, 0.0]","Feature_Vector: [1.0, 1.0, 1.0, 0.7139075994491577, 0.0]",1,tweet_1741_743707
139,5645,"Feature_Vector: [1.0, 1.0, 0.0, 0.3112698197364807, 0.0]","Feature_Vector: [1.0, 1.0, 1.0, 0.6468755006790161, 0.0]",1,tweet_5645_294101
700,9313,"Feature_Vector: [1.0, 1.0, 0.0, 0.3096611201763153, 0.0]","Feature_Vector: [1.0, 1.0, 0.0, 0.27631404995918274, 0.0]",1,tweet_9313_17237
45,4755,"Feature_Vector: [0.0, 0.0, 0.0, 0.4596169590950012, 0.0]","Feature_Vector: [1.0, 1.0, 0.0, 0.5802642703056335, 0.0]",1,tweet_4755_289536
7035,7035,"Feature_Vector: [1.0, 1.0, 1.0, 0.4686276614665985, 0.0]","Feature_Vector: [1.0, 1.0, 1.0, 0.4686276614665985, 0.0]",1,tweet_7035_901071
9946,7129,"Feature_Vector: [1.0, 1.0, 0.0, 0.34478145837783813, 0.0]","Feature_Vector: [1.0, 1.0, 0.0, 0.48933982849121094, 0.0]",1,tweet_7129_647757
1565,5912,"Feature_Vector: [1.0, 1.0, 0.0, 0.3780944049358368, 0.0]","Feature_Vector: [1.0, 1.0, 0.0, 0.47838640213012695, 0.0]",3,tweet_5912_1093699
5871,5871,"Feature_Vector: [1.0, 1.0, 0.0, 0.486001580953598, 0.0]","Feature_Vector: [1.0, 1.0, 0.0, 0.486001580953598, 0.0]",1,tweet_5871_880514
3139,4630,"Feature_Vector: [1.0, 0.0, 0.0, 0.3759039342403412, 0.0]","Feature_Vector: [1.0, 1.0, 0.0, 0.3704620599746704, 0.0]",3,tweet_4630_1132202
6369,9779,"Feature_Vector: [1.0, 1.0, 0.0, 0.4554474353790283, 0.0]","Feature_Vector: [1.0, 1.0, 0.0, 0.3368716835975647, 0.0]",3,tweet_9779_1193654
4837,4113,"Feature_Vector: [1.0, 1.0, 0.0, 0.3756873607635498, 0.0]","Feature_Vector: [1.0, 1.0, 0.0, 0.3426138162612915, 0.0]",1,tweet_4113_135075
7827,7827,"Feature_Vector: [1.0, 1.0, 0.0, 0.4127291738986969, 0.0]","Feature_Vector: [1.0, 1.0, 0.0, 0.4127291738986969, 0.0]",1,tweet_7827_917243
5038,9616,"Feature_Vector: [1.0, 1.0, 0.0, 0.23636144399642944, 0.0]","Feature_Vector: [1.0, 1.0, 0.0, 0.14888373017311096, 1.0]",2,tweet_9616_1340591
6915,5750,"Feature_Vector: [1.0, 1.0, 0.0, 0.14888373017311096, 0.0]","Feature_Vector: [1.0, 0.0, 0.0, 0.6121757626533508, 0.0]",1,tweet_5750_539320
1461,3441,"Feature_Vector: [1.0, 0.0, 0.0, 0.4077111780643463, 0.0]","Feature_Vector: [1.0, 1.0, 0.0, 0.49038165807724, 0.0]",1,tweet_3441_339015
4673,4673,"Feature_Vector: [1.0, 1.0, 0.0, 0.31947872042655945, 0.0]","Feature_Vector: [1.0, 1.0, 0.0, 0.31947872042655945, 0.0]",1,tweet_4673_853322
9330,442,"Feature_Vector: [1.0, 1.0, 0.0, 0.39186280965805054, 0.0]","Feature_Vector: [1.0, 0.0, 1.0, 0.5874552130699158, 0.0]",1,tweet_442_620957
1357,9817,"Feature_Vector: [1.0, 0.0, 0.0, 0.32064196467399597, 0.0]","Feature_Vector: [1.0, 1.0, 0.0, 0.2907254993915558, 0.0]",1,tweet_9817_34822
6975,1150,"Feature_Vector: [1.0, 1.0, 0.0, 0.3639955222606659, 0.0]","Feature_Vector: [1.0, 1.0, 0.0, 0.34427887201309204, 0.0]",1,tweet_1150_195213
5615,1616,"Feature_Vector: [0.0, 0.0, 0.0, 0.42846915125846863, 0.0]","Feature_Vector: [1.0, 1.0, 0.0, 0.27673348784446716, 0.0]",1,tweet_1616_156800
2652,693,"Feature_Vector: [1.0, 1.0, 0.0, 0.17689046263694763, 0.0]","Feature_Vector: [1.0, 1.0, 0.0, 0.3096611201763153, 0.0]",1,tweet_693_386071
2611,9526,"Feature_Vector: [1.0, 1.0, 0.0, 0.3750326335430145, 0.0]","Feature_Vector: [0.0, 0.0, 0.0, 0.4491249620914459, 0.0]",1,tweet_9526_73088
491,4991,"Feature_Vector: [1.0, 0.0, 0.0, 0.5038406252861023, 0.0]","Feature_Vector: [0.0, 0.0, 0.0, 0.30350956320762634, 0.0]",1,tweet_4991_11826
7779,4118,"Feature_Vector: [1.0, 1.0, 0.0, 0.37539729475975037, 0.0]","Feature_Vector: [1.0, 1.0, 0.0, 0.3954392671585083, 0.0]",1,tweet_4118_916232
4389,4389,"Feature_Vector: [0.0, 0.0, 0.0, 0.413474440574646, 0.0]","Feature_Vector: [0.0, 0.0, 0.0, 0.413474440574646, 0.0]",1,tweet_4389_1006406
4804,7173,"Feature_Vector: [1.0, 1.0, 0.0, 0.41047149896621704, 0.0]","Feature_Vector: [1.0, 1.0, 0.0, 0.3484145998954773, 0.0]",1,tweet_7173_134163
2484,1494,"Feature_Vector: [1.0, 0.0, 0.0, 0.5070805549621582, 0.0]","Feature_Vector: [0.0, 0.0, 1.0, 0.606764554977417, 0.0]",1,tweet_1494_378850
1575,7242,"Feature_Vector: [1.0, 1.0, 0.0, 0.5012218356132507, 0.0]","Feature_Vector: [1.0, 1.0, 0.0, 0.4255574941635132, 0.0]",1,tweet_7242_345606
283,283,"Feature_Vector: [1.0, 1.0, 0.0, 0.43742451071739197, 0.0]","Feature_Vector: [1.0, 1.0, 0.0, 0.43742451071739197, 0.0]",1,tweet_283_759791
9665,3736,"Feature_Vector: [1.0, 1.0, 0.0, 0.29420316219329834, 0.0]","Feature_Vector: [0.0, 0.0, 0.0, 0.6534807682037354, 0.0]",1,tweet_3736_955371
8778,1885,"Feature_Vector: [0.0, 0.0, 0.0, 0.39251065254211426, 0.0]","Feature_Vector: [1.0, 0.0, 0.0, 0.533528208732605, 0.0]",1,tweet_1885_602768
8945,8945,"Feature_Vector: [0.0, 0.0, 0.0, 0.43050360679626465, 0.0]","Feature_Vector: [0.0, 0.0, 0.0, 0.43050360679626465, 0.0]",1,tweet_8945_939316
3429,9076,"Feature_Vector: [1.0, 1.0, 0.0, 0.3920254707336426, 0.0]","Feature_Vector: [0.0, 0.0, 0.0, 0.3339173197746277, 0.0]",3,tweet_9076_1310461
9535,5589,"Feature_Vector: [1.0, 1.0, 0.0, 0.2250405102968216, 0.0]","Feature_Vector: [1.0, 1.0, 0.0, 0.3178894519805908, 0.0]",1,tweet_5589_630723
6468,7880,"Feature_Vector: [0.0, 0.0, 0.0, 0.36769765615463257, 0.0]","Feature_Vector: [1.0, 0.0, 1.0, 0.5543941855430603, 0.0]",1,tweet_7880_525340
2155,2753,"Feature_Vector: [1.0, 1.0, 0.0, 0.3578931391239166, 0.0]","Feature_Vector: [1.0, 1.0, 0.0, 0.39394164085388184, 0.0]",1,tweet_2753_365043
3119,5164,"Feature_Vector: [1.0, 1.0, 0.0, 0.3746655583381653, 0.0]","Feature_Vector: [1.0, 0.0, 0.0, 0.438764363527298, 0.0]",1,tweet_5164_402456
3956,5152,"Feature_Vector: [1.0, 1.0, 0.0, 0.3400883078575134, 0.0]","Feature_Vector: [1.0, 1.0, 0.0, 0.2681761384010315, 1.0]",1,tweet_5152_109017
5633,5633,"Feature_Vector: [1.0, 0.0, 1.0, 0.5882093906402588, 0.0]","Feature_Vector: [1.0, 0.0, 1.0, 0.5882093906402588, 0.0]",1,tweet_5633_872416
7833,8120,"Feature_Vector: [1.0, 1.0, 1.0, 0.4673459231853485, 0.0]","Feature_Vector: [1.0, 1.0, 0.0, 0.40211236476898193, 0.0]",1,tweet_8120_219120
1080,9839,"Feature_Vector: [1.0, 1.0, 0.0, 0.4078749120235443, 0.0]","Feature_Vector: [1.0, 0.0, 0.0, 0.44060203433036804, 0.0]",1,tweet_9839_27049
6853,6050,"Feature_Vector: [1.0, 1.0, 0.0, 0.44064778089523315, 0.0]","Feature_Vector: [1.0, 1.0, 0.0, 0.3514956831932068, 0.0]",1,tweet_6050_192705
5240,7193,"Feature_Vector: [1.0, 1.0, 0.0, 0.16900572180747986, 0.0]","Feature_Vector: [1.0, 1.0, 0.0, 0.23098446428775787, 0.0]",2,tweet_7193_1344075
3004,7955,"Feature_Vector: [1.0, 1.0, 0.0, 0.2714817523956299, 0.0]","Feature_Vector: [0.0, 0.0, 0.0, 0.5409671664237976, 0.0]",1,tweet_7955_83054
544,544,"Feature_Vector: [0.0, 0.0, 0.0, 0.41893884539604187, 0.0]","Feature_Vector: [0.0, 0.0, 0.0, 0.41893884539604187, 0.0]",1,tweet_544_974421
7962,9625,"Feature_Vector: [1.0, 1.0, 0.0, 0.14888373017311096, 0.0]","Feature_Vector: [1.0, 0.0, 0.0, 0.40165776014328003, 0.0]",3,tweet_9625_1377200
4400,1432,"Feature_Vector: [1.0, 1.0, 0.0, 0.35409992933273315, 0.0]","Feature_Vector: [1.0, 1.0, 0.0, 0.17438268661499023, 0.0]",1,tweet_1432_121330
246,3021,"Feature_Vector: [1.0, 1.0, 0.0, 0.387342631816864, 0.0]","Feature_Vector: [1.0, 1.0, 0.0, 0.3208335340023041, 0.0]",3,tweet_3021_1055403
5728,862,"Feature_Vector: [1.0, 1.0, 0.0, 0.2506343722343445, 0.0]","Feature_Vector: [1.0, 0.0, 0.0, 0.6098862886428833, 0.0]",1,tweet_862_495472
6770,4448,"Feature_Vector: [0.0, 0.0, 0.0, 0.30728039145469666, 0.0]","Feature_Vector: [1.0, 0.0, 0.0, 0.4123905897140503, 0.0]",1,tweet_4448_534713
4842,9526,"Feature_Vector: [1.0, 1.0, 0.0, 0.32982972264289856, 0.0]","Feature_Vector: [0.0, 0.0, 0.0, 0.4491249620914459, 0.0]",1,tweet_9526_135227
1449,162,"Feature_Vector: [1.0, 1.0, 0.0, 0.20216599106788635, 0.0]","Feature_Vector: [1.0, 1.0, 0.0, 0.3626447319984436, 0.0]",1,tweet_162_338149
5482,1753,"Feature_Vector: [1.0, 1.0, 0.0, 0.49289149045944214, 0.0]","Feature_Vector: [0.0, 0.0, 0.0, 0.3738495409488678, 0.0]",1,tweet_1753_153884
1382,6685,"Feature_Vector: [1.0, 1.0, 0.0, 0.3003002405166626, 0.0]","Feature_Vector: [1.0, 0.0, 0.0, 0.7044991254806519, 0.0]",2,tweet_6685_1088307
3898,130,"Feature_Vector: [1.0, 1.0, 0.0, 0.35729509592056274, 0.0]","Feature_Vector: [1.0, 1.0, 0.0, 0.226075679063797, 0.0]",1,tweet_130_108086
3325,10177,"Feature_Vector: [0.0, 0.0, 0.0, 0.38740143179893494, 0.0]","Feature_Vector: [1.0, 0.0, 0.0, 0.43679144978523254, 0.0]",3,tweet_10177_1136457
9551,3091,"Feature_Vector: [1.0, 0.0, 0.0, 0.5404626727104187, 0.0]","Feature_Vector: [1.0, 0.0, 0.0, 0.44175732135772705, 0.0]",1,tweet_3091_266072
2876,10015,"Feature_Vector: [1.0, 1.0, 0.0, 0.44601020216941833, 0.0]","Feature_Vector: [1.0, 0.0, 1.0, 0.6219579577445984, 0.0]",1,tweet_10015_392635
2280,7045,"Feature_Vector: [1.0, 1.0, 0.0, 0.4252278506755829, 0.0]","Feature_Vector: [1.0, 1.0, 0.0, 0.3495754599571228, 0.0]",1,tweet_7045_62091
9526,1332,"Feature_Vector: [0.0, 0.0, 0.0, 0.4491249620914459, 0.0]","Feature_Vector: [1.0, 1.0, 0.0, 0.33206745982170105, 0.0]",1,tweet_1332_630009
9902,1580,"Feature_Vector: [1.0, 1.0, 0.0, 0.4552888870239258, 0.0]","Feature_Vector: [0.0, 0.0, 0.0, 0.36548832058906555, 0.0]",1,tweet_1580_646388
3021,9048,"Feature_Vector: [1.0, 1.0, 0.0, 0.3208335340023041, 0.0]","Feature_Vector: [0.0, 0.0, 0.0, 0.3668581247329712, 0.0]",3,tweet_9048_1129463
1641,7023,"Feature_Vector: [1.0, 1.0, 0.0, 0.25631222128868103, 0.0]","Feature_Vector: [1.0, 1.0, 0.0, 0.30989378690719604, 0.0]",1,tweet_7023_347456
6706,5750,"Feature_Vector: [1.0, 1.0, 0.0, 0.3451554775238037, 0.0]","Feature_Vector: [1.0, 0.0, 0.0, 0.6121757626533508, 0.0]",1,tweet_5750_188522
7876,8671,"Feature_Vector: [1.0, 1.0, 0.0, 0.437930703163147, 0.0]","Feature_Vector: [1.0, 1.0, 0.0, 0.4187031388282776, 0.0]",1,tweet_8671_571320
6312,8631,"Feature_Vector: [1.0, 1.0, 0.0, 0.18996766209602356, 0.0]","Feature_Vector: [0.0, 0.0, 0.0, 0.4239818751811981, 0.0]",1,tweet_8631_519598
4465,3116,"Feature_Vector: [1.0, 1.0, 0.0, 0.507815420627594, 0.0]","Feature_Vector: [1.0, 0.0, 1.0, 0.675072431564331, 0.0]",1,tweet_3116_123487
2601,5224,"Feature_Vector: [1.0, 1.0, 0.0, 0.45254164934158325, 0.0]","Feature_Vector: [1.0, 1.0, 0.0, 0.4832434356212616, 0.0]",1,tweet_5224_72155
6220,121,"Feature_Vector: [1.0, 1.0, 0.0, 0.3545225262641907, 0.0]","Feature_Vector: [1.0, 1.0, 0.0, 0.20810995995998383, 0.0]",1,tweet_121_175834
461,8085,"Feature_Vector: [1.0, 1.0, 0.0, 0.24432046711444855, 0.0]","Feature_Vector: [1.0, 1.0, 0.0, 0.3624621629714966, 0.0]",1,tweet_8085_303625
5985,5985,"Feature_Vector: [1.0, 1.0, 0.0, 0.5068618059158325, 0.0]","Feature_Vector: [1.0, 1.0, 0.0, 0.5068618059158325, 0.0]",1,tweet_5985_883088
566,8104,"Feature_Vector: [1.0, 1.0, 0.0, 0.31562840938568115, 0.0]","Feature_Vector: [1.0, 1.0, 0.0, 0.5237593054771423, 0.0]",1,tweet_8104_307599
1219,1718,"Feature_Vector: [1.0, 1.0, 0.0, 0.33643826842308044, 0.0]","Feature_Vector: [1.0, 1.0, 0.0, 0.2728412449359894, 0.0]",2,tweet_1718_1082585
5322,418,"Feature_Vector: [0.0, 0.0, 0.0, 0.29511559009552, 0.0]","Feature_Vector: [0.0, 0.0, 0.0, 0.310125470161438, 0.0]",1,tweet_418_708141
9788,9788,"Feature_Vector: [0.0, 0.0, 0.0, 0.35431164503097534, 0.0]","Feature_Vector: [0.0, 0.0, 0.0, 0.35431164503097534, 0.0]",1,tweet_9788_957337
9584,9520,"Feature_Vector: [1.0, 1.0, 0.0, 0.3482971787452698, 0.0]","Feature_Vector: [1.0, 1.0, 0.0, 0.5417155027389526, 0.0]",1,tweet_9520_633162
4960,9033,"Feature_Vector: [1.0, 1.0, 0.0, 0.4706922769546509, 0.0]","Feature_Vector: [1.0, 1.0, 0.0, 0.2887341380119324, 0.0]",2,tweet_9033_1172209
859,6797,"Feature_Vector: [1.0, 0.0, 0.0, 0.43172213435173035, 0.0]","Feature_Vector: [0.0, 0.0, 1.0, 0.5248544812202454, 0.0]",1,tweet_6797_663600
2031,2031,"Feature_Vector: [1.0, 0.0, 0.0, 0.4753172993659973, 0.0]","Feature_Vector: [1.0, 0.0, 0.0, 0.4753172993659973, 0.0]",1,tweet_2031_987715
5238,6720,"Feature_Vector: [1.0, 1.0, 0.0, 0.42298993468284607, 0.0]","Feature_Vector: [1.0, 0.0, 0.0, 0.557012140750885, 0.0]",1,tweet_6720_480839
7430,4076,"Feature_Vector: [1.0, 1.0, 0.0, 0.43965578079223633, 0.0]","Feature_Vector: [1.0, 1.0, 0.0, 0.27008870244026184, 0.0]",1,tweet_4076_208623
3844,6087,"Feature_Vector: [1.0, 1.0, 0.0, 0.3509376645088196, 0.0]","Feature_Vector: [1.0, 1.0, 0.0, 0.2980545461177826, 0.0]",4,tweet_6087_1148880
4274,4315,"Feature_Vector: [1.0, 1.0, 0.0, 0.39267146587371826, 0.0]","Feature_Vector: [1.0, 0.0, 0.0, 0.3876360058784485, 0.0]",2,tweet_4315_1326077
1133,4368,"Feature_Vector: [1.0, 1.0, 0.0, 0.35709431767463684, 0.0]","Feature_Vector: [1.0, 0.0, 0.0, 0.424835741519928, 0.0]",1,tweet_4368_665881
8746,8388,"Feature_Vector: [1.0, 1.0, 0.0, 0.369983971118927, 0.0]","Feature_Vector: [1.0, 1.0, 0.0, 0.2799813449382782, 0.0]",1,tweet_8388_242636
1681,12,"Feature_Vector: [1.0, 1.0, 0.0, 0.4343392848968506, 0.0]","Feature_Vector: [1.0, 1.0, 0.0, 0.47015267610549927, 0.0]",1,tweet_12_349113
2261,960,"Feature_Vector: [1.0, 1.0, 0.0, 0.2270922064781189, 0.0]","Feature_Vector: [1.0, 1.0, 1.0, 0.5941839218139648, 0.0]",1,tweet_960_677162
4140,6048,"Feature_Vector: [1.0, 1.0, 0.0, 0.2714817523956299, 0.0]","Feature_Vector: [1.0, 0.0, 0.0, 0.3234492838382721, 0.0]",3,tweet_6048_1323448
8119,4260,"Feature_Vector: [1.0, 1.0, 0.0, 0.3907662630081177, 0.0]","Feature_Vector: [1.0, 1.0, 0.0, 0.33406877517700195, 0.0]",1,tweet_4260_580152
9229,3095,"Feature_Vector: [1.0, 1.0, 0.0, 0.3721042275428772, 0.0]","Feature_Vector: [1.0, 1.0, 1.0, 0.5488268733024597, 0.0]",1,tweet_3095_617852
9571,5546,"Feature_Vector: [1.0, 1.0, 0.0, 0.4219483733177185, 0.0]","Feature_Vector: [1.0, 1.0, 0.0, 0.1792914718389511, 0.0]",1,tweet_5546_266690
9188,994,"Feature_Vector: [1.0, 1.0, 0.0, 0.0, 0.0]","Feature_Vector: [1.0, 1.0, 0.0, 0.4938614070415497, 0.0]",1,tweet_994_617074
9768,8673,"Feature_Vector: [1.0, 1.0, 0.0, 0.40795662999153137, 0.0]","Feature_Vector: [1.0, 0.0, 0.0, 0.5248133540153503, 0.0]",1,tweet_8673_272707
1316,2397,"Feature_Vector: [1.0, 1.0, 0.0, 0.2671949863433838, 0.0]","Feature_Vector: [1.0, 1.0, 0.0, 0.30605122447013855, 0.0]",3,tweet_2397_1085546
10099,1570,"Feature_Vector: [1.0, 1.0, 0.0, 0.13527844846248627, 0.0]","Feature_Vector: [1.0, 1.0, 0.0, 0.5107550024986267, 0.0]",1,tweet_1570_970805
5525,7622,"Feature_Vector: [1.0, 1.0, 0.0, 0.44605177640914917, 0.0]","Feature_Vector: [1.0, 1.0, 0.0, 0.4539681077003479, 0.0]",3,tweet_7622_1181328
7629,1326,"Feature_Vector: [1.0, 1.0, 0.0, 0.3523772060871124, 0.0]","Feature_Vector: [1.0, 1.0, 0.0, 0.2907254993915558, 0.0]",1,tweet_1326_564102
4368,2712,"Feature_Vector: [1.0, 0.0, 0.0, 0.424835741519928, 0.0]","Feature_Vector: [1.0, 1.0, 0.0, 0.28525060415267944, 0.0]",1,tweet_2712_444537
1783,7270,"Feature_Vector: [1.0, 1.0, 0.0, 0.398223340511322, 0.0]","Feature_Vector: [0.0, 0.0, 0.0, 0.3735498785972595, 0.0]",2,tweet_7270_1272884
2102,7143,"Feature_Vector: [1.0, 1.0, 0.0, 0.3559771478176117, 0.0]","Feature_Vector: [1.0, 0.0, 0.0, 0.4627625644207001, 0.0]",2,tweet_7143_1107041
10146,3928,"Feature_Vector: [1.0, 1.0, 0.0, 0.2538589835166931, 0.0]","Feature_Vector: [1.0, 1.0, 0.0, 0.4665713310241699, 0.0]",1,tweet_3928_754143
6234,2470,"Feature_Vector: [1.0, 1.0, 0.0, 0.2945089638233185, 0.0]","Feature_Vector: [1.0, 1.0, 0.0, 0.4678705930709839, 0.0]",1,tweet_2470_517096
8074,8074,"Feature_Vector: [1.0, 0.0, 0.0, 0.5555127263069153, 0.0]","Feature_Vector: [1.0, 0.0, 0.0, 0.5555127263069153, 0.0]",1,tweet_8074_923897
753,2880,"Feature_Vector: [1.0, 1.0, 0.0, 0.3377286493778229, 0.0]","Feature_Vector: [1.0, 1.0, 0.0, 0.3704620599746704, 0.0]",3,tweet_2880_1069290
3639,3639,"Feature_Vector: [1.0, 1.0, 0.0, 0.3891374468803406, 0.0]","Feature_Vector: [1.0, 1.0, 0.0, 0.3891374468803406, 0.0]",1,tweet_3639_829142
2998,7373,"Feature_Vector: [1.0, 1.0, 0.0, 0.4467743933200836, 0.0]","Feature_Vector: [1.0, 1.0, 0.0, 0.4509640336036682, 0.0]",1,tweet_7373_684056
3596,5655,"Feature_Vector: [1.0, 1.0, 0.0, 0.3339173197746277, 0.0]","Feature_Vector: [1.0, 1.0, 0.0, 0.18159447610378265, 0.0]",1,tweet_5655_100338
4392,4807,"Feature_Vector: [1.0, 1.0, 0.0, 0.439864844083786, 0.0]","Feature_Vector: [1.0, 1.0, 0.0, 0.296604186296463, 0.0]",4,tweet_4807_1159200
9782,5194,"Feature_Vector: [1.0, 1.0, 0.0, 0.4398416578769684, 0.0]","Feature_Vector: [1.0, 1.0, 0.0, 0.3219694495201111, 0.0]",1,tweet_5194_273088
5704,5241,"Feature_Vector: [1.0, 1.0, 0.0, 0.2598029375076294, 0.0]","Feature_Vector: [0.0, 0.0, 0.0, 0.5940559506416321, 0.0]",1,tweet_5241_711253
1438,5945,"Feature_Vector: [1.0, 1.0, 0.0, 0.32867667078971863, 0.0]","Feature_Vector: [1.0, 1.0, 0.0, 0.3186896741390228, 0.0]",1,tweet_5945_37416
4896,7087,"Feature_Vector: [1.0, 1.0, 0.0, 0.43439042568206787, 0.0]","Feature_Vector: [1.0, 1.0, 1.0, 0.6930900812149048, 0.0]",1,tweet_7087_1010818
7364,7928,"Feature_Vector: [1.0, 0.0, 0.0, 0.32867667078971863, 0.0]","Feature_Vector: [1.0, 0.0, 0.0, 0.25322863459587097, 0.0]",3,tweet_7928_1371752
1885,4372,"Feature_Vector: [1.0, 0.0, 0.0, 0.533528208732605, 0.0]","Feature_Vector: [1.0, 0.0, 1.0, 0.5341157913208008, 0.0]",1,tweet_4372_52030
4895,4319,"Feature_Vector: [1.0, 1.0, 0.0, 0.4316149055957794, 0.0]","Feature_Vector: [1.0, 1.0, 0.0, 0.3706205487251282, 0.0]",1,tweet_4319_467228
5519,9975,"Feature_Vector: [1.0, 1.0, 0.0, 0.32783839106559753, 0.0]","Feature_Vector: [1.0, 1.0, 0.0, 0.341431587934494, 0.0]",1,tweet_9975_709747
7499,4470,"Feature_Vector: [1.0, 1.0, 0.0, 0.5280956625938416, 0.0]","Feature_Vector: [1.0, 1.0, 0.0, 0.25129419565200806, 0.0]",1,tweet_4470_210389
2458,6686,"Feature_Vector: [1.0, 0.0, 0.0, 0.5667100548744202, 0.0]","Feature_Vector: [1.0, 1.0, 1.0, 0.606995165348053, 0.0]",1,tweet_6686_992443
7808,1914,"Feature_Vector: [1.0, 1.0, 0.0, 0.3840106427669525, 0.0]","Feature_Vector: [0.0, 0.0, 1.0, 0.7615982294082642, 0.0]",1,tweet_1914_1029592
1333,1333,"Feature_Vector: [1.0, 1.0, 0.0, 0.30504825711250305, 0.0]","Feature_Vector: [1.0, 1.0, 0.0, 0.30504825711250305, 0.0]",1,tweet_1333_982462
3913,4881,"Feature_Vector: [1.0, 1.0, 0.0, 0.2811526358127594, 0.0]","Feature_Vector: [1.0, 1.0, 0.0, 0.07820848375558853, 0.0]",1,tweet_4881_1319218
2995,10129,"Feature_Vector: [1.0, 1.0, 0.0, 0.44904619455337524, 0.0]","Feature_Vector: [1.0, 1.0, 0.0, 0.3432600498199463, 0.0]",1,tweet_10129_82543
813,6069,"Feature_Vector: [1.0, 1.0, 0.0, 0.30057477951049805, 0.0]","Feature_Vector: [1.0, 1.0, 1.0, 0.5649775862693787, 0.0]",1,tweet_6069_976115
1135,1135,"Feature_Vector: [1.0, 1.0, 0.0, 0.3946179151535034, 0.0]","Feature_Vector: [1.0, 1.0, 0.0, 0.3946179151535034, 0.0]",1,tweet_1135_771889
2640,1759,"Feature_Vector: [1.0, 1.0, 0.0, 0.4445994794368744, 0.0]","Feature_Vector: [1.0, 1.0, 0.0, 0.4628397524356842, 0.0]",1,tweet_1759_74195
557,1123,"Feature_Vector: [1.0, 1.0, 0.0, 0.44685637950897217, 0.0]","Feature_Vector: [1.0, 1.0, 0.0, 0.4119739532470703, 0.0]",1,tweet_1123_13413
5035,2638,"Feature_Vector: [1.0, 1.0, 0.0, 0.2977674603462219, 0.0]","Feature_Vector: [1.0, 1.0, 0.0, 0.4045058488845825, 0.0]",1,tweet_2638_1011471
7752,6039,"Feature_Vector: [1.0, 1.0, 0.0, 0.34453070163726807, 0.0]","Feature_Vector: [1.0, 1.0, 0.0, 0.4729684293270111, 0.0]",1,tweet_6039_731301
7125,8113,"Feature_Vector: [1.0, 1.0, 0.0, 0.30428415536880493, 0.0]","Feature_Vector: [1.0, 1.0, 0.0, 0.3554619550704956, 0.0]",1,tweet_8113_725583
1716,7373,"Feature_Vector: [1.0, 1.0, 0.0, 0.3727174401283264, 0.0]","Feature_Vector: [1.0, 1.0, 0.0, 0.4509640336036682, 0.0]",1,tweet_7373_350301
176,9606,"Feature_Vector: [1.0, 0.0, 0.0, 0.25259116291999817, 0.0]","Feature_Vector: [1.0, 0.0, 0.0, 0.318090558052063, 0.0]",2,tweet_9606_1223104
1341,8293,"Feature_Vector: [1.0, 0.0, 0.0, 0.31947872042655945, 0.0]","Feature_Vector: [1.0, 1.0, 0.0, 0.3636384606361389, 0.0]",3,tweet_8293_1260621
7947,8446,"Feature_Vector: [1.0, 1.0, 0.0, 0.357793927192688, 0.0]","Feature_Vector: [1.0, 1.0, 0.0, 0.2791867256164551, 0.0]",1,tweet_8446_221938
7751,560,"Feature_Vector: [1.0, 1.0, 0.0, 0.3024599552154541, 0.0]","Feature_Vector: [1.0, 1.0, 0.0, 0.32159334421157837, 0.0]",1,tweet_560_216497
758,2928,"Feature_Vector: [1.0, 1.0, 0.0, 0.33643826842308044, 0.0]","Feature_Vector: [1.0, 0.0, 0.0, 0.29747888445854187, 0.0]",2,tweet_2928_1242846
4704,4704,"Feature_Vector: [1.0, 1.0, 0.0, 0.3166674077510834, 0.0]","Feature_Vector: [1.0, 1.0, 0.0, 0.3166674077510834, 0.0]",1,tweet_4704_854068
2164,2707,"Feature_Vector: [1.0, 1.0, 0.0, 0.318090558052063, 0.0]","Feature_Vector: [1.0, 1.0, 0.0, 0.4530578851699829, 0.0]",1,tweet_2707_676099
1423,2597,"Feature_Vector: [1.0, 1.0, 0.0, 0.06197875365614891, 0.0]","Feature_Vector: [1.0, 1.0, 0.0, 0.32783839106559753, 0.0]",2,tweet_2597_1263004
3898,7654,"Feature_Vector: [1.0, 1.0, 0.0, 0.35729509592056274, 0.0]","Feature_Vector: [1.0, 1.0, 0.0, 0.1838071197271347, 0.0]",1,tweet_7654_108173
6716,6797,"Feature_Vector: [1.0, 1.0, 0.0, 0.3301548957824707, 0.0]","Feature_Vector: [0.0, 0.0, 1.0, 0.5248544812202454, 0.0]",1,tweet_6797_532976
8627,3818,"Feature_Vector: [1.0, 1.0, 0.0, 0.3983686566352844, 0.0]","Feature_Vector: [1.0, 1.0, 0.0, 0.23720981180667877, 0.0]",1,tweet_3818_238569
6303,6303,"Feature_Vector: [1.0, 1.0, 0.0, 0.45841148495674133, 0.0]","Feature_Vector: [1.0, 1.0, 0.0, 0.45841148495674133, 0.0]",1,tweet_6303_1020016
1007,1399,"Feature_Vector: [0.0, 0.0, 0.0, 0.3274995684623718, 0.0]","Feature_Vector: [1.0, 0.0, 0.0, 0.650647759437561, 0.0]",2,tweet_1399_1250665
5099,5673,"Feature_Vector: [1.0, 1.0, 1.0, 0.6446264982223511, 0.0]","Feature_Vector: [1.0, 1.0, 0.0, 0.15641696751117706, 0.0]",1,tweet_5673_144100
1321,6817,"Feature_Vector: [1.0, 1.0, 0.0, 0.43055835366249084, 0.0]","Feature_Vector: [1.0, 1.0, 0.0, 0.2957157492637634, 1.0]",3,tweet_6817_1085882
1398,4858,"Feature_Vector: [1.0, 1.0, 0.0, 0.4219483733177185, 0.0]","Feature_Vector: [1.0, 1.0, 0.0, 0.43587809801101685, 0.0]",4,tweet_4858_1088585
9177,3487,"Feature_Vector: [0.0, 0.0, 0.0, 0.4350508451461792, 0.0]","Feature_Vector: [1.0, 1.0, 1.0, 0.6530749797821045, 0.0]",1,tweet_3487_942874
1655,6512,"Feature_Vector: [1.0, 1.0, 0.0, 0.32715868949890137, 0.0]","Feature_Vector: [1.0, 1.0, 0.0, 0.4521700143814087, 0.0]",1,tweet_6512_45006
2622,9619,"Feature_Vector: [1.0, 1.0, 0.0, 0.4045492112636566, 0.0]","Feature_Vector: [1.0, 1.0, 0.0, 0.4619846045970917, 0.0]",3,tweet_9619_1121317
9423,7715,"Feature_Vector: [1.0, 1.0, 0.0, 0.37225815653800964, 0.0]","Feature_Vector: [1.0, 1.0, 0.0, 0.25631222128868103, 0.0]",1,tweet_7715_260067
8623,4137,"Feature_Vector: [1.0, 1.0, 0.0, 0.38518407940864563, 0.0]","Feature_Vector: [1.0, 1.0, 0.0, 0.2799813449382782, 0.0]",1,tweet_4137_238206
6013,7700,"Feature_Vector: [1.0, 1.0, 0.0, 0.2890709638595581, 0.0]","Feature_Vector: [1.0, 1.0, 1.0, 0.888723611831665, 0.0]",1,tweet_7700_507565
7155,9408,"Feature_Vector: [1.0, 1.0, 0.0, 0.20668163895606995, 0.0]","Feature_Vector: [1.0, 1.0, 0.0, 0.1173127219080925, 1.0]",3,tweet_9408_1369814
9811,7552,"Feature_Vector: [1.0, 1.0, 0.0, 0.44920361042022705, 0.0]","Feature_Vector: [1.0, 1.0, 0.0, 0.39549019932746887, 1.0]",1,tweet_7552_274371
6611,10004,"Feature_Vector: [1.0, 1.0, 0.0, 0.4385036826133728, 0.0]","Feature_Vector: [1.0, 1.0, 0.0, 0.3395419120788574, 0.0]",3,tweet_10004_1195763
5853,7819,"Feature_Vector: [1.0, 1.0, 0.0, 0.3690967857837677, 0.0]","Feature_Vector: [1.0, 0.0, 1.0, 0.7314254641532898, 0.0]",2,tweet_7819_1353851
923,736,"Feature_Vector: [1.0, 1.0, 0.0, 0.40206706523895264, 0.0]","Feature_Vector: [1.0, 1.0, 0.0, 0.52010577917099, 0.0]",1,tweet_736_977557
6579,8337,"Feature_Vector: [1.0, 1.0, 0.0, 0.4581605792045593, 0.0]","Feature_Vector: [1.0, 1.0, 0.0, 0.26255548000335693, 0.0]",1,tweet_8337_184979
8466,4507,"Feature_Vector: [1.0, 1.0, 0.0, 0.4662090837955475, 0.0]","Feature_Vector: [1.0, 0.0, 0.0, 0.5864585041999817, 0.0]",1,tweet_4507_234130
4685,6134,"Feature_Vector: [1.0, 1.0, 0.0, 0.3799353241920471, 0.0]","Feature_Vector: [1.0, 1.0, 0.0, 0.32064196467399597, 0.0]",1,tweet_6134_459049
2950,5972,"Feature_Vector: [1.0, 1.0, 0.0, 0.25570884346961975, 0.0]","Feature_Vector: [0.0, 0.0, 1.0, 0.7603167295455933, 0.0]",1,tweet_5972_811650
535,9743,"Feature_Vector: [1.0, 1.0, 0.0, 0.4136961102485657, 0.0]","Feature_Vector: [1.0, 1.0, 0.0, 0.39714592695236206, 0.0]",1,tweet_9743_12775
1772,3213,"Feature_Vector: [1.0, 1.0, 0.0, 0.4421372413635254, 0.0]","Feature_Vector: [1.0, 1.0, 0.0, 0.23003628849983215, 0.0]",1,tweet_3213_352914
6017,923,"Feature_Vector: [0.0, 0.0, 0.0, 0.4538053572177887, 0.0]","Feature_Vector: [1.0, 1.0, 0.0, 0.40206706523895264, 0.0]",1,tweet_923_168935
3317,3873,"Feature_Vector: [1.0, 1.0, 0.0, 0.2986243963241577, 0.0]","Feature_Vector: [1.0, 1.0, 0.0, 0.6049335598945618, 0.0]",1,tweet_3873_819419
9547,5447,"Feature_Vector: [1.0, 1.0, 0.0, 0.3969973921775818, 0.0]","Feature_Vector: [1.0, 1.0, 0.0, 0.30703669786453247, 0.0]",1,tweet_5447_265686
7011,4728,"Feature_Vector: [1.0, 1.0, 0.0, 0.3055519759654999, 0.0]","Feature_Vector: [1.0, 0.0, 1.0, 0.5780017971992493, 0.0]",1,tweet_4728_542788
9065,6032,"Feature_Vector: [1.0, 1.0, 0.0, 0.3630985915660858, 0.0]","Feature_Vector: [1.0, 1.0, 0.0, 0.1299014687538147, 0.0]",1,tweet_6032_940867
1333,8746,"Feature_Vector: [1.0, 1.0, 0.0, 0.30504825711250305, 0.0]","Feature_Vector: [1.0, 1.0, 0.0, 0.369983971118927, 0.0]",1,tweet_8746_775948
5130,1053,"Feature_Vector: [1.0, 1.0, 0.0, 0.32647067308425903, 0.0]","Feature_Vector: [1.0, 1.0, 0.0, 0.3024599552154541, 0.0]",1,tweet_1053_144482
7323,7323,"Feature_Vector: [0.0, 0.0, 0.0, 0.39186280965805054, 0.0]","Feature_Vector: [0.0, 0.0, 0.0, 0.39186280965805054, 0.0]",1,tweet_7323_908007
3458,3458,"Feature_Vector: [1.0, 0.0, 0.0, 0.41781899333000183, 0.0]","Feature_Vector: [1.0, 0.0, 0.0, 0.41781899333000183, 0.0]",1,tweet_3458_822395
1811,7685,"Feature_Vector: [1.0, 1.0, 0.0, 0.39694780111312866, 0.0]","Feature_Vector: [1.0, 1.0, 0.0, 0.45351484417915344, 0.0]",1,tweet_7685_986419
1647,5241,"Feature_Vector: [1.0, 1.0, 0.0, 0.25690922141075134, 0.0]","Feature_Vector: [0.0, 0.0, 0.0, 0.5940559506416321, 0.0]",1,tweet_5241_985106
2127,3298,"Feature_Vector: [1.0, 1.0, 0.0, 0.32715868949890137, 0.0]","Feature_Vector: [1.0, 1.0, 0.0, 0.3630985915660858, 0.0]",2,tweet_3298_1107349
2185,7308,"Feature_Vector: [1.0, 1.0, 0.0, 0.36677345633506775, 0.0]","Feature_Vector: [1.0, 1.0, 0.0, 0.36069756746292114, 0.0]",1,tweet_7308_366743
8746,2218,"Feature_Vector: [1.0, 1.0, 0.0, 0.369983971118927, 0.0]","Feature_Vector: [1.0, 1.0, 0.0, 0.3280070424079895, 0.0]",1,tweet_2218_601914
7568,8671,"Feature_Vector: [1.0, 1.0, 0.0, 0.38942164182662964, 0.0]","Feature_Vector: [1.0, 1.0, 0.0, 0.4187031388282776, 0.0]",1,tweet_8671_562417
6143,9860,"Feature_Vector: [1.0, 1.0, 0.0, 0.3983686566352844, 0.0]","Feature_Vector: [1.0, 1.0, 0.0, 0.4088074266910553, 0.0]",3,tweet_9860_1190161
3240,266,"Feature_Vector: [1.0, 1.0, 0.0, 0.37926048040390015, 0.0]","Feature_Vector: [1.0, 1.0, 0.0, 0.3602238893508911, 0.0]",1,tweet_266_89877
7838,3945,"Feature_Vector: [0.0, 0.0, 1.0, 0.5069748163223267, 0.0]","Feature_Vector: [0.0, 0.0, 0.0, 0.5389256477355957, 0.0]",1,tweet_3945_219343
9744,9923,"Feature_Vector: [1.0, 1.0, 0.0, 0.45268961787223816, 0.0]","Feature_Vector: [1.0, 1.0, 0.0, 0.3168729245662689, 0.0]",3,tweet_9923_1216301
5913,5913,"Feature_Vector: [1.0, 1.0, 0.0, 0.39734333753585815, 0.0]","Feature_Vector: [1.0, 1.0, 0.0, 0.39734333753585815, 0.0]",1,tweet_5913_881272
7653,8847,"Feature_Vector: [0.0, 0.0, 0.0, 0.3977850675582886, 0.0]","Feature_Vector: [1.0, 1.0, 0.0, 0.35462769865989685, 0.0]",1,tweet_8847_564695
2938,5912,"Feature_Vector: [1.0, 1.0, 0.0, 0.467088907957077, 0.0]","Feature_Vector: [1.0, 1.0, 0.0, 0.47838640213012695, 0.0]",1,tweet_5912_396211
6970,9115,"Feature_Vector: [1.0, 1.0, 0.0, 0.36827796697616577, 0.0]","Feature_Vector: [1.0, 1.0, 0.0, 0.2506343722343445, 0.0]",4,tweet_9115_1199005
5241,5241,"Feature_Vector: [0.0, 0.0, 0.0, 0.5940559506416321, 0.0]","Feature_Vector: [0.0, 0.0, 0.0, 0.5940559506416321, 0.0]",1,tweet_5241_863372
2023,2023,"Feature_Vector: [1.0, 0.0, 0.0, 0.29137393832206726, 0.0]","Feature_Vector: [1.0, 0.0, 0.0, 0.29137393832206726, 0.0]",1,tweet_2023_674750
2297,45,"Feature_Vector: [1.0, 0.0, 0.0, 0.34922969341278076, 0.0]","Feature_Vector: [0.0, 0.0, 0.0, 0.4596169590950012, 0.0]",1,tweet_45_62434
138,4668,"Feature_Vector: [1.0, 1.0, 0.0, 0.22181588411331177, 0.0]","Feature_Vector: [1.0, 1.0, 0.0, 0.3956427574157715, 0.0]",1,tweet_4668_4436
1267,4921,"Feature_Vector: [1.0, 1.0, 0.0, 0.21839572489261627, 0.0]","Feature_Vector: [1.0, 1.0, 0.0, 0.6478599309921265, 0.0]",1,tweet_4921_774328
7561,8074,"Feature_Vector: [1.0, 1.0, 0.0, 0.41671139001846313, 0.0]","Feature_Vector: [1.0, 0.0, 0.0, 0.5555127263069153, 0.0]",1,tweet_8074_729636
2908,2908,"Feature_Vector: [1.0, 1.0, 0.0, 0.4058777093887329, 0.0]","Feature_Vector: [1.0, 1.0, 0.0, 0.4058777093887329, 0.0]",1,tweet_2908_809412
2096,2044,"Feature_Vector: [1.0, 1.0, 0.0, 0.26092013716697693, 0.0]","Feature_Vector: [1.0, 1.0, 0.0, 0.3202568590641022, 0.0]",1,tweet_2044_56531
2313,9529,"Feature_Vector: [1.0, 1.0, 0.0, 0.4022480249404907, 0.0]","Feature_Vector: [1.0, 0.0, 1.0, 0.6052286624908447, 0.0]",1,tweet_9529_800280
1062,6239,"Feature_Vector: [1.0, 1.0, 0.0, 0.4136961102485657, 0.0]","Feature_Vector: [0.0, 0.0, 0.0, 0.5361675024032593, 0.0]",1,tweet_6239_323467
8337,1330,"Feature_Vector: [1.0, 1.0, 0.0, 0.26255548000335693, 0.0]","Feature_Vector: [1.0, 1.0, 0.0, 0.3281751871109009, 0.0]",1,tweet_1330_231748
665,2889,"Feature_Vector: [0.0, 0.0, 0.0, 0.36827796697616577, 0.0]","Feature_Vector: [0.0, 0.0, 0.0, 0.3744441866874695, 0.0]",3,tweet_2889_1239764
2161,5870,"Feature_Vector: [1.0, 1.0, 0.0, 0.3854280412197113, 0.0]","Feature_Vector: [1.0, 1.0, 0.0, 0.4528924524784088, 0.0]",1,tweet_5870_58925
753,80,"Feature_Vector: [1.0, 1.0, 0.0, 0.3377286493778229, 0.0]","Feature_Vector: [1.0, 1.0, 0.0, 0.36942100524902344, 0.0]",1,tweet_80_313387
898,9126,"Feature_Vector: [1.0, 0.0, 1.0, 0.5635563731193542, 0.0]","Feature_Vector: [0.0, 0.0, 1.0, 0.6790704727172852, 0.0]",1,tweet_9126_976983
10024,8366,"Feature_Vector: [1.0, 1.0, 0.0, 0.2404811978340149, 0.0]","Feature_Vector: [0.0, 0.0, 1.0, 0.6133937239646912, 0.0]",1,tweet_8366_651072
2960,10081,"Feature_Vector: [1.0, 1.0, 0.0, 0.3399522006511688, 0.0]","Feature_Vector: [1.0, 1.0, 0.0, 0.14470288157463074, 0.0]",2,tweet_10081_1300265
929,3051,"Feature_Vector: [1.0, 1.0, 0.0, 0.1838071197271347, 0.0]","Feature_Vector: [1.0, 1.0, 0.0, 0.22907190024852753, 0.0]",3,tweet_3051_1074979
8183,9914,"Feature_Vector: [0.0, 0.0, 0.0, 0.3484145998954773, 0.0]","Feature_Vector: [1.0, 1.0, 0.0, 0.3626447319984436, 0.0]",2,tweet_9914_1378704
5215,272,"Feature_Vector: [1.0, 1.0, 0.0, 0.3679471015930176, 1.0]","Feature_Vector: [1.0, 1.0, 0.0, 0.5056105256080627, 0.0]",1,tweet_272_707011
9904,2701,"Feature_Vector: [1.0, 1.0, 0.0, 0.2859647274017334, 0.0]","Feature_Vector: [1.0, 1.0, 0.0, 0.5009790658950806, 0.0]",1,tweet_2701_277906
4902,2062,"Feature_Vector: [1.0, 1.0, 0.0, 0.33406877517700195, 0.0]","Feature_Vector: [1.0, 1.0, 0.0, 0.3675307333469391, 0.0]",1,tweet_2062_138098
5352,3873,"Feature_Vector: [1.0, 0.0, 0.0, 0.5264309048652649, 0.0]","Feature_Vector: [1.0, 1.0, 0.0, 0.6049335598945618, 0.0]",1,tweet_3873_865634
2106,2106,"Feature_Vector: [1.0, 1.0, 0.0, 0.4713330864906311, 0.0]","Feature_Vector: [1.0, 1.0, 0.0, 0.4713330864906311, 0.0]",1,tweet_2106_793304
3035,7979,"Feature_Vector: [1.0, 1.0, 0.0, 0.18593627214431763, 0.0]","Feature_Vector: [1.0, 1.0, 1.0, 0.6087115406990051, 0.0]",1,tweet_7979_684520
8830,1330,"Feature_Vector: [1.0, 1.0, 0.0, 0.2986243963241577, 0.0]","Feature_Vector: [1.0, 1.0, 0.0, 0.3281751871109009, 0.0]",1,tweet_1330_1036713
7319,90,"Feature_Vector: [1.0, 1.0, 0.0, 0.35993775725364685, 0.0]","Feature_Vector: [0.0, 0.0, 0.0, 0.24650456011295319, 1.0]",1,tweet_90_553857
6219,643,"Feature_Vector: [1.0, 0.0, 0.0, 0.41220158338546753, 0.0]","Feature_Vector: [0.0, 0.0, 1.0, 0.6559633016586304, 0.0]",1,tweet_643_516183
7145,9596,"Feature_Vector: [1.0, 0.0, 0.0, 0.30479469895362854, 0.0]","Feature_Vector: [1.0, 0.0, 0.0, 0.425107479095459, 0.0]",1,tweet_9596_547335
4736,8475,"Feature_Vector: [1.0, 1.0, 0.0, 0.2052162140607834, 0.0]","Feature_Vector: [1.0, 1.0, 0.0, 0.2457858771085739, 0.0]",3,tweet_8475_1335192
9549,2462,"Feature_Vector: [1.0, 1.0, 0.0, 0.3621871769428253, 0.0]","Feature_Vector: [1.0, 1.0, 0.0, 0.23886920511722565, 0.0]",1,tweet_2462_632063
7483,4572,"Feature_Vector: [1.0, 0.0, 0.0, 0.4630553722381592, 0.0]","Feature_Vector: [1.0, 0.0, 0.0, 0.497574120759964, 0.0]",1,tweet_4572_210044
9869,4960,"Feature_Vector: [1.0, 1.0, 0.0, 0.5301074981689453, 0.0]","Feature_Vector: [1.0, 1.0, 0.0, 0.4706922769546509, 0.0]",1,tweet_4960_645239
9619,966,"Feature_Vector: [1.0, 1.0, 0.0, 0.4619846045970917, 0.0]","Feature_Vector: [1.0, 1.0, 0.0, 0.5177536010742188, 0.0]",1,tweet_966_954806
8321,8321,"Feature_Vector: [1.0, 1.0, 0.0, 0.41373297572135925, 0.0]","Feature_Vector: [1.0, 1.0, 0.0, 0.41373297572135925, 0.0]",1,tweet_8321_927998
2533,6502,"Feature_Vector: [1.0, 1.0, 0.0, 0.44195878505706787, 0.0]","Feature_Vector: [1.0, 1.0, 0.0, 0.4265056848526001, 0.0]",1,tweet_6502_70033
9673,4233,"Feature_Vector: [1.0, 1.0, 0.0, 0.18593627214431763, 1.0]","Feature_Vector: [0.0, 0.0, 1.0, 0.45695748925209045, 0.0]",1,tweet_4233_636753
7049,10049,"Feature_Vector: [1.0, 1.0, 0.0, 0.2907254993915558, 0.0]","Feature_Vector: [1.0, 1.0, 0.0, 0.2938957214355469, 0.0]",1,tweet_10049_544540
787,963,"Feature_Vector: [1.0, 0.0, 0.0, 0.43828949332237244, 0.0]","Feature_Vector: [1.0, 0.0, 0.0, 0.39875441789627075, 0.0]",2,tweet_963_1243674
2908,2908,"Feature_Vector: [1.0, 1.0, 0.0, 0.4058777093887329, 0.0]","Feature_Vector: [1.0, 1.0, 0.0, 0.4058777093887329, 0.0]",1,tweet_2908_809453
1434,3973,"Feature_Vector: [1.0, 1.0, 0.0, 0.2646647095680237, 0.0]","Feature_Vector: [1.0, 1.0, 0.0, 0.4315343201160431, 0.0]",3,tweet_3973_1089272
3633,8103,"Feature_Vector: [1.0, 1.0, 0.0, 0.36934012174606323, 0.0]","Feature_Vector: [1.0, 1.0, 0.0, 0.31888797879219055, 0.0]",3,tweet_8103_1143178
1753,2571,"Feature_Vector: [0.0, 0.0, 0.0, 0.3738495409488678, 0.0]","Feature_Vector: [1.0, 1.0, 0.0, 0.3786461353302002, 0.0]",1,tweet_2571_351662
3171,2214,"Feature_Vector: [1.0, 1.0, 0.0, 0.42804187536239624, 0.0]","Feature_Vector: [1.0, 1.0, 0.0, 0.2779734432697296, 0.0]",1,tweet_2214_404614
1438,6426,"Feature_Vector: [1.0, 1.0, 0.0, 0.32867667078971863, 0.0]","Feature_Vector: [1.0, 1.0, 0.0, 0.45854485034942627, 0.0]",3,tweet_6426_1089568
4395,8711,"Feature_Vector: [1.0, 1.0, 0.0, 0.31768760085105896, 0.0]","Feature_Vector: [1.0, 1.0, 0.0, 0.3802030086517334, 0.0]",1,tweet_8711_120802
9530,6463,"Feature_Vector: [1.0, 1.0, 0.0, 0.27958542108535767, 0.0]","Feature_Vector: [1.0, 1.0, 0.0, 0.36990389227867126, 0.0]",1,tweet_6463_630293
7965,693,"Feature_Vector: [1.0, 1.0, 0.0, 0.1299014687538147, 1.0]","Feature_Vector: [1.0, 1.0, 0.0, 0.3096611201763153, 0.0]",1,tweet_693_222404
1867,9357,"Feature_Vector: [1.0, 1.0, 0.0, 0.26517993211746216, 0.0]","Feature_Vector: [1.0, 0.0, 0.0, 0.3377286493778229, 0.0]",2,tweet_9357_1275724
7033,8686,"Feature_Vector: [1.0, 1.0, 0.0, 0.44430017471313477, 0.0]","Feature_Vector: [1.0, 1.0, 0.0, 0.38722485303878784, 0.0]",3,tweet_8686_1200367
6230,6902,"Feature_Vector: [1.0, 1.0, 0.0, 0.3288428485393524, 0.0]","Feature_Vector: [1.0, 0.0, 1.0, 0.6104324460029602, 0.0]",1,tweet_6902_716752
7711,9970,"Feature_Vector: [1.0, 0.0, 0.0, 0.2646647095680237, 0.0]","Feature_Vector: [0.0, 0.0, 0.0, 0.4472646117210388, 0.0]",2,tweet_9970_1375204
5871,5871,"Feature_Vector: [1.0, 1.0, 0.0, 0.486001580953598, 0.0]","Feature_Vector: [1.0, 1.0, 0.0, 0.486001580953598, 0.0]",1,tweet_5871_878482
1501,8847,"Feature_Vector: [1.0, 1.0, 0.0, 0.2598029375076294, 0.0]","Feature_Vector: [1.0, 1.0, 0.0, 0.35462769865989685, 0.0]",1,tweet_8847_341627
5912,4930,"Feature_Vector: [1.0, 1.0, 0.0, 0.47838640213012695, 0.0]","Feature_Vector: [1.0, 1.0, 0.0, 0.4266816973686218, 0.0]",1,tweet_4930_165760
923,9121,"Feature_Vector: [1.0, 1.0, 0.0, 0.40206706523895264, 0.0]","Feature_Vector: [1.0, 1.0, 0.0, 0.2671949863433838, 0.0]",1,tweet_9121_319193
7369,6087,"Feature_Vector: [1.0, 0.0, 0.0, 0.4846026599407196, 0.0]","Feature_Vector: [1.0, 1.0, 0.0, 0.2980545461177826, 0.0]",1,tweet_6087_205868
2449,2449,"Feature_Vector: [1.0, 0.0, 1.0, 0.4781516492366791, 0.0]","Feature_Vector: [1.0, 0.0, 1.0, 0.4781516492366791, 0.0]",1,tweet_2449_803787
7448,2709,"Feature_Vector: [1.0, 1.0, 0.0, 0.36135414242744446, 0.0]","Feature_Vector: [1.0, 1.0, 0.0, 0.43965578079223633, 0.0]",1,tweet_2709_1027807
3529,8711,"Feature_Vector: [1.0, 1.0, 0.0, 0.4416675567626953, 0.0]","Feature_Vector: [1.0, 1.0, 0.0, 0.3802030086517334, 0.0]",1,tweet_8711_824870
423,392,"Feature_Vector: [1.0, 1.0, 0.0, 0.3337654769420624, 0.0]","Feature_Vector: [1.0, 1.0, 0.0, 0.3141409158706665, 0.0]",1,tweet_392_302228
6621,6347,"Feature_Vector: [1.0, 1.0, 0.0, 0.4823988080024719, 0.0]","Feature_Vector: [0.0, 0.0, 1.0, 0.48386338353157043, 0.0]",1,tweet_6347_893051
140,7416,"Feature_Vector: [1.0, 1.0, 0.0, 0.30402714014053345, 0.0]","Feature_Vector: [1.0, 1.0, 0.0, 0.4279560148715973, 0.0]",1,tweet_7416_294304
1094,8296,"Feature_Vector: [1.0, 1.0, 0.0, 0.1097794845700264, 0.0]","Feature_Vector: [1.0, 0.0, 1.0, 0.8148944973945618, 0.0]",1,tweet_8296_770562
921,2893,"Feature_Vector: [1.0, 1.0, 0.0, 0.3357084393501282, 0.0]","Feature_Vector: [1.0, 1.0, 0.0, 0.6793380975723267, 0.0]",1,tweet_2893_768622
9390,9390,"Feature_Vector: [1.0, 1.0, 0.0, 0.5521072745323181, 0.0]","Feature_Vector: [1.0, 1.0, 0.0, 0.5521072745323181, 0.0]",1,tweet_9390_948228
1787,6859,"Feature_Vector: [1.0, 1.0, 0.0, 0.3457733988761902, 0.0]","Feature_Vector: [1.0, 1.0, 0.0, 0.33406877517700195, 0.0]",1,tweet_6859_353221
8148,8746,"Feature_Vector: [1.0, 1.0, 0.0, 0.4502934217453003, 0.0]","Feature_Vector: [1.0, 1.0, 0.0, 0.369983971118927, 0.0]",3,tweet_8746_1209050
421,6853,"Feature_Vector: [1.0, 1.0, 0.0, 0.406551331281662, 0.0]","Feature_Vector: [1.0, 1.0, 0.0, 0.44064778089523315, 0.0]",3,tweet_6853_1059510
9177,9177,"Feature_Vector: [0.0, 0.0, 0.0, 0.4350508451461792, 0.0]","Feature_Vector: [0.0, 0.0, 0.0, 0.4350508451461792, 0.0]",1,tweet_9177_943240
643,643,"Feature_Vector: [0.0, 0.0, 1.0, 0.6559633016586304, 0.0]","Feature_Vector: [0.0, 0.0, 1.0, 0.6559633016586304, 0.0]",1,tweet_643_763904
2260,7723,"Feature_Vector: [1.0, 1.0, 0.0, 0.3388513922691345, 0.0]","Feature_Vector: [1.0, 1.0, 1.0, 0.709007740020752, 0.0]",1,tweet_7723_677100
6183,3136,"Feature_Vector: [1.0, 1.0, 0.0, 0.44742706418037415, 0.0]","Feature_Vector: [1.0, 1.0, 0.0, 0.3600333034992218, 0.0]",1,tweet_3136_514900
6433,5594,"Feature_Vector: [0.0, 0.0, 0.0, 0.43510133028030396, 0.0]","Feature_Vector: [1.0, 1.0, 0.0, 0.5511059165000916, 0.0]",1,tweet_5594_523819
2326,4258,"Feature_Vector: [1.0, 1.0, 0.0, 0.36479073762893677, 0.0]","Feature_Vector: [1.0, 1.0, 0.0, 0.19725720584392548, 0.0]",2,tweet_4258_1287192
1854,4953,"Feature_Vector: [1.0, 1.0, 0.0, 0.3913171887397766, 1.0]","Feature_Vector: [1.0, 1.0, 0.0, 0.4879035949707031, 0.0]",1,tweet_4953_51471
5164,10159,"Feature_Vector: [1.0, 0.0, 0.0, 0.438764363527298, 0.0]","Feature_Vector: [1.0, 1.0, 0.0, 0.20810995995998383, 0.0]",2,tweet_10159_1175831
7087,7087,"Feature_Vector: [1.0, 1.0, 1.0, 0.6930900812149048, 0.0]","Feature_Vector: [1.0, 1.0, 1.0, 0.6930900812149048, 0.0]",1,tweet_7087_902603
3380,996,"Feature_Vector: [1.0, 1.0, 0.0, 0.39065542817115784, 0.0]","Feature_Vector: [0.0, 0.0, 0.0, 0.45058178901672363, 0.0]",1,tweet_996_413872
162,162,"Feature_Vector: [1.0, 1.0, 0.0, 0.3626447319984436, 0.0]","Feature_Vector: [1.0, 1.0, 0.0, 0.3626447319984436, 0.0]",1,tweet_162_972828
2367,2367,"Feature_Vector: [1.0, 1.0, 0.0, 0.5344723463058472, 0.0]","Feature_Vector: [1.0, 1.0, 0.0, 0.5344723463058472, 0.0]",1,tweet_2367_801911
4318,8899,"Feature_Vector: [1.0, 1.0, 0.0, 0.33496904373168945, 0.0]","Feature_Vector: [1.0, 1.0, 0.0, 0.24281595647335052, 0.0]",3,tweet_8899_1157858
4120,541,"Feature_Vector: [1.0, 1.0, 0.0, 0.37746718525886536, 0.0]","Feature_Vector: [0.0, 0.0, 0.0, 0.4258257746696472, 0.0]",1,tweet_541_437778
2536,4879,"Feature_Vector: [1.0, 1.0, 0.0, 0.17438268661499023, 0.0]","Feature_Vector: [1.0, 1.0, 0.0, 0.3458961844444275, 0.0]",3,tweet_4879_1118498
9471,3260,"Feature_Vector: [1.0, 0.0, 0.0, 0.38704773783683777, 0.0]","Feature_Vector: [1.0, 1.0, 0.0, 0.4006910026073456, 0.0]",1,tweet_3260_627168
5005,4488,"Feature_Vector: [1.0, 1.0, 0.0, 0.4694021940231323, 0.0]","Feature_Vector: [1.0, 1.0, 0.0, 0.41960689425468445, 0.0]",1,tweet_4488_141681
4757,7838,"Feature_Vector: [1.0, 0.0, 0.0, 0.31349119544029236, 0.0]","Feature_Vector: [0.0, 0.0, 1.0, 0.5069748163223267, 0.0]",3,tweet_7838_1167906
7016,4217,"Feature_Vector: [1.0, 1.0, 0.0, 0.38798606395721436, 0.0]","Feature_Vector: [1.0, 1.0, 0.0, 0.4209521412849426, 0.0]",1,tweet_4217_543067
1718,2712,"Feature_Vector: [1.0, 1.0, 0.0, 0.2728412449359894, 0.0]","Feature_Vector: [1.0, 1.0, 0.0, 0.28525060415267944, 0.0]",3,tweet_2712_1098046
1133,8104,"Feature_Vector: [1.0, 1.0, 0.0, 0.35709431767463684, 0.0]","Feature_Vector: [1.0, 1.0, 0.0, 0.5237593054771423, 0.0]",1,tweet_8104_28915
1833,6365,"Feature_Vector: [1.0, 1.0, 0.0, 0.3619108498096466, 0.0]","Feature_Vector: [1.0, 1.0, 0.0, 0.3800693154335022, 0.0]",3,tweet_6365_1101976
6441,10154,"Feature_Vector: [1.0, 1.0, 0.0, 0.18159447610378265, 0.0]","Feature_Vector: [1.0, 1.0, 0.0, 0.2159947007894516, 0.0]",2,tweet_10154_1361388
9902,5850,"Feature_Vector: [1.0, 1.0, 0.0, 0.4552888870239258, 0.0]","Feature_Vector: [1.0, 1.0, 0.0, 0.4323084354400635, 0.0]",1,tweet_5850_646506
5943,10010,"Feature_Vector: [1.0, 1.0, 0.0, 0.24127022922039032, 0.0]","Feature_Vector: [1.0, 1.0, 0.0, 0.14018723368644714, 0.0]",2,tweet_10010_1354778
1854,5607,"Feature_Vector: [1.0, 1.0, 0.0, 0.3913171887397766, 1.0]","Feature_Vector: [1.0, 1.0, 0.0, 0.41497212648391724, 0.0]",3,tweet_5607_1102427
1356,1356,"Feature_Vector: [1.0, 1.0, 0.0, 0.2121899574995041, 0.0]","Feature_Vector: [1.0, 1.0, 0.0, 0.2121899574995041, 0.0]",1,tweet_1356_983162
433,328,"Feature_Vector: [1.0, 1.0, 0.0, 0.22069871425628662, 0.0]","Feature_Vector: [1.0, 0.0, 1.0, 0.6683395504951477, 0.0]",1,tweet_328_302718
2805,9655,"Feature_Vector: [1.0, 1.0, 0.0, 0.19894136488437653, 0.0]","Feature_Vector: [1.0, 1.0, 0.0, 0.35378092527389526, 0.0]",1,tweet_9655_77353
3529,8721,"Feature_Vector: [1.0, 1.0, 0.0, 0.4416675567626953, 0.0]","Feature_Vector: [1.0, 1.0, 0.0, 0.43620067834854126, 0.0]",4,tweet_8721_1140809
6140,9035,"Feature_Vector: [1.0, 1.0, 0.0, 0.039104241877794266, 0.0]","Feature_Vector: [1.0, 1.0, 0.0, 0.1299014687538147, 0.0]",2,tweet_9035_1190076
8186,8186,"Feature_Vector: [1.0, 0.0, 1.0, 0.5432462096214294, 0.0]","Feature_Vector: [1.0, 0.0, 1.0, 0.5432462096214294, 0.0]",1,tweet_8186_925731
1191,9505,"Feature_Vector: [1.0, 1.0, 0.0, 0.38936492800712585, 0.0]","Feature_Vector: [0.0, 0.0, 0.0, 0.38692933320999146, 0.0]",3,tweet_9505_1081821
389,9065,"Feature_Vector: [1.0, 1.0, 0.0, 0.37392422556877136, 0.0]","Feature_Vector: [1.0, 1.0, 0.0, 0.3630985915660858, 0.0]",1,tweet_9065_301008
572,7201,"Feature_Vector: [1.0, 1.0, 0.0, 0.3800693154335022, 0.0]","Feature_Vector: [1.0, 1.0, 0.0, 0.2991885542869568, 0.0]",1,tweet_7201_14724
1544,7059,"Feature_Vector: [1.0, 0.0, 0.0, 0.6347990036010742, 0.0]","Feature_Vector: [1.0, 1.0, 0.0, 0.5104306936264038, 0.0]",1,tweet_7059_779042
7966,8530,"Feature_Vector: [1.0, 1.0, 0.0, 0.30679193139076233, 0.0]","Feature_Vector: [1.0, 1.0, 0.0, 0.3493451774120331, 0.0]",3,tweet_8530_1207986
6215,6671,"Feature_Vector: [1.0, 0.0, 0.0, 0.30703669786453247, 0.0]","Feature_Vector: [1.0, 1.0, 0.0, 0.33159536123275757, 0.0]",2,tweet_6671_1358148
3956,1219,"Feature_Vector: [1.0, 1.0, 0.0, 0.3400883078575134, 0.0]","Feature_Vector: [1.0, 1.0, 0.0, 0.33643826842308044, 0.0]",1,tweet_1219_431573
9821,9821,"Feature_Vector: [1.0, 1.0, 0.0, 0.4251977801322937, 0.0]","Feature_Vector: [1.0, 1.0, 0.0, 0.4251977801322937, 0.0]",1,tweet_9821_750516
9290,9290,"Feature_Vector: [0.0, 0.0, 0.0, 0.5341506600379944, 0.0]","Feature_Vector: [0.0, 0.0, 0.0, 0.5341506600379944, 0.0]",1,tweet_9290_946040
595,7714,"Feature_Vector: [1.0, 1.0, 0.0, 0.3755425214767456, 0.0]","Feature_Vector: [1.0, 1.0, 0.0, 0.48234423995018005, 0.0]",3,tweet_7714_1065869
6243,1938,"Feature_Vector: [0.0, 0.0, 0.0, 0.4288368821144104, 0.0]","Feature_Vector: [1.0, 1.0, 0.0, 0.495007187128067, 0.0]",1,tweet_1938_716990
3150,6893,"Feature_Vector: [1.0, 0.0, 0.0, 0.41525977849960327, 0.0]","Feature_Vector: [0.0, 0.0, 1.0, 0.4468768835067749, 0.0]",1,tweet_6893_87473
5510,5944,"Feature_Vector: [1.0, 1.0, 0.0, 0.3944106996059418, 0.0]","Feature_Vector: [1.0, 1.0, 1.0, 0.6163211464881897, 0.0]",1,tweet_5944_869093
4856,394,"Feature_Vector: [1.0, 1.0, 0.0, 0.32681572437286377, 0.0]","Feature_Vector: [1.0, 1.0, 0.0, 0.3666037917137146, 0.0]",1,tweet_394_135557
7243,7243,"Feature_Vector: [1.0, 1.0, 0.0, 0.5445482134819031, 0.0]","Feature_Vector: [1.0, 1.0, 0.0, 0.5445482134819031, 0.0]",1,tweet_7243_906664
3367,4230,"Feature_Vector: [1.0, 1.0, 0.0, 0.40952661633491516, 0.0]","Feature_Vector: [1.0, 1.0, 0.0, 0.44920361042022705, 0.0]",2,tweet_4230_1136614
5614,513,"Feature_Vector: [1.0, 1.0, 0.0, 0.32064196467399597, 0.0]","Feature_Vector: [1.0, 1.0, 0.0, 0.34864869713783264, 0.0]",1,tweet_513_492252
704,9996,"Feature_Vector: [1.0, 1.0, 0.0, 0.5519071817398071, 0.0]","Feature_Vector: [1.0, 1.0, 0.0, 0.41062745451927185, 0.0]",1,tweet_9996_17386
855,6220,"Feature_Vector: [1.0, 1.0, 0.0, 0.310125470161438, 0.0]","Feature_Vector: [1.0, 1.0, 0.0, 0.3545225262641907, 0.0]",3,tweet_6220_1072403
1759,1655,"Feature_Vector: [1.0, 1.0, 0.0, 0.4628397524356842, 0.0]","Feature_Vector: [1.0, 1.0, 0.0, 0.32715868949890137, 0.0]",1,tweet_1655_351927
4996,10059,"Feature_Vector: [1.0, 1.0, 0.0, 0.32506898045539856, 0.0]","Feature_Vector: [1.0, 0.0, 1.0, 0.5017430186271667, 0.0]",1,tweet_10059_704730
8773,8773,"Feature_Vector: [0.0, 0.0, 0.0, 0.4293420910835266, 0.0]","Feature_Vector: [0.0, 0.0, 0.0, 0.4293420910835266, 0.0]",1,tweet_8773_935903
7460,2180,"Feature_Vector: [1.0, 1.0, 0.0, 0.32102444767951965, 0.0]","Feature_Vector: [1.0, 0.0, 1.0, 0.8602653741836548, 0.0]",1,tweet_2180_558154
9525,9525,"Feature_Vector: [1.0, 1.0, 1.0, 0.5232909321784973, 0.0]","Feature_Vector: [1.0, 1.0, 1.0, 0.5232909321784973, 0.0]",1,tweet_9525_1041446
8010,7207,"Feature_Vector: [1.0, 1.0, 0.0, 0.4665279686450958, 0.0]","Feature_Vector: [0.0, 0.0, 0.0, 0.508985161781311, 0.0]",1,tweet_7207_576650
8099,3487,"Feature_Vector: [1.0, 1.0, 0.0, 0.35127314925193787, 0.0]","Feature_Vector: [1.0, 1.0, 1.0, 0.6530749797821045, 0.0]",1,tweet_3487_578786
6635,287,"Feature_Vector: [1.0, 1.0, 0.0, 0.327669233083725, 0.0]","Feature_Vector: [1.0, 1.0, 0.0, 0.34022408723831177, 0.0]",1,tweet_287_531382
3893,4033,"Feature_Vector: [0.0, 0.0, 0.0, 0.1173127219080925, 0.0]","Feature_Vector: [1.0, 0.0, 1.0, 0.7227817177772522, 0.0]",1,tweet_4033_429498
9146,2027,"Feature_Vector: [1.0, 1.0, 0.0, 0.23886920511722565, 0.0]","Feature_Vector: [1.0, 1.0, 0.0, 0.5355797410011292, 0.0]",1,tweet_2027_615197
2620,2620,"Feature_Vector: [1.0, 0.0, 1.0, 0.5949562788009644, 0.0]","Feature_Vector: [1.0, 0.0, 1.0, 0.5949562788009644, 0.0]",1,tweet_2620_806002
8195,8309,"Feature_Vector: [1.0, 1.0, 0.0, 0.039104241877794266, 0.0]","Feature_Vector: [1.0, 1.0, 0.0, 0.16306175291538239, 0.0]",3,tweet_8309_1209252
8955,4699,"Feature_Vector: [1.0, 1.0, 0.0, 0.2811526358127594, 0.0]","Feature_Vector: [1.0, 1.0, 0.0, 0.3331539034843445, 0.0]",1,tweet_4699_248800
7396,7396,"Feature_Vector: [0.0, 0.0, 0.0, 0.4500423073768616, 0.0]","Feature_Vector: [0.0, 0.0, 0.0, 0.4500423073768616, 0.0]",1,tweet_7396_909721
8942,9881,"Feature_Vector: [1.0, 1.0, 0.0, 0.28560879826545715, 0.0]","Feature_Vector: [1.0, 1.0, 0.0, 0.32399436831474304, 0.0]",1,tweet_9881_609199
7466,4625,"Feature_Vector: [1.0, 1.0, 0.0, 0.3676142394542694, 0.0]","Feature_Vector: [1.0, 1.0, 0.0, 0.3686888515949249, 0.0]",1,tweet_4625_558785
5322,207,"Feature_Vector: [0.0, 0.0, 0.0, 0.29511559009552, 0.0]","Feature_Vector: [1.0, 1.0, 0.0, 0.4941190183162689, 0.0]",1,tweet_207_483976
8819,9787,"Feature_Vector: [1.0, 1.0, 0.0, 0.4119359254837036, 0.0]","Feature_Vector: [1.0, 1.0, 0.0, 0.3908768892288208, 0.0]",1,tweet_9787_740843
7150,5248,"Feature_Vector: [1.0, 1.0, 0.0, 0.29105064272880554, 0.0]","Feature_Vector: [1.0, 1.0, 0.0, 0.40296614170074463, 0.0]",1,tweet_5248_200754
483,8662,"Feature_Vector: [1.0, 1.0, 0.0, 0.3991852402687073, 0.0]","Feature_Vector: [1.0, 1.0, 0.0, 0.3907662630081177, 0.0]",1,tweet_8662_304370
3741,1222,"Feature_Vector: [1.0, 0.0, 1.0, 0.6468080878257751, 0.0]","Feature_Vector: [1.0, 1.0, 0.0, 0.16900572180747986, 0.0]",1,tweet_1222_104872
2142,2218,"Feature_Vector: [1.0, 1.0, 0.0, 0.3314371109008789, 0.0]","Feature_Vector: [1.0, 1.0, 0.0, 0.3280070424079895, 0.0]",1,tweet_2218_364622
349,3969,"Feature_Vector: [1.0, 0.0, 0.0, 0.4486308693885803, 0.0]","Feature_Vector: [1.0, 1.0, 0.0, 0.2404811978340149, 1.0]",3,tweet_3969_1228643
6813,9361,"Feature_Vector: [1.0, 1.0, 0.0, 0.3311192989349365, 0.0]","Feature_Vector: [1.0, 1.0, 0.0, 0.13527844846248627, 0.0]",3,tweet_9361_1197983
5985,5985,"Feature_Vector: [1.0, 1.0, 0.0, 0.5068618059158325, 0.0]","Feature_Vector: [1.0, 1.0, 0.0, 0.5068618059158325, 0.0]",1,tweet_5985_883276
9186,6303,"Feature_Vector: [1.0, 1.0, 0.0, 0.3712500035762787, 0.0]","Feature_Vector: [1.0, 1.0, 0.0, 0.45841148495674133, 0.0]",1,tweet_6303_254396
2614,5019,"Feature_Vector: [1.0, 1.0, 0.0, 0.3776770234107971, 0.0]","Feature_Vector: [1.0, 1.0, 0.0, 0.2328343242406845, 1.0]",1,tweet_5019_73364
3730,2638,"Feature_Vector: [1.0, 1.0, 0.0, 0.2807649075984955, 0.0]","Feature_Vector: [1.0, 1.0, 0.0, 0.4045058488845825, 0.0]",1,tweet_2638_1002660
6265,9716,"Feature_Vector: [1.0, 0.0, 0.0, 0.3630081117153168, 0.0]","Feature_Vector: [1.0, 1.0, 0.0, 0.24432046711444855, 0.0]",3,tweet_9716_1359078
6199,2006,"Feature_Vector: [1.0, 1.0, 0.0, 0.35335269570350647, 0.0]","Feature_Vector: [1.0, 1.0, 0.0, 0.5827939510345459, 0.0]",1,tweet_2006_886638
8233,4930,"Feature_Vector: [1.0, 1.0, 0.0, 0.425077348947525, 0.0]","Feature_Vector: [1.0, 1.0, 0.0, 0.4266816973686218, 0.0]",1,tweet_4930_229273
10105,123,"Feature_Vector: [1.0, 1.0, 0.0, 0.31172114610671997, 0.0]","Feature_Vector: [1.0, 1.0, 0.0, 0.35182785987854004, 0.0]",1,tweet_123_283769
272,6710,"Feature_Vector: [1.0, 1.0, 0.0, 0.5056105256080627, 0.0]","Feature_Vector: [1.0, 1.0, 0.0, 0.4343392848968506, 0.0]",1,tweet_6710_298670
6635,4147,"Feature_Vector: [1.0, 1.0, 0.0, 0.327669233083725, 0.0]","Feature_Vector: [1.0, 1.0, 0.0, 0.32982972264289856, 0.0]",1,tweet_4147_186971
3820,8006,"Feature_Vector: [1.0, 1.0, 1.0, 0.5129745006561279, 0.0]","Feature_Vector: [0.0, 0.0, 0.0, 0.6295527815818787, 0.0]",1,tweet_8006_428163
2155,9816,"Feature_Vector: [1.0, 1.0, 0.0, 0.3578931391239166, 0.0]","Feature_Vector: [1.0, 1.0, 0.0, 0.47644394636154175, 0.0]",3,tweet_9816_1108028
814,8974,"Feature_Vector: [1.0, 1.0, 0.0, 0.30895739793777466, 0.0]","Feature_Vector: [1.0, 1.0, 0.0, 0.39420270919799805, 0.0]",1,tweet_8974_20571
7018,2414,"Feature_Vector: [1.0, 1.0, 0.0, 0.3744441866874695, 0.0]","Feature_Vector: [1.0, 1.0, 0.0, 0.38456952571868896, 0.0]",1,tweet_2414_196883
2907,4120,"Feature_Vector: [1.0, 1.0, 0.0, 0.43354088068008423, 0.0]","Feature_Vector: [1.0, 1.0, 0.0, 0.37746718525886536, 0.0]",1,tweet_4120_79678
5322,5322,"Feature_Vector: [0.0, 0.0, 0.0, 0.29511559009552, 0.0]","Feature_Vector: [0.0, 0.0, 0.0, 0.29511559009552, 0.0]",1,tweet_5322_1013577
9122,9122,"Feature_Vector: [1.0, 0.0, 0.0, 0.3032490015029907, 0.0]","Feature_Vector: [1.0, 0.0, 0.0, 0.3032490015029907, 0.0]",1,tweet_9122_743324
10004,246,"Feature_Vector: [1.0, 1.0, 0.0, 0.3395419120788574, 0.0]","Feature_Vector: [1.0, 1.0, 0.0, 0.387342631816864, 0.0]",1,tweet_246_281216
2302,2302,"Feature_Vector: [1.0, 1.0, 0.0, 0.5559972524642944, 0.0]","Feature_Vector: [1.0, 1.0, 0.0, 0.5559972524642944, 0.0]",1,tweet_2302_799827
8134,2300,"Feature_Vector: [0.0, 0.0, 0.0, 0.27055689692497253, 0.0]","Feature_Vector: [1.0, 1.0, 0.0, 0.5672848224639893, 0.0]",1,tweet_2300_580655
4673,7994,"Feature_Vector: [1.0, 1.0, 0.0, 0.31947872042655945, 0.0]","Feature_Vector: [0.0, 0.0, 0.0, 0.447020024061203, 0.0]",1,tweet_7994_458653
1370,7765,"Feature_Vector: [1.0, 1.0, 0.0, 0.3899296522140503, 0.0]","Feature_Vector: [1.0, 1.0, 0.0, 0.4269738495349884, 0.0]",1,tweet_7765_35143
3030,8196,"Feature_Vector: [1.0, 1.0, 0.0, 0.2887341380119324, 0.0]","Feature_Vector: [1.0, 1.0, 0.0, 0.440073162317276, 0.0]",1,tweet_8196_995881
8781,9744,"Feature_Vector: [1.0, 1.0, 0.0, 0.37187254428863525, 0.0]","Feature_Vector: [1.0, 1.0, 0.0, 0.45268961787223816, 0.0]",4,tweet_9744_1212866
3180,3290,"Feature_Vector: [0.0, 0.0, 0.0, 0.26092013716697693, 0.0]","Feature_Vector: [1.0, 0.0, 0.0, 0.4445568025112152, 0.0]",2,tweet_3290_1305177
9765,5915,"Feature_Vector: [1.0, 1.0, 0.0, 0.3954392671585083, 0.0]","Feature_Vector: [1.0, 1.0, 0.0, 0.3362930715084076, 0.0]",1,tweet_5915_272462
2598,7764,"Feature_Vector: [1.0, 1.0, 0.0, 0.4133261740207672, 0.0]","Feature_Vector: [1.0, 1.0, 0.0, 0.4161846339702606, 0.0]",2,tweet_7764_1293040
7693,4476,"Feature_Vector: [0.0, 0.0, 0.0, 0.35441717505455017, 0.0]","Feature_Vector: [0.0, 0.0, 1.0, 0.7977245450019836, 0.0]",1,tweet_4476_215156
8236,8973,"Feature_Vector: [1.0, 1.0, 0.0, 0.3590705692768097, 0.0]","Feature_Vector: [1.0, 1.0, 0.0, 0.3248912990093231, 0.0]",1,tweet_8973_585044
5241,5241,"Feature_Vector: [0.0, 0.0, 0.0, 0.5940559506416321, 0.0]","Feature_Vector: [0.0, 0.0, 0.0, 0.5940559506416321, 0.0]",1,tweet_5241_863229
4977,1914,"Feature_Vector: [1.0, 1.0, 0.0, 0.5614250302314758, 0.0]","Feature_Vector: [0.0, 0.0, 1.0, 0.7615982294082642, 0.0]",1,tweet_1914_470999
7701,558,"Feature_Vector: [1.0, 1.0, 0.0, 0.37347468733787537, 0.0]","Feature_Vector: [1.0, 1.0, 0.0, 0.473571240901947, 0.0]",1,tweet_558_565762
5491,3632,"Feature_Vector: [1.0, 1.0, 0.0, 0.30703669786453247, 0.0]","Feature_Vector: [1.0, 0.0, 1.0, 1.0, 0.0]",1,tweet_3632_709461
4665,5705,"Feature_Vector: [1.0, 1.0, 0.0, 0.37225815653800964, 0.0]","Feature_Vector: [1.0, 1.0, 0.0, 0.44831234216690063, 0.0]",1,tweet_5705_1008469
9860,4217,"Feature_Vector: [1.0, 1.0, 0.0, 0.4088074266910553, 0.0]","Feature_Vector: [1.0, 1.0, 0.0, 0.4209521412849426, 0.0]",1,tweet_4217_644728
8009,9980,"Feature_Vector: [1.0, 0.0, 0.0, 0.3380114436149597, 0.0]","Feature_Vector: [0.0, 0.0, 0.0, 0.4813971519470215, 0.0]",2,tweet_9980_1377592
2161,3527,"Feature_Vector: [1.0, 1.0, 0.0, 0.3854280412197113, 0.0]","Feature_Vector: [1.0, 1.0, 0.0, 0.45504137873649597, 0.0]",1,tweet_3527_58853
2158,3663,"Feature_Vector: [1.0, 1.0, 0.0, 0.38463127613067627, 0.0]","Feature_Vector: [1.0, 1.0, 0.0, 0.3789200186729431, 0.0]",1,tweet_3663_58704
7006,2332,"Feature_Vector: [1.0, 0.0, 1.0, 0.5962151288986206, 0.0]","Feature_Vector: [1.0, 1.0, 1.0, 0.6547492742538452, 0.0]",1,tweet_2332_1024753
9500,6903,"Feature_Vector: [1.0, 1.0, 0.0, 0.49002063274383545, 0.0]","Feature_Vector: [1.0, 1.0, 0.0, 0.5009790658950806, 0.0]",1,tweet_6903_746883
7178,2619,"Feature_Vector: [1.0, 0.0, 0.0, 0.49253708124160767, 0.0]","Feature_Vector: [1.0, 0.0, 1.0, 0.7432684302330017, 0.0]",1,tweet_2619_726100
855,2874,"Feature_Vector: [1.0, 1.0, 0.0, 0.310125470161438, 0.0]","Feature_Vector: [1.0, 1.0, 0.0, 0.31349119544029236, 0.0]",3,tweet_2874_1072269
3639,4457,"Feature_Vector: [1.0, 1.0, 0.0, 0.3891374468803406, 0.0]","Feature_Vector: [1.0, 1.0, 0.0, 0.4762009084224701, 0.0]",1,tweet_4457_421484
8196,1914,"Feature_Vector: [1.0, 1.0, 0.0, 0.440073162317276, 0.0]","Feature_Vector: [0.0, 0.0, 1.0, 0.7615982294082642, 0.0]",1,tweet_1914_735026
1135,1135,"Feature_Vector: [1.0, 1.0, 0.0, 0.3946179151535034, 0.0]","Feature_Vector: [1.0, 1.0, 0.0, 0.3946179151535034, 0.0]",1,tweet_1135_771564
2267,8259,"Feature_Vector: [1.0, 1.0, 0.0, 0.410976767539978, 0.0]","Feature_Vector: [1.0, 1.0, 0.0, 0.3863934576511383, 0.0]",3,tweet_8259_1110932
1509,8109,"Feature_Vector: [0.0, 0.0, 0.0, 0.3200633227825165, 0.0]","Feature_Vector: [1.0, 1.0, 0.0, 0.07820848375558853, 0.0]",2,tweet_8109_1265517
483,1562,"Feature_Vector: [1.0, 1.0, 0.0, 0.3991852402687073, 0.0]","Feature_Vector: [1.0, 1.0, 0.0, 0.40008413791656494, 0.0]",3,tweet_1562_1061105
6606,4613,"Feature_Vector: [1.0, 1.0, 0.0, 0.1792914718389511, 0.0]","Feature_Vector: [1.0, 0.0, 1.0, 0.5344810485839844, 0.0]",1,tweet_4613_530197
3078,2506,"Feature_Vector: [1.0, 1.0, 0.0, 0.3563859760761261, 0.0]","Feature_Vector: [1.0, 1.0, 0.0, 0.4134003520011902, 0.0]",1,tweet_2506_85522
2822,7162,"Feature_Vector: [1.0, 1.0, 0.0, 0.3761913776397705, 0.0]","Feature_Vector: [1.0, 1.0, 0.0, 0.29511559009552, 0.0]",1,tweet_7162_390945
9906,8674,"Feature_Vector: [1.0, 1.0, 0.0, 0.39508140087127686, 0.0]","Feature_Vector: [1.0, 1.0, 0.0, 0.3706205487251282, 0.0]",1,tweet_8674_646943
7198,8558,"Feature_Vector: [0.0, 0.0, 0.0, 0.4173370897769928, 0.0]","Feature_Vector: [1.0, 1.0, 0.0, 0.4560597836971283, 0.0]",2,tweet_8558_1370285
8543,7426,"Feature_Vector: [1.0, 1.0, 0.0, 0.3542058765888214, 0.0]","Feature_Vector: [1.0, 1.0, 0.0, 0.3460186719894409, 0.0]",1,tweet_7426_235775
5252,5252,"Feature_Vector: [0.0, 0.0, 1.0, 0.5689771175384521, 0.0]","Feature_Vector: [0.0, 0.0, 1.0, 0.5689771175384521, 0.0]",1,tweet_5252_863893
4847,7325,"Feature_Vector: [1.0, 1.0, 0.0, 0.2980545461177826, 0.0]","Feature_Vector: [1.0, 1.0, 0.0, 0.4393056035041809, 0.0]",3,tweet_7325_1169999
901,6149,"Feature_Vector: [1.0, 1.0, 0.0, 0.48563191294670105, 0.0]","Feature_Vector: [1.0, 1.0, 0.0, 0.3262973427772522, 0.0]",1,tweet_6149_318306
8893,2669,"Feature_Vector: [1.0, 1.0, 0.0, 0.2880544364452362, 0.0]","Feature_Vector: [1.0, 1.0, 0.0, 0.4126541018486023, 0.0]",1,tweet_2669_607201
2911,7176,"Feature_Vector: [1.0, 1.0, 0.0, 0.3011198341846466, 0.0]","Feature_Vector: [0.0, 0.0, 0.0, 0.4200039505958557, 0.0]",1,tweet_7176_394065
9705,4579,"Feature_Vector: [1.0, 0.0, 1.0, 0.6045005321502686, 0.0]","Feature_Vector: [1.0, 1.0, 0.0, 0.42298993468284607, 0.0]",1,tweet_4579_638097
2090,8082,"Feature_Vector: [1.0, 1.0, 0.0, 0.42917418479919434, 0.0]","Feature_Vector: [1.0, 1.0, 0.0, 0.3555653691291809, 0.0]",1,tweet_8082_56252
392,2678,"Feature_Vector: [1.0, 1.0, 0.0, 0.3141409158706665, 0.0]","Feature_Vector: [1.0, 1.0, 0.0, 0.310125470161438, 0.0]",1,tweet_2678_9591
4896,5252,"Feature_Vector: [1.0, 1.0, 0.0, 0.43439042568206787, 0.0]","Feature_Vector: [0.0, 0.0, 1.0, 0.5689771175384521, 0.0]",1,tweet_5252_856808
7835,1811,"Feature_Vector: [1.0, 1.0, 0.0, 0.31908556818962097, 0.0]","Feature_Vector: [1.0, 1.0, 0.0, 0.39694780111312866, 0.0]",1,tweet_1811_219255
3556,10014,"Feature_Vector: [1.0, 1.0, 0.0, 0.3516066372394562, 0.0]","Feature_Vector: [1.0, 1.0, 0.0, 0.5324827432632446, 0.0]",1,tweet_10014_99223
4088,9093,"Feature_Vector: [0.0, 0.0, 1.0, 0.4525601863861084, 0.0]","Feature_Vector: [0.0, 0.0, 1.0, 0.6107865571975708, 0.0]",1,tweet_9093_695542
9953,9953,"Feature_Vector: [1.0, 1.0, 0.0, 0.13527844846248627, 0.0]","Feature_Vector: [1.0, 1.0, 0.0, 0.13527844846248627, 0.0]",1,tweet_9953_962588
9867,1771,"Feature_Vector: [1.0, 1.0, 0.0, 0.29264894127845764, 0.0]","Feature_Vector: [1.0, 1.0, 0.0, 0.34710946679115295, 0.0]",1,tweet_1771_645066
9282,8660,"Feature_Vector: [1.0, 1.0, 0.0, 0.35441717505455017, 0.0]","Feature_Vector: [1.0, 1.0, 0.0, 0.5584698915481567, 0.0]",1,tweet_8660_744521
9785,8540,"Feature_Vector: [1.0, 1.0, 0.0, 0.3590705692768097, 0.0]","Feature_Vector: [1.0, 1.0, 1.0, 0.6127685308456421, 0.0]",1,tweet_8540_1043498
7845,2865,"Feature_Vector: [1.0, 1.0, 0.0, 0.5020750164985657, 0.0]","Feature_Vector: [1.0, 1.0, 0.0, 0.21720798313617706, 0.0]",1,tweet_2865_219552
571,1896,"Feature_Vector: [1.0, 1.0, 0.0, 0.29233288764953613, 1.0]","Feature_Vector: [1.0, 1.0, 0.0, 0.2681761384010315, 0.0]",3,tweet_1896_1065148
9805,9531,"Feature_Vector: [1.0, 1.0, 0.0, 0.39644941687583923, 0.0]","Feature_Vector: [1.0, 1.0, 0.0, 0.2741687297821045, 1.0]",1,tweet_9531_642859
5845,9544,"Feature_Vector: [1.0, 1.0, 0.0, 0.3346705436706543, 0.0]","Feature_Vector: [1.0, 1.0, 0.0, 0.29105064272880554, 0.0]",1,tweet_9544_162419
4073,9424,"Feature_Vector: [1.0, 0.0, 0.0, 0.3186896741390228, 0.0]","Feature_Vector: [1.0, 1.0, 0.0, 0.3826846480369568, 0.0]",1,tweet_9424_112513
1340,1830,"Feature_Vector: [1.0, 1.0, 0.0, 0.3178894519805908, 0.0]","Feature_Vector: [1.0, 1.0, 0.0, 0.3219694495201111, 0.0]",1,tweet_1830_333741
1525,652,"Feature_Vector: [0.0, 0.0, 0.0, 0.5500404238700867, 0.0]","Feature_Vector: [1.0, 0.0, 1.0, 0.6229747533798218, 0.0]",1,tweet_652_984268
4879,4996,"Feature_Vector: [1.0, 1.0, 0.0, 0.3458961844444275, 0.0]","Feature_Vector: [1.0, 1.0, 0.0, 0.32506898045539856, 0.0]",3,tweet_4996_1170861
7627,9751,"Feature_Vector: [1.0, 1.0, 0.0, 0.22398598492145538, 0.0]","Feature_Vector: [1.0, 1.0, 0.0, 0.28452733159065247, 0.0]",2,tweet_9751_1374424
5215,8662,"Feature_Vector: [1.0, 1.0, 0.0, 0.3679471015930176, 1.0]","Feature_Vector: [1.0, 1.0, 0.0, 0.3907662630081177, 0.0]",4,tweet_8662_1177324
2611,8271,"Feature_Vector: [1.0, 1.0, 0.0, 0.3750326335430145, 0.0]","Feature_Vector: [1.0, 1.0, 0.0, 0.33758673071861267, 0.0]",1,tweet_8271_72980
443,661,"Feature_Vector: [1.0, 0.0, 0.0, 0.44474852085113525, 0.0]","Feature_Vector: [1.0, 1.0, 0.0, 0.4059200584888458, 0.0]",2,tweet_661_1231758
406,5697,"Feature_Vector: [1.0, 1.0, 0.0, 0.3795989155769348, 0.0]","Feature_Vector: [1.0, 0.0, 1.0, 0.4785618484020233, 0.0]",3,tweet_5697_1230640
3011,7576,"Feature_Vector: [0.0, 0.0, 0.0, 0.4439130425453186, 0.0]","Feature_Vector: [1.0, 0.0, 0.0, 0.3465060889720917, 0.0]",1,tweet_7576_398419
71,3043,"Feature_Vector: [1.0, 1.0, 0.0, 0.4056655466556549, 0.0]","Feature_Vector: [1.0, 1.0, 0.0, 0.47009843587875366, 0.0]",3,tweet_3043_1049461
6666,4807,"Feature_Vector: [1.0, 1.0, 0.0, 0.4401654899120331, 0.0]","Feature_Vector: [1.0, 1.0, 0.0, 0.296604186296463, 0.0]",1,tweet_4807_187620
8422,955,"Feature_Vector: [1.0, 1.0, 0.0, 0.3706205487251282, 0.0]","Feature_Vector: [1.0, 1.0, 0.0, 0.2880544364452362, 1.0]",1,tweet_955_233030
1539,3962,"Feature_Vector: [1.0, 1.0, 0.0, 0.3626447319984436, 0.0]","Feature_Vector: [1.0, 0.0, 1.0, 0.5622205138206482, 0.0]",1,tweet_3962_984345
1568,2402,"Feature_Vector: [1.0, 1.0, 0.0, 0.429759681224823, 0.0]","Feature_Vector: [0.0, 0.0, 0.0, 0.38300320506095886, 0.0]",2,tweet_2402_1267005
6903,9547,"Feature_Vector: [1.0, 1.0, 0.0, 0.5009790658950806, 0.0]","Feature_Vector: [1.0, 1.0, 0.0, 0.3969973921775818, 0.0]",1,tweet_9547_538911
3475,6026,"Feature_Vector: [1.0, 1.0, 0.0, 0.32783839106559753, 0.0]","Feature_Vector: [1.0, 1.0, 0.0, 0.2957157492637634, 0.0]",3,tweet_6026_1139431
1438,7348,"Feature_Vector: [1.0, 1.0, 0.0, 0.32867667078971863, 0.0]","Feature_Vector: [1.0, 1.0, 0.0, 0.3711717128753662, 0.0]",1,tweet_7348_337676
2397,5934,"Feature_Vector: [1.0, 1.0, 0.0, 0.30605122447013855, 0.0]","Feature_Vector: [1.0, 0.0, 0.0, 0.4133632779121399, 0.0]",3,tweet_5934_1115224
819,2470,"Feature_Vector: [1.0, 1.0, 0.0, 0.40296614170074463, 0.0]","Feature_Vector: [1.0, 1.0, 0.0, 0.4678705930709839, 0.0]",1,tweet_2470_315305
2880,4670,"Feature_Vector: [1.0, 1.0, 0.0, 0.3704620599746704, 0.0]","Feature_Vector: [0.0, 0.0, 1.0, 0.5267648696899414, 0.0]",1,tweet_4670_682879
6976,3487,"Feature_Vector: [1.0, 1.0, 0.0, 0.44685637950897217, 0.0]","Feature_Vector: [1.0, 1.0, 1.0, 0.6530749797821045, 0.0]",1,tweet_3487_899614
6611,1759,"Feature_Vector: [1.0, 1.0, 0.0, 0.4385036826133728, 0.0]","Feature_Vector: [1.0, 1.0, 0.0, 0.4628397524356842, 0.0]",1,tweet_1759_530485
6767,4826,"Feature_Vector: [1.0, 1.0, 0.0, 0.36802998185157776, 0.0]","Feature_Vector: [1.0, 1.0, 0.0, 0.4472035765647888, 0.0]",1,tweet_4826_190112
8378,9053,"Feature_Vector: [1.0, 1.0, 0.0, 0.2980545461177826, 0.0]","Feature_Vector: [1.0, 1.0, 0.0, 0.3024599552154541, 0.0]",1,tweet_9053_588707
9953,9953,"Feature_Vector: [1.0, 1.0, 0.0, 0.13527844846248627, 0.0]","Feature_Vector: [1.0, 1.0, 0.0, 0.13527844846248627, 0.0]",1,tweet_9953_964232
1069,6260,"Feature_Vector: [0.0, 0.0, 0.0, 0.4027427136898041, 0.0]","Feature_Vector: [1.0, 1.0, 0.0, 0.3496902287006378, 0.0]",1,tweet_6260_323623
620,8309,"Feature_Vector: [0.0, 0.0, 0.0, 0.5059493184089661, 0.0]","Feature_Vector: [1.0, 1.0, 0.0, 0.16306175291538239, 0.0]",3,tweet_8309_1238264
6426,8867,"Feature_Vector: [1.0, 1.0, 0.0, 0.45854485034942627, 0.0]","Feature_Vector: [0.0, 0.0, 0.0, 0.6081048250198364, 0.0]",1,tweet_8867_181895
3087,3087,"Feature_Vector: [1.0, 1.0, 0.0, 0.37683290243148804, 0.0]","Feature_Vector: [1.0, 1.0, 0.0, 0.37683290243148804, 0.0]",1,tweet_3087_814636
8468,4869,"Feature_Vector: [1.0, 1.0, 0.0, 0.42223435640335083, 0.0]","Feature_Vector: [1.0, 1.0, 0.0, 0.41525977849960327, 0.0]",1,tweet_4869_737360
3327,1199,"Feature_Vector: [1.0, 1.0, 0.0, 0.5032330751419067, 0.0]","Feature_Vector: [1.0, 1.0, 0.0, 0.35346007347106934, 0.0]",1,tweet_1199_412296
5034,2893,"Feature_Vector: [1.0, 1.0, 0.0, 0.1792914718389511, 1.0]","Feature_Vector: [1.0, 1.0, 0.0, 0.6793380975723267, 0.0]",1,tweet_2893_473633
3290,8296,"Feature_Vector: [1.0, 0.0, 0.0, 0.4445568025112152, 0.0]","Feature_Vector: [1.0, 0.0, 1.0, 0.8148944973945618, 0.0]",1,tweet_8296_818663
4076,7951,"Feature_Vector: [1.0, 1.0, 0.0, 0.27008870244026184, 0.0]","Feature_Vector: [1.0, 1.0, 0.0, 0.2894057631492615, 0.0]",1,tweet_7951_436002
4446,1191,"Feature_Vector: [1.0, 1.0, 0.0, 0.46577128767967224, 0.0]","Feature_Vector: [1.0, 1.0, 0.0, 0.38936492800712585, 0.0]",1,tweet_1191_122092
5778,8248,"Feature_Vector: [1.0, 1.0, 0.0, 0.16306175291538239, 0.0]","Feature_Vector: [1.0, 1.0, 0.0, 0.20810995995998383, 0.0]",1,tweet_8248_497087
6168,2462,"Feature_Vector: [1.0, 1.0, 0.0, 0.3141409158706665, 0.0]","Feature_Vector: [1.0, 1.0, 0.0, 0.23886920511722565, 0.0]",1,tweet_2462_174509
9131,9131,"Feature_Vector: [0.0, 0.0, 0.0, 0.3274995684623718, 0.0]","Feature_Vector: [0.0, 0.0, 0.0, 0.3274995684623718, 0.0]",1,tweet_9131_942074
2923,4976,"Feature_Vector: [1.0, 1.0, 0.0, 0.32999253273010254, 0.0]","Feature_Vector: [1.0, 0.0, 1.0, 0.6902287602424622, 0.0]",1,tweet_4976_394186
7595,7595,"Feature_Vector: [1.0, 0.0, 0.0, 0.5008533596992493, 0.0]","Feature_Vector: [1.0, 0.0, 0.0, 0.5008533596992493, 0.0]",1,tweet_7595_912564
1316,1316,"Feature_Vector: [1.0, 1.0, 0.0, 0.2671949863433838, 0.0]","Feature_Vector: [1.0, 1.0, 0.0, 0.2671949863433838, 0.0]",1,tweet_1316_774829
8543,3139,"Feature_Vector: [1.0, 1.0, 0.0, 0.3542058765888214, 0.0]","Feature_Vector: [1.0, 0.0, 0.0, 0.3759039342403412, 0.0]",1,tweet_3139_737926
9177,9392,"Feature_Vector: [0.0, 0.0, 0.0, 0.4350508451461792, 0.0]","Feature_Vector: [1.0, 1.0, 0.0, 0.5101978778839111, 0.0]",1,tweet_9392_253918
4488,8545,"Feature_Vector: [1.0, 1.0, 0.0, 0.41960689425468445, 0.0]","Feature_Vector: [1.0, 1.0, 0.0, 0.3326908349990845, 0.0]",1,tweet_8545_123867
7465,1455,"Feature_Vector: [1.0, 1.0, 0.0, 0.3412986993789673, 0.0]","Feature_Vector: [1.0, 1.0, 0.0, 0.3342198133468628, 0.0]",1,tweet_1455_558580
3639,3639,"Feature_Vector: [1.0, 1.0, 0.0, 0.3891374468803406, 0.0]","Feature_Vector: [1.0, 1.0, 0.0, 0.3891374468803406, 0.0]",1,tweet_3639_828961
1531,4419,"Feature_Vector: [1.0, 1.0, 0.0, 0.31058600544929504, 0.0]","Feature_Vector: [1.0, 0.0, 1.0, 0.6949173808097839, 0.0]",1,tweet_4419_342895
2158,6994,"Feature_Vector: [1.0, 1.0, 0.0, 0.38463127613067627, 0.0]","Feature_Vector: [1.0, 1.0, 0.0, 0.21839572489261627, 0.0]",1,tweet_6994_365418
2327,2327,"Feature_Vector: [1.0, 1.0, 0.0, 0.3227142095565796, 0.0]","Feature_Vector: [1.0, 1.0, 0.0, 0.3227142095565796, 0.0]",1,tweet_2327_800436
8141,3867,"Feature_Vector: [1.0, 1.0, 0.0, 0.43074944615364075, 0.0]","Feature_Vector: [1.0, 1.0, 0.0, 0.35378092527389526, 0.0]",1,tweet_3867_226968
4081,2300,"Feature_Vector: [1.0, 1.0, 0.0, 0.2492910772562027, 0.0]","Feature_Vector: [1.0, 1.0, 0.0, 0.5672848224639893, 0.0]",1,tweet_2300_436339
8954,3663,"Feature_Vector: [1.0, 1.0, 0.0, 0.30679193139076233, 0.0]","Feature_Vector: [1.0, 1.0, 0.0, 0.3789200186729431, 0.0]",1,tweet_3663_248690
3532,6347,"Feature_Vector: [0.0, 0.0, 0.0, 0.5156269073486328, 0.0]","Feature_Vector: [0.0, 0.0, 1.0, 0.48386338353157043, 0.0]",1,tweet_6347_689774
9017,1508,"Feature_Vector: [1.0, 1.0, 0.0, 0.3143558204174042, 0.0]","Feature_Vector: [0.0, 0.0, 1.0, 0.673152506351471, 0.0]",1,tweet_1508_611327
10014,3527,"Feature_Vector: [1.0, 1.0, 0.0, 0.5324827432632446, 0.0]","Feature_Vector: [1.0, 1.0, 0.0, 0.45504137873649597, 0.0]",1,tweet_3527_650648
2601,8314,"Feature_Vector: [1.0, 1.0, 0.0, 0.45254164934158325, 0.0]","Feature_Vector: [1.0, 1.0, 0.0, 0.39234939217567444, 0.0]",1,tweet_8314_72050
7508,644,"Feature_Vector: [1.0, 0.0, 0.0, 0.27673348784446716, 0.0]","Feature_Vector: [1.0, 0.0, 1.0, 0.5555992126464844, 0.0]",1,tweet_644_559931
1861,5099,"Feature_Vector: [1.0, 1.0, 0.0, 0.29137393832206726, 0.0]","Feature_Vector: [1.0, 1.0, 1.0, 0.6446264982223511, 0.0]",1,tweet_5099_356764
8417,8867,"Feature_Vector: [1.0, 1.0, 0.0, 0.38786962628364563, 0.0]","Feature_Vector: [0.0, 0.0, 0.0, 0.6081048250198364, 0.0]",1,tweet_8867_232783
898,10144,"Feature_Vector: [1.0, 0.0, 1.0, 0.5635563731193542, 0.0]","Feature_Vector: [1.0, 1.0, 0.0, 0.20057672262191772, 1.0]",1,tweet_10144_317976
9785,9079,"Feature_Vector: [1.0, 1.0, 0.0, 0.3590705692768097, 0.0]","Feature_Vector: [1.0, 0.0, 1.0, 0.5973740220069885, 0.0]",1,tweet_9079_957134
2397,4457,"Feature_Vector: [1.0, 1.0, 0.0, 0.30605122447013855, 0.0]","Feature_Vector: [1.0, 1.0, 0.0, 0.4762009084224701, 0.0]",1,tweet_4457_375729
1757,5753,"Feature_Vector: [1.0, 1.0, 0.0, 0.3695824444293976, 0.0]","Feature_Vector: [1.0, 1.0, 0.0, 0.30728039145469666, 0.0]",1,tweet_5753_47556
3142,572,"Feature_Vector: [1.0, 1.0, 0.0, 0.2877114713191986, 0.0]","Feature_Vector: [1.0, 1.0, 0.0, 0.3800693154335022, 0.0]",1,tweet_572_403386
8235,8963,"Feature_Vector: [1.0, 1.0, 0.0, 0.35993775725364685, 0.0]","Feature_Vector: [1.0, 1.0, 0.0, 0.2986243963241577, 0.0]",1,tweet_8963_584305
4450,1975,"Feature_Vector: [1.0, 1.0, 0.0, 0.4428674578666687, 0.0]","Feature_Vector: [1.0, 1.0, 0.0, 0.4324408173561096, 0.0]",1,tweet_1975_122651
2695,7574,"Feature_Vector: [1.0, 1.0, 0.0, 0.3752517104148865, 0.0]","Feature_Vector: [1.0, 1.0, 0.0, 0.42413529753685, 0.0]",1,tweet_7574_387427
5534,1035,"Feature_Vector: [0.0, 0.0, 0.0, 0.6296940445899963, 0.0]","Feature_Vector: [1.0, 1.0, 0.0, 0.4276401400566101, 0.0]",1,tweet_1035_490475
9177,9177,"Feature_Vector: [0.0, 0.0, 0.0, 0.4350508451461792, 0.0]","Feature_Vector: [0.0, 0.0, 0.0, 0.4350508451461792, 0.0]",1,tweet_9177_943365
7269,7269,"Feature_Vector: [1.0, 1.0, 0.0, 0.4214363992214203, 0.0]","Feature_Vector: [1.0, 1.0, 0.0, 0.4214363992214203, 0.0]",1,tweet_7269_907648
5865,710,"Feature_Vector: [1.0, 1.0, 0.0, 0.39446258544921875, 0.0]","Feature_Vector: [1.0, 1.0, 0.0, 0.4293700158596039, 0.0]",1,tweet_710_499999
9540,2609,"Feature_Vector: [1.0, 1.0, 0.0, 0.4228333532810211, 0.0]","Feature_Vector: [1.0, 0.0, 0.0, 0.544063925743103, 0.0]",1,tweet_2609_265372
9533,4858,"Feature_Vector: [1.0, 1.0, 0.0, 0.4570772349834442, 0.0]","Feature_Vector: [1.0, 1.0, 0.0, 0.43587809801101685, 0.0]",1,tweet_4858_630445
5432,4633,"Feature_Vector: [1.0, 1.0, 0.0, 0.3225289285182953, 0.0]","Feature_Vector: [1.0, 1.0, 0.0, 0.46397024393081665, 0.0]",1,tweet_4633_487444
5238,7348,"Feature_Vector: [1.0, 1.0, 0.0, 0.42298993468284607, 0.0]","Feature_Vector: [1.0, 1.0, 0.0, 0.3711717128753662, 0.0]",1,tweet_7348_481426
2302,2302,"Feature_Vector: [1.0, 1.0, 0.0, 0.5559972524642944, 0.0]","Feature_Vector: [1.0, 1.0, 0.0, 0.5559972524642944, 0.0]",1,tweet_2302_797330
5871,5871,"Feature_Vector: [1.0, 1.0, 0.0, 0.486001580953598, 0.0]","Feature_Vector: [1.0, 1.0, 0.0, 0.486001580953598, 0.0]",1,tweet_5871_878744
5912,6804,"Feature_Vector: [1.0, 1.0, 0.0, 0.47838640213012695, 0.0]","Feature_Vector: [1.0, 1.0, 0.0, 0.3400883078575134, 1.0]",3,tweet_6804_1186662
10149,10149,"Feature_Vector: [1.0, 1.0, 0.0, 0.4050242006778717, 0.0]","Feature_Vector: [1.0, 1.0, 0.0, 0.4050242006778717, 0.0]",1,tweet_10149_971377
9902,8940,"Feature_Vector: [1.0, 1.0, 0.0, 0.4552888870239258, 0.0]","Feature_Vector: [1.0, 1.0, 1.0, 0.5120919942855835, 0.0]",1,tweet_8940_646271
9961,2870,"Feature_Vector: [1.0, 0.0, 0.0, 0.41646620631217957, 0.0]","Feature_Vector: [1.0, 1.0, 0.0, 0.4668450653553009, 0.0]",1,tweet_2870_279835
7880,7880,"Feature_Vector: [1.0, 0.0, 1.0, 0.5543941855430603, 0.0]","Feature_Vector: [1.0, 0.0, 1.0, 0.5543941855430603, 0.0]",1,tweet_7880_919405
3440,8540,"Feature_Vector: [0.0, 0.0, 0.0, 0.35409992933273315, 0.0]","Feature_Vector: [1.0, 1.0, 1.0, 0.6127685308456421, 0.0]",1,tweet_8540_999348
7095,5841,"Feature_Vector: [0.0, 0.0, 0.0, 0.45960062742233276, 0.0]","Feature_Vector: [1.0, 1.0, 1.0, 0.5068193674087524, 0.0]",1,tweet_5841_199307
2972,6619,"Feature_Vector: [1.0, 1.0, 0.0, 0.2592359483242035, 0.0]","Feature_Vector: [1.0, 1.0, 0.0, 0.3065461218357086, 0.0]",3,tweet_6619_1128063
45,4457,"Feature_Vector: [0.0, 0.0, 0.0, 0.4596169590950012, 0.0]","Feature_Vector: [1.0, 1.0, 0.0, 0.4762009084224701, 0.0]",3,tweet_4457_1048890
5200,2297,"Feature_Vector: [1.0, 1.0, 0.0, 0.3580910861492157, 0.0]","Feature_Vector: [1.0, 0.0, 0.0, 0.34922969341278076, 0.0]",1,tweet_2297_479364
3527,4923,"Feature_Vector: [1.0, 1.0, 0.0, 0.45504137873649597, 0.0]","Feature_Vector: [1.0, 1.0, 0.0, 0.4348737895488739, 0.0]",1,tweet_4923_417415
4476,4476,"Feature_Vector: [0.0, 0.0, 1.0, 0.7977245450019836, 0.0]","Feature_Vector: [0.0, 0.0, 1.0, 0.7977245450019836, 0.0]",1,tweet_4476_1007104
5871,5871,"Feature_Vector: [1.0, 1.0, 0.0, 0.486001580953598, 0.0]","Feature_Vector: [1.0, 1.0, 0.0, 0.486001580953598, 0.0]",1,tweet_5871_879114
4260,3956,"Feature_Vector: [1.0, 1.0, 0.0, 0.33406877517700195, 0.0]","Feature_Vector: [1.0, 1.0, 0.0, 0.3400883078575134, 0.0]",1,tweet_3956_118009
8479,8479,"Feature_Vector: [1.0, 0.0, 1.0, 0.5086915493011475, 0.0]","Feature_Vector: [1.0, 0.0, 1.0, 0.5086915493011475, 0.0]",1,tweet_8479_931650
3557,8007,"Feature_Vector: [1.0, 1.0, 0.0, 0.3529212176799774, 0.0]","Feature_Vector: [1.0, 1.0, 0.0, 0.20371171832084656, 0.0]",1,tweet_8007_419188
8226,3610,"Feature_Vector: [1.0, 0.0, 0.0, 0.33299997448921204, 0.0]","Feature_Vector: [1.0, 1.0, 0.0, 0.4134003520011902, 0.0]",1,tweet_3610_583827
3189,4018,"Feature_Vector: [1.0, 1.0, 0.0, 0.42900577187538147, 0.0]","Feature_Vector: [1.0, 1.0, 0.0, 0.2799813449382782, 0.0]",3,tweet_4018_1305421
5170,5170,"Feature_Vector: [0.0, 0.0, 0.0, 0.4562508761882782, 0.0]","Feature_Vector: [0.0, 0.0, 0.0, 0.4562508761882782, 0.0]",1,tweet_5170_861426
2093,2093,"Feature_Vector: [1.0, 1.0, 0.0, 0.3635488450527191, 0.0]","Feature_Vector: [1.0, 1.0, 0.0, 0.3635488450527191, 0.0]",1,tweet_2093_792836
7104,2893,"Feature_Vector: [0.0, 0.0, 0.0, 0.3478250801563263, 0.0]","Feature_Vector: [1.0, 1.0, 0.0, 0.6793380975723267, 0.0]",1,tweet_2893_546148
3602,3602,"Feature_Vector: [1.0, 1.0, 0.0, 0.3744441866874695, 0.0]","Feature_Vector: [1.0, 1.0, 0.0, 0.3744441866874695, 0.0]",1,tweet_3602_1001433
6502,10089,"Feature_Vector: [1.0, 1.0, 0.0, 0.4265056848526001, 0.0]","Feature_Vector: [1.0, 0.0, 0.0, 0.44819244742393494, 0.0]",1,tweet_10089_526457
921,2893,"Feature_Vector: [1.0, 1.0, 0.0, 0.3357084393501282, 0.0]","Feature_Vector: [1.0, 1.0, 0.0, 0.6793380975723267, 0.0]",1,tweet_2893_768637
4678,8660,"Feature_Vector: [1.0, 1.0, 0.0, 0.17438268661499023, 0.0]","Feature_Vector: [1.0, 1.0, 0.0, 0.5584698915481567, 0.0]",1,tweet_8660_701452
5347,7547,"Feature_Vector: [1.0, 1.0, 0.0, 0.16611197590827942, 1.0]","Feature_Vector: [1.0, 1.0, 0.0, 0.13527844846248627, 0.0]",2,tweet_7547_1346079
578,4559,"Feature_Vector: [1.0, 1.0, 0.0, 0.24505792558193207, 0.0]","Feature_Vector: [1.0, 0.0, 1.0, 0.6447904706001282, 0.0]",2,tweet_4559_1236265
8417,8417,"Feature_Vector: [1.0, 1.0, 0.0, 0.38786962628364563, 0.0]","Feature_Vector: [1.0, 1.0, 0.0, 0.38786962628364563, 0.0]",1,tweet_8417_930647
4324,3962,"Feature_Vector: [1.0, 0.0, 1.0, 0.547912061214447, 0.0]","Feature_Vector: [1.0, 0.0, 1.0, 0.5622205138206482, 0.0]",1,tweet_3962_443279
1367,3517,"Feature_Vector: [0.0, 0.0, 0.0, 0.3741476535797119, 0.0]","Feature_Vector: [1.0, 0.0, 0.0, 0.33701542019844055, 0.0]",2,tweet_3517_1261346
731,6412,"Feature_Vector: [0.0, 0.0, 0.0, 0.514631450176239, 0.0]","Feature_Vector: [1.0, 1.0, 0.0, 0.2977674603462219, 0.0]",1,tweet_6412_18007
4472,4787,"Feature_Vector: [1.0, 1.0, 0.0, 0.17689046263694763, 0.0]","Feature_Vector: [1.0, 1.0, 0.0, 0.2714817523956299, 0.0]",3,tweet_4787_1162074
7815,9626,"Feature_Vector: [1.0, 1.0, 0.0, 0.27631404995918274, 0.0]","Feature_Vector: [1.0, 1.0, 0.0, 0.3027241826057434, 0.0]",1,tweet_9626_218770
3627,1570,"Feature_Vector: [1.0, 1.0, 0.0, 0.27714985609054565, 0.0]","Feature_Vector: [1.0, 1.0, 0.0, 0.5107550024986267, 0.0]",1,tweet_1570_421113
618,9929,"Feature_Vector: [1.0, 0.0, 0.0, 0.31349119544029236, 0.0]","Feature_Vector: [1.0, 0.0, 0.0, 0.5829850435256958, 0.0]",2,tweet_9929_1238177
658,4593,"Feature_Vector: [1.0, 0.0, 0.0, 0.45827779173851013, 0.0]","Feature_Vector: [1.0, 0.0, 1.0, 0.5308657884597778, 0.0]",1,tweet_4593_16428
4704,4704,"Feature_Vector: [1.0, 1.0, 0.0, 0.3166674077510834, 0.0]","Feature_Vector: [1.0, 1.0, 0.0, 0.3166674077510834, 0.0]",1,tweet_4704_854038
9540,5246,"Feature_Vector: [1.0, 1.0, 0.0, 0.4228333532810211, 0.0]","Feature_Vector: [1.0, 1.0, 0.0, 0.31172114610671997, 0.0]",1,tweet_5246_630990
6706,9869,"Feature_Vector: [1.0, 1.0, 0.0, 0.3451554775238037, 0.0]","Feature_Vector: [1.0, 1.0, 0.0, 0.5301074981689453, 0.0]",1,tweet_9869_188572
7277,3316,"Feature_Vector: [1.0, 1.0, 0.0, 0.4428894519805908, 0.0]","Feature_Vector: [1.0, 1.0, 0.0, 0.38099852204322815, 0.0]",1,tweet_3316_203768
7831,7831,"Feature_Vector: [1.0, 1.0, 0.0, 0.43074944615364075, 0.0]","Feature_Vector: [1.0, 1.0, 0.0, 0.43074944615364075, 0.0]",1,tweet_7831_917718
4151,3548,"Feature_Vector: [1.0, 1.0, 0.0, 0.22291137278079987, 0.0]","Feature_Vector: [1.0, 1.0, 0.0, 0.43932899832725525, 0.0]",1,tweet_3548_439119
6780,4968,"Feature_Vector: [1.0, 1.0, 0.0, 0.4892529249191284, 0.0]","Feature_Vector: [1.0, 1.0, 0.0, 0.38769450783729553, 0.0]",1,tweet_4968_190402
1278,4342,"Feature_Vector: [1.0, 1.0, 0.0, 0.16900572180747986, 0.0]","Feature_Vector: [1.0, 1.0, 0.0, 0.5981504917144775, 0.0]",1,tweet_4342_667298
4791,5845,"Feature_Vector: [1.0, 1.0, 0.0, 0.24281595647335052, 0.0]","Feature_Vector: [1.0, 1.0, 0.0, 0.3346705436706543, 0.0]",3,tweet_5845_1168560
1811,1811,"Feature_Vector: [1.0, 1.0, 0.0, 0.39694780111312866, 0.0]","Feature_Vector: [1.0, 1.0, 0.0, 0.39694780111312866, 0.0]",1,tweet_1811_785318
4365,3962,"Feature_Vector: [1.0, 1.0, 0.0, 0.35182785987854004, 0.0]","Feature_Vector: [1.0, 0.0, 1.0, 0.5622205138206482, 0.0]",1,tweet_3962_845168
5522,9839,"Feature_Vector: [1.0, 0.0, 0.0, 0.3174850344657898, 0.0]","Feature_Vector: [1.0, 0.0, 0.0, 0.44060203433036804, 0.0]",1,tweet_9839_490119
8290,1781,"Feature_Vector: [1.0, 1.0, 0.0, 0.25808456540107727, 0.0]","Feature_Vector: [1.0, 1.0, 0.0, 0.3288428485393524, 0.0]",1,tweet_1781_586136
4135,2011,"Feature_Vector: [1.0, 1.0, 0.0, 0.3727174401283264, 0.0]","Feature_Vector: [1.0, 1.0, 0.0, 0.4469587206840515, 0.0]",1,tweet_2011_438551
2027,2358,"Feature_Vector: [1.0, 1.0, 0.0, 0.5355797410011292, 0.0]","Feature_Vector: [0.0, 0.0, 0.0, 0.49897387623786926, 0.0]",1,tweet_2358_360904
2027,8366,"Feature_Vector: [1.0, 1.0, 0.0, 0.5355797410011292, 0.0]","Feature_Vector: [0.0, 0.0, 1.0, 0.6133937239646912, 0.0]",1,tweet_8366_791575
7880,7880,"Feature_Vector: [1.0, 0.0, 1.0, 0.5543941855430603, 0.0]","Feature_Vector: [1.0, 0.0, 1.0, 0.5543941855430603, 0.0]",1,tweet_7880_919569
498,10064,"Feature_Vector: [1.0, 0.0, 0.0, 0.31888797879219055, 0.0]","Feature_Vector: [1.0, 1.0, 0.0, 0.44487595558166504, 0.0]",3,tweet_10064_1233634
8394,1575,"Feature_Vector: [1.0, 1.0, 0.0, 0.3523772060871124, 0.0]","Feature_Vector: [1.0, 1.0, 0.0, 0.5012218356132507, 0.0]",1,tweet_1575_232312
2597,2597,"Feature_Vector: [1.0, 1.0, 0.0, 0.32783839106559753, 0.0]","Feature_Vector: [1.0, 1.0, 0.0, 0.32783839106559753, 0.0]",1,tweet_2597_805617
2710,3879,"Feature_Vector: [1.0, 1.0, 0.0, 0.27460435032844543, 0.0]","Feature_Vector: [1.0, 1.0, 0.0, 0.25509893894195557, 0.0]",2,tweet_3879_1122698
2266,8909,"Feature_Vector: [1.0, 1.0, 0.0, 0.23720981180667877, 0.0]","Feature_Vector: [1.0, 1.0, 0.0, 0.25866320729255676, 0.0]",1,tweet_8909_989349
5904,6219,"Feature_Vector: [1.0, 1.0, 0.0, 0.46290144324302673, 0.0]","Feature_Vector: [1.0, 0.0, 0.0, 0.41220158338546753, 0.0]",1,tweet_6219_502473
6463,1109,"Feature_Vector: [1.0, 1.0, 0.0, 0.36990389227867126, 0.0]","Feature_Vector: [1.0, 1.0, 0.0, 0.3301548957824707, 0.0]",1,tweet_1109_182551
3271,3214,"Feature_Vector: [1.0, 1.0, 0.0, 0.29747888445854187, 0.0]","Feature_Vector: [1.0, 1.0, 0.0, 0.3731729984283447, 0.0]",1,tweet_3214_408668
4563,6473,"Feature_Vector: [1.0, 1.0, 0.0, 0.3281751871109009, 0.0]","Feature_Vector: [1.0, 1.0, 0.0, 0.25194641947746277, 0.0]",1,tweet_6473_126307
204,448,"Feature_Vector: [1.0, 1.0, 0.0, 0.4435449540615082, 0.0]","Feature_Vector: [1.0, 1.0, 0.0, 0.4155816435813904, 0.0]",3,tweet_448_1053984
1528,8124,"Feature_Vector: [1.0, 1.0, 0.0, 0.38681069016456604, 0.0]","Feature_Vector: [1.0, 1.0, 0.0, 0.3412986993789673, 0.0]",1,tweet_8124_41224
714,5467,"Feature_Vector: [0.0, 0.0, 0.0, 0.39559194445610046, 0.0]","Feature_Vector: [0.0, 0.0, 0.0, 0.47621309757232666, 0.0]",3,tweet_5467_1241553
6883,4377,"Feature_Vector: [1.0, 1.0, 0.0, 0.34300243854522705, 0.0]","Feature_Vector: [1.0, 1.0, 0.0, 0.36461499333381653, 0.0]",1,tweet_4377_896266
7373,6970,"Feature_Vector: [1.0, 1.0, 0.0, 0.4509640336036682, 0.0]","Feature_Vector: [1.0, 1.0, 0.0, 0.36827796697616577, 0.0]",1,tweet_6970_206305
3873,3873,"Feature_Vector: [1.0, 1.0, 0.0, 0.6049335598945618, 0.0]","Feature_Vector: [1.0, 1.0, 0.0, 0.6049335598945618, 0.0]",1,tweet_3873_836476
4072,6899,"Feature_Vector: [1.0, 1.0, 0.0, 0.27838078141212463, 0.0]","Feature_Vector: [1.0, 1.0, 0.0, 0.3021944463253021, 0.0]",1,tweet_6899_112447
1528,4964,"Feature_Vector: [1.0, 1.0, 0.0, 0.38681069016456604, 0.0]","Feature_Vector: [1.0, 1.0, 0.0, 0.3013904392719269, 0.0]",3,tweet_4964_1092141
1800,7995,"Feature_Vector: [1.0, 1.0, 0.0, 0.37279361486434937, 0.0]","Feature_Vector: [1.0, 1.0, 0.0, 0.26517993211746216, 0.0]",3,tweet_7995_1100645
5733,8104,"Feature_Vector: [1.0, 1.0, 0.0, 0.25259116291999817, 0.0]","Feature_Vector: [1.0, 1.0, 0.0, 0.5237593054771423, 0.0]",1,tweet_8104_711559
9179,6006,"Feature_Vector: [1.0, 1.0, 0.0, 0.3554619550704956, 0.0]","Feature_Vector: [1.0, 1.0, 0.0, 0.20950300991535187, 0.0]",1,tweet_6006_253984
4233,3214,"Feature_Vector: [0.0, 0.0, 1.0, 0.45695748925209045, 0.0]","Feature_Vector: [1.0, 1.0, 0.0, 0.3731729984283447, 0.0]",1,tweet_3214_117087
2248,10136,"Feature_Vector: [1.0, 1.0, 0.0, 0.38597312569618225, 0.0]","Feature_Vector: [1.0, 1.0, 0.0, 0.36237064003944397, 0.0]",3,tweet_10136_1110328
786,3073,"Feature_Vector: [1.0, 1.0, 0.0, 0.3681127727031708, 0.0]","Feature_Vector: [1.0, 1.0, 0.0, 0.30989378690719604, 0.0]",1,tweet_3073_975886
6903,9488,"Feature_Vector: [1.0, 1.0, 0.0, 0.5009790658950806, 0.0]","Feature_Vector: [1.0, 1.0, 0.0, 0.4421149492263794, 0.0]",1,tweet_9488_539064
9330,5534,"Feature_Vector: [1.0, 1.0, 0.0, 0.39186280965805054, 0.0]","Feature_Vector: [0.0, 0.0, 0.0, 0.6296940445899963, 0.0]",1,tweet_5534_620907
1324,4928,"Feature_Vector: [1.0, 1.0, 0.0, 0.2666979134082794, 0.0]","Feature_Vector: [1.0, 1.0, 0.0, 0.44689735770225525, 0.0]",1,tweet_4928_333227
7692,8574,"Feature_Vector: [1.0, 0.0, 0.0, 0.6612691283226013, 0.0]","Feature_Vector: [0.0, 0.0, 0.0, 0.623883843421936, 0.0]",3,tweet_8574_1375021
8972,5248,"Feature_Vector: [1.0, 1.0, 0.0, 0.3196742534637451, 0.0]","Feature_Vector: [1.0, 1.0, 0.0, 0.40296614170074463, 0.0]",1,tweet_5248_742029
3153,4930,"Feature_Vector: [1.0, 1.0, 0.0, 0.6031721234321594, 0.0]","Feature_Vector: [1.0, 1.0, 0.0, 0.4266816973686218, 0.0]",3,tweet_4930_1132536
1734,9423,"Feature_Vector: [1.0, 1.0, 0.0, 0.31728172302246094, 0.0]","Feature_Vector: [1.0, 1.0, 0.0, 0.37225815653800964, 0.0]",2,tweet_9423_1098584
652,8540,"Feature_Vector: [1.0, 0.0, 1.0, 0.6229747533798218, 0.0]","Feature_Vector: [1.0, 1.0, 1.0, 0.6127685308456421, 0.0]",1,tweet_8540_309688
4694,9678,"Feature_Vector: [1.0, 1.0, 0.0, 0.3756149709224701, 0.0]","Feature_Vector: [1.0, 1.0, 1.0, 0.5225569009780884, 0.0]",1,tweet_9678_459502
6511,1442,"Feature_Vector: [1.0, 1.0, 0.0, 0.466063529253006, 0.0]","Feature_Vector: [0.0, 0.0, 0.0, 0.46704593300819397, 0.0]",1,tweet_1442_719345
110,110,"Feature_Vector: [1.0, 1.0, 0.0, 0.3647029399871826, 0.0]","Feature_Vector: [1.0, 1.0, 0.0, 0.3647029399871826, 0.0]",1,tweet_110_756246
9025,9926,"Feature_Vector: [1.0, 0.0, 0.0, 0.4574689567089081, 0.0]","Feature_Vector: [1.0, 1.0, 0.0, 0.12395750731229782, 1.0]",3,tweet_9926_1383082
6590,1605,"Feature_Vector: [1.0, 1.0, 0.0, 0.36050859093666077, 0.0]","Feature_Vector: [1.0, 1.0, 0.0, 0.32064196467399597, 0.0]",1,tweet_1605_529632
4132,5594,"Feature_Vector: [1.0, 1.0, 0.0, 0.30703669786453247, 0.0]","Feature_Vector: [1.0, 1.0, 0.0, 0.5511059165000916, 0.0]",1,tweet_5594_438328
3184,6138,"Feature_Vector: [1.0, 0.0, 1.0, 0.5166110992431641, 0.0]","Feature_Vector: [1.0, 1.0, 0.0, 0.18159447610378265, 0.0]",3,tweet_6138_1305279
3782,4299,"Feature_Vector: [0.0, 0.0, 0.0, 0.3635488450527191, 0.0]","Feature_Vector: [1.0, 0.0, 0.0, 0.33206745982170105, 0.0]",2,tweet_4299_1317054
8141,5288,"Feature_Vector: [1.0, 1.0, 0.0, 0.43074944615364075, 0.0]","Feature_Vector: [1.0, 1.0, 0.0, 0.40498119592666626, 0.0]",1,tweet_5288_227067
4351,5534,"Feature_Vector: [1.0, 1.0, 0.0, 0.3878113031387329, 0.0]","Feature_Vector: [0.0, 0.0, 0.0, 0.6296940445899963, 0.0]",1,tweet_5534_1005982
5854,2300,"Feature_Vector: [1.0, 1.0, 0.0, 0.27838078141212463, 0.0]","Feature_Vector: [1.0, 1.0, 0.0, 0.5672848224639893, 0.0]",1,tweet_2300_499551
9053,1438,"Feature_Vector: [1.0, 1.0, 0.0, 0.3024599552154541, 0.0]","Feature_Vector: [1.0, 1.0, 0.0, 0.32867667078971863, 0.0]",1,tweet_1438_251008
3965,9684,"Feature_Vector: [1.0, 1.0, 0.0, 0.35658925771713257, 0.0]","Feature_Vector: [1.0, 1.0, 0.0, 0.21839572489261627, 0.0]",1,tweet_9684_432111
8259,2415,"Feature_Vector: [1.0, 1.0, 0.0, 0.3863934576511383, 0.0]","Feature_Vector: [1.0, 1.0, 0.0, 0.4527265727519989, 0.0]",1,tweet_2415_230220
6471,5224,"Feature_Vector: [1.0, 1.0, 0.0, 0.3348200023174286, 0.0]","Feature_Vector: [1.0, 1.0, 0.0, 0.4832434356212616, 0.0]",1,tweet_5224_718934
8148,9704,"Feature_Vector: [1.0, 1.0, 0.0, 0.4502934217453003, 0.0]","Feature_Vector: [1.0, 1.0, 0.0, 0.3096611201763153, 0.0]",1,tweet_9704_581706
7006,2332,"Feature_Vector: [1.0, 0.0, 1.0, 0.5962151288986206, 0.0]","Feature_Vector: [1.0, 1.0, 1.0, 0.6547492742538452, 0.0]",1,tweet_2332_1024884
5434,4711,"Feature_Vector: [1.0, 1.0, 0.0, 0.33191055059432983, 0.0]","Feature_Vector: [1.0, 1.0, 0.0, 0.35916757583618164, 0.0]",1,tweet_4711_487645
1031,4685,"Feature_Vector: [1.0, 0.0, 0.0, 0.42251887917518616, 0.0]","Feature_Vector: [1.0, 1.0, 0.0, 0.3799353241920471, 0.0]",1,tweet_4685_322715
1550,1550,"Feature_Vector: [1.0, 1.0, 0.0, 0.3944106996059418, 0.0]","Feature_Vector: [1.0, 1.0, 0.0, 0.3944106996059418, 0.0]",1,tweet_1550_779188
684,3532,"Feature_Vector: [1.0, 1.0, 0.0, 0.312391459941864, 0.0]","Feature_Vector: [0.0, 0.0, 0.0, 0.5156269073486328, 0.0]",1,tweet_3532_310618
1672,10030,"Feature_Vector: [1.0, 1.0, 0.0, 0.3914267420768738, 0.0]","Feature_Vector: [1.0, 1.0, 0.0, 0.2887341380119324, 0.0]",3,tweet_10030_1097095
3527,7926,"Feature_Vector: [1.0, 1.0, 0.0, 0.45504137873649597, 0.0]","Feature_Vector: [1.0, 1.0, 0.0, 0.3029871881008148, 1.0]",1,tweet_7926_417338
1813,1767,"Feature_Vector: [1.0, 1.0, 0.0, 0.3367275893688202, 0.0]","Feature_Vector: [0.0, 0.0, 0.0, 0.6074380874633789, 0.0]",1,tweet_1767_50339
2302,2302,"Feature_Vector: [1.0, 1.0, 0.0, 0.5559972524642944, 0.0]","Feature_Vector: [1.0, 1.0, 0.0, 0.5559972524642944, 0.0]",1,tweet_2302_799417
3529,8711,"Feature_Vector: [1.0, 1.0, 0.0, 0.4416675567626953, 0.0]","Feature_Vector: [1.0, 1.0, 0.0, 0.3802030086517334, 0.0]",1,tweet_8711_825453
9976,9976,"Feature_Vector: [1.0, 1.0, 0.0, 0.5263208746910095, 0.0]","Feature_Vector: [1.0, 1.0, 0.0, 0.5263208746910095, 0.0]",1,tweet_9976_968821
4658,5152,"Feature_Vector: [1.0, 1.0, 0.0, 0.37966635823249817, 0.0]","Feature_Vector: [1.0, 1.0, 0.0, 0.2681761384010315, 1.0]",1,tweet_5152_129709
4457,6903,"Feature_Vector: [1.0, 1.0, 0.0, 0.4762009084224701, 0.0]","Feature_Vector: [1.0, 1.0, 0.0, 0.5009790658950806, 0.0]",3,tweet_6903_1161485
2414,8589,"Feature_Vector: [1.0, 1.0, 0.0, 0.38456952571868896, 0.0]","Feature_Vector: [1.0, 1.0, 0.0, 0.42984282970428467, 0.0]",1,tweet_8589_65812
10139,5474,"Feature_Vector: [1.0, 1.0, 0.0, 0.28305232524871826, 0.0]","Feature_Vector: [1.0, 1.0, 0.0, 0.41604334115982056, 0.0]",1,tweet_5474_754055
9583,1745,"Feature_Vector: [1.0, 1.0, 0.0, 0.41671139001846313, 0.0]","Feature_Vector: [1.0, 1.0, 0.0, 0.23373699188232422, 0.0]",1,tweet_1745_953459
8899,8540,"Feature_Vector: [1.0, 1.0, 0.0, 0.24281595647335052, 0.0]","Feature_Vector: [1.0, 1.0, 1.0, 0.6127685308456421, 0.0]",1,tweet_8540_741434
6230,5241,"Feature_Vector: [1.0, 1.0, 0.0, 0.3288428485393524, 0.0]","Feature_Vector: [0.0, 0.0, 0.0, 0.5940559506416321, 0.0]",1,tweet_5241_716745
4633,559,"Feature_Vector: [1.0, 1.0, 0.0, 0.46397024393081665, 0.0]","Feature_Vector: [1.0, 1.0, 0.0, 0.34300243854522705, 0.0]",1,tweet_559_455790
4132,9053,"Feature_Vector: [1.0, 1.0, 0.0, 0.30703669786453247, 0.0]","Feature_Vector: [1.0, 1.0, 0.0, 0.3024599552154541, 0.0]",1,tweet_9053_438354
1647,9965,"Feature_Vector: [1.0, 1.0, 0.0, 0.25690922141075134, 0.0]","Feature_Vector: [1.0, 1.0, 0.0, 0.20668163895606995, 0.0]",3,tweet_9965_1269013
267,1753,"Feature_Vector: [0.0, 0.0, 0.0, 0.3666037917137146, 0.0]","Feature_Vector: [0.0, 0.0, 0.0, 0.3738495409488678, 0.0]",1,tweet_1753_298438
1216,9303,"Feature_Vector: [1.0, 1.0, 0.0, 0.24505792558193207, 0.0]","Feature_Vector: [1.0, 1.0, 0.0, 0.16306175291538239, 0.0]",3,tweet_9303_1082528
1681,4135,"Feature_Vector: [1.0, 1.0, 0.0, 0.4343392848968506, 0.0]","Feature_Vector: [1.0, 1.0, 0.0, 0.3727174401283264, 0.0]",1,tweet_4135_45527
6627,9989,"Feature_Vector: [1.0, 0.0, 0.0, 0.5107285976409912, 0.0]","Feature_Vector: [1.0, 0.0, 0.0, 0.5501816868782043, 0.0]",3,tweet_9989_1364095
6305,6305,"Feature_Vector: [1.0, 1.0, 0.0, 0.31149595975875854, 0.0]","Feature_Vector: [1.0, 1.0, 0.0, 0.31149595975875854, 0.0]",1,tweet_6305_888904
3507,4028,"Feature_Vector: [1.0, 0.0, 0.0, 0.5261502861976624, 0.0]","Feature_Vector: [1.0, 1.0, 0.0, 0.06197875365614891, 0.0]",2,tweet_4028_1311581
1718,7310,"Feature_Vector: [1.0, 1.0, 0.0, 0.2728412449359894, 0.0]","Feature_Vector: [1.0, 1.0, 0.0, 0.28416216373443604, 0.0]",3,tweet_7310_1098191
1804,7396,"Feature_Vector: [1.0, 0.0, 0.0, 0.27008870244026184, 0.0]","Feature_Vector: [0.0, 0.0, 0.0, 0.4500423073768616, 0.0]",3,tweet_7396_1273350
2304,3179,"Feature_Vector: [1.0, 1.0, 0.0, 0.38139212131500244, 0.0]","Feature_Vector: [1.0, 0.0, 0.0, 0.7992316484451294, 0.0]",1,tweet_3179_62853
1811,1811,"Feature_Vector: [1.0, 1.0, 0.0, 0.39694780111312866, 0.0]","Feature_Vector: [1.0, 1.0, 0.0, 0.39694780111312866, 0.0]",1,tweet_1811_787335
1914,1914,"Feature_Vector: [0.0, 0.0, 1.0, 0.7615982294082642, 0.0]","Feature_Vector: [0.0, 0.0, 1.0, 0.7615982294082642, 0.0]",1,tweet_1914_789663
1233,6754,"Feature_Vector: [1.0, 1.0, 0.0, 0.33031678199768066, 0.0]","Feature_Vector: [1.0, 0.0, 0.0, 0.3433884084224701, 0.0]",2,tweet_6754_1258013
8154,5705,"Feature_Vector: [1.0, 1.0, 0.0, 0.35462769865989685, 0.0]","Feature_Vector: [1.0, 1.0, 0.0, 0.44831234216690063, 0.0]",1,tweet_5705_734829
8954,2611,"Feature_Vector: [1.0, 1.0, 0.0, 0.30679193139076233, 0.0]","Feature_Vector: [1.0, 1.0, 0.0, 0.3750326335430145, 0.0]",1,tweet_2611_248712
7204,9177,"Feature_Vector: [1.0, 1.0, 0.0, 0.24357321858406067, 0.0]","Feature_Vector: [0.0, 0.0, 0.0, 0.4350508451461792, 0.0]",1,tweet_9177_1026060
4026,2842,"Feature_Vector: [1.0, 1.0, 0.0, 0.3362930715084076, 0.0]","Feature_Vector: [1.0, 1.0, 0.0, 0.15641696751117706, 0.0]",1,tweet_2842_694657
9984,9688,"Feature_Vector: [1.0, 1.0, 0.0, 0.37309733033180237, 0.0]","Feature_Vector: [1.0, 1.0, 0.0, 0.34453070163726807, 0.0]",1,tweet_9688_280211
2543,8366,"Feature_Vector: [1.0, 1.0, 0.0, 0.3634590804576874, 0.0]","Feature_Vector: [0.0, 0.0, 1.0, 0.6133937239646912, 0.0]",1,tweet_8366_679897
7622,4921,"Feature_Vector: [1.0, 1.0, 0.0, 0.4539681077003479, 0.0]","Feature_Vector: [1.0, 1.0, 0.0, 0.6478599309921265, 0.0]",1,tweet_4921_913055
9583,4588,"Feature_Vector: [1.0, 1.0, 0.0, 0.41671139001846313, 0.0]","Feature_Vector: [1.0, 1.0, 0.0, 0.14470288157463074, 0.0]",1,tweet_4588_266960
5259,8049,"Feature_Vector: [1.0, 1.0, 0.0, 0.0, 0.0]","Feature_Vector: [1.0, 0.0, 0.0, 0.42939794063568115, 0.0]",3,tweet_8049_1344478
383,6240,"Feature_Vector: [1.0, 0.0, 0.0, 0.40179452300071716, 0.0]","Feature_Vector: [1.0, 0.0, 0.0, 0.4895900785923004, 0.0]",2,tweet_6240_1230157
2354,7975,"Feature_Vector: [1.0, 1.0, 0.0, 0.3170776963233948, 0.0]","Feature_Vector: [1.0, 1.0, 0.0, 0.3992805480957031, 0.0]",1,tweet_7975_64070
5674,311,"Feature_Vector: [1.0, 1.0, 0.0, 0.36819544434547424, 0.0]","Feature_Vector: [1.0, 1.0, 1.0, 0.742438018321991, 0.0]",1,tweet_311_711013
3736,3736,"Feature_Vector: [0.0, 0.0, 0.0, 0.6534807682037354, 0.0]","Feature_Vector: [0.0, 0.0, 0.0, 0.6534807682037354, 0.0]",1,tweet_3736_832739
652,461,"Feature_Vector: [1.0, 0.0, 1.0, 0.6229747533798218, 0.0]","Feature_Vector: [1.0, 1.0, 0.0, 0.24432046711444855, 0.0]",1,tweet_461_16217
1664,1984,"Feature_Vector: [1.0, 1.0, 0.0, 0.16611197590827942, 0.0]","Feature_Vector: [0.0, 0.0, 1.0, 0.7161551713943481, 0.0]",1,tweet_1984_781912
541,137,"Feature_Vector: [0.0, 0.0, 0.0, 0.4258257746696472, 0.0]","Feature_Vector: [1.0, 1.0, 0.0, 0.4085656404495239, 0.0]",1,tweet_137_13022
8686,1488,"Feature_Vector: [1.0, 1.0, 0.0, 0.38722485303878784, 0.0]","Feature_Vector: [1.0, 1.0, 0.0, 0.44871020317077637, 0.0]",1,tweet_1488_240918
2119,5983,"Feature_Vector: [0.0, 0.0, 0.0, 0.34817954897880554, 0.0]","Feature_Vector: [0.0, 0.0, 0.0, 0.4430868923664093, 0.0]",2,tweet_5983_1282457
2302,2302,"Feature_Vector: [1.0, 1.0, 0.0, 0.5559972524642944, 0.0]","Feature_Vector: [1.0, 1.0, 0.0, 0.5559972524642944, 0.0]",1,tweet_2302_798024
1703,4458,"Feature_Vector: [1.0, 1.0, 0.0, 0.4051101505756378, 0.0]","Feature_Vector: [0.0, 0.0, 0.0, 0.3815227150917053, 0.0]",2,tweet_4458_1270772
4991,8867,"Feature_Vector: [0.0, 0.0, 0.0, 0.30350956320762634, 0.0]","Feature_Vector: [0.0, 0.0, 0.0, 0.6081048250198364, 0.0]",1,tweet_8867_140888
7236,3340,"Feature_Vector: [1.0, 1.0, 0.0, 0.2159947007894516, 0.0]","Feature_Vector: [1.0, 0.0, 0.0, 0.5463641285896301, 0.0]",1,tweet_3340_726655
7133,2470,"Feature_Vector: [1.0, 1.0, 0.0, 0.42413529753685, 0.0]","Feature_Vector: [1.0, 1.0, 0.0, 0.4678705930709839, 0.0]",1,tweet_2470_546843
1057,1057,"Feature_Vector: [1.0, 1.0, 0.0, 0.400177925825119, 0.0]","Feature_Vector: [1.0, 1.0, 0.0, 0.400177925825119, 0.0]",1,tweet_1057_770092
2936,3541,"Feature_Vector: [1.0, 1.0, 0.0, 0.3307996392250061, 0.0]","Feature_Vector: [1.0, 1.0, 0.0, 0.35818982124328613, 0.0]",3,tweet_3541_1127195
8674,8867,"Feature_Vector: [1.0, 1.0, 0.0, 0.3706205487251282, 0.0]","Feature_Vector: [0.0, 0.0, 0.0, 0.6081048250198364, 0.0]",1,tweet_8867_598973
9906,7876,"Feature_Vector: [1.0, 1.0, 0.0, 0.39508140087127686, 0.0]","Feature_Vector: [1.0, 1.0, 0.0, 0.437930703163147, 0.0]",1,tweet_7876_646979
5859,5859,"Feature_Vector: [0.0, 0.0, 0.0, 0.5518944263458252, 0.0]","Feature_Vector: [0.0, 0.0, 0.0, 0.5518944263458252, 0.0]",1,tweet_5859_876225
4217,643,"Feature_Vector: [1.0, 1.0, 0.0, 0.4209521412849426, 0.0]","Feature_Vector: [0.0, 0.0, 1.0, 0.6559633016586304, 0.0]",1,tweet_643_440855
1384,2986,"Feature_Vector: [1.0, 1.0, 0.0, 0.36827796697616577, 0.0]","Feature_Vector: [1.0, 1.0, 0.0, 0.39299169182777405, 0.0]",3,tweet_2986_1088337
8954,2557,"Feature_Vector: [1.0, 1.0, 0.0, 0.30679193139076233, 0.0]","Feature_Vector: [1.0, 1.0, 0.0, 0.3674471080303192, 0.0]",1,tweet_2557_609631
170,5108,"Feature_Vector: [1.0, 1.0, 0.0, 0.25322863459587097, 0.0]","Feature_Vector: [1.0, 1.0, 0.0, 0.3247130513191223, 0.0]",3,tweet_5108_1222736
4814,6408,"Feature_Vector: [1.0, 1.0, 0.0, 0.3377286493778229, 0.0]","Feature_Vector: [1.0, 1.0, 0.0, 0.48257309198379517, 0.0]",3,tweet_6408_1168897
2938,7483,"Feature_Vector: [1.0, 1.0, 0.0, 0.467088907957077, 0.0]","Feature_Vector: [1.0, 0.0, 0.0, 0.4630553722381592, 0.0]",4,tweet_7483_1127292
2739,4033,"Feature_Vector: [1.0, 1.0, 0.0, 0.28267747163772583, 0.0]","Feature_Vector: [1.0, 0.0, 1.0, 0.7227817177772522, 0.0]",1,tweet_4033_388322
541,6039,"Feature_Vector: [0.0, 0.0, 0.0, 0.4258257746696472, 0.0]","Feature_Vector: [1.0, 1.0, 0.0, 0.4729684293270111, 0.0]",4,tweet_6039_1063610
1759,5417,"Feature_Vector: [1.0, 1.0, 0.0, 0.4628397524356842, 0.0]","Feature_Vector: [1.0, 0.0, 1.0, 0.8675563335418701, 0.0]",1,tweet_5417_352304
4438,9571,"Feature_Vector: [1.0, 1.0, 0.0, 0.21720798313617706, 0.0]","Feature_Vector: [1.0, 1.0, 0.0, 0.4219483733177185, 0.0]",1,tweet_9571_698719
283,283,"Feature_Vector: [1.0, 1.0, 0.0, 0.43742451071739197, 0.0]","Feature_Vector: [1.0, 1.0, 0.0, 0.43742451071739197, 0.0]",1,tweet_283_759841
1443,4667,"Feature_Vector: [1.0, 0.0, 0.0, 0.30895739793777466, 0.0]","Feature_Vector: [0.0, 0.0, 0.0, 0.32044973969459534, 0.0]",2,tweet_4667_1263558
765,9452,"Feature_Vector: [1.0, 1.0, 0.0, 0.4310755431652069, 0.0]","Feature_Vector: [1.0, 1.0, 0.0, 0.4355536699295044, 0.0]",3,tweet_9452_1069949
3808,6755,"Feature_Vector: [1.0, 0.0, 1.0, 0.5767660737037659, 0.0]","Feature_Vector: [1.0, 1.0, 0.0, 0.42942583560943604, 0.0]",2,tweet_6755_1317529
1733,1948,"Feature_Vector: [1.0, 1.0, 0.0, 0.35346007347106934, 0.0]","Feature_Vector: [1.0, 1.0, 0.0, 0.17438268661499023, 0.0]",3,tweet_1948_1271514
5348,8394,"Feature_Vector: [1.0, 1.0, 0.0, 0.4007374346256256, 0.0]","Feature_Vector: [1.0, 1.0, 0.0, 0.3523772060871124, 0.0]",3,tweet_8394_1179314
435,5754,"Feature_Vector: [1.0, 1.0, 0.0, 0.3339173197746277, 0.0]","Feature_Vector: [1.0, 0.0, 0.0, 0.5259338617324829, 0.0]",2,tweet_5754_1231469
7769,6046,"Feature_Vector: [1.0, 0.0, 0.0, 0.6097517609596252, 0.0]","Feature_Vector: [1.0, 1.0, 0.0, 0.5971161723136902, 0.0]",1,tweet_6046_567633
3274,7319,"Feature_Vector: [1.0, 1.0, 0.0, 0.2779734432697296, 0.0]","Feature_Vector: [1.0, 1.0, 0.0, 0.35993775725364685, 0.0]",1,tweet_7319_408810
1001,6408,"Feature_Vector: [1.0, 1.0, 0.0, 0.2834247052669525, 0.0]","Feature_Vector: [1.0, 1.0, 0.0, 0.48257309198379517, 0.0]",1,tweet_6408_322187
349,349,"Feature_Vector: [1.0, 0.0, 0.0, 0.4486308693885803, 0.0]","Feature_Vector: [1.0, 0.0, 0.0, 0.4486308693885803, 0.0]",1,tweet_349_760782
4975,6211,"Feature_Vector: [1.0, 1.0, 0.0, 0.25129419565200806, 0.0]","Feature_Vector: [1.0, 0.0, 0.0, 0.4037632346153259, 0.0]",2,tweet_6211_1339307
1890,3680,"Feature_Vector: [1.0, 1.0, 0.0, 0.3523772060871124, 0.0]","Feature_Vector: [1.0, 1.0, 0.0, 0.3595539927482605, 0.0]",1,tweet_3680_357335
7271,9850,"Feature_Vector: [1.0, 0.0, 0.0, 0.6524412035942078, 0.0]","Feature_Vector: [1.0, 0.0, 0.0, 0.5803412199020386, 0.0]",3,tweet_9850_1371073
9287,9287,"Feature_Vector: [1.0, 1.0, 0.0, 0.43819403648376465, 0.0]","Feature_Vector: [1.0, 1.0, 0.0, 0.43819403648376465, 0.0]",1,tweet_9287_945566
5797,9135,"Feature_Vector: [1.0, 1.0, 0.0, 0.3247130513191223, 0.0]","Feature_Vector: [1.0, 1.0, 0.0, 0.34076395630836487, 0.0]",1,tweet_9135_497859
3043,4450,"Feature_Vector: [1.0, 1.0, 0.0, 0.47009843587875366, 0.0]","Feature_Vector: [1.0, 1.0, 0.0, 0.4428674578666687, 0.0]",3,tweet_4450_1130144
782,7699,"Feature_Vector: [1.0, 1.0, 0.0, 0.3621871769428253, 0.0]","Feature_Vector: [1.0, 1.0, 0.0, 0.3373017907142639, 0.0]",2,tweet_7699_1243531
9160,3487,"Feature_Vector: [0.0, 0.0, 0.0, 0.3374444246292114, 0.0]","Feature_Vector: [1.0, 1.0, 1.0, 0.6530749797821045, 0.0]",1,tweet_3487_1038304
8434,7635,"Feature_Vector: [0.0, 0.0, 1.0, 0.5108802318572998, 0.0]","Feature_Vector: [1.0, 1.0, 0.0, 0.40119946002960205, 0.0]",1,tweet_7635_233251
9634,9519,"Feature_Vector: [1.0, 1.0, 0.0, 0.3876360058784485, 0.0]","Feature_Vector: [1.0, 1.0, 0.0, 0.4670172929763794, 0.0]",1,tweet_9519_635446
466,605,"Feature_Vector: [1.0, 1.0, 0.0, 0.28267747163772583, 0.0]","Feature_Vector: [0.0, 0.0, 0.0, 0.34758755564689636, 0.0]",3,tweet_605_1060656
9624,9705,"Feature_Vector: [0.0, 0.0, 0.0, 0.4119359254837036, 0.0]","Feature_Vector: [1.0, 0.0, 1.0, 0.6045005321502686, 0.0]",1,tweet_9705_268355
71,8938,"Feature_Vector: [1.0, 1.0, 0.0, 0.4056655466556549, 0.0]","Feature_Vector: [1.0, 1.0, 0.0, 0.4468768835067749, 0.0]",1,tweet_8938_2129
9458,1779,"Feature_Vector: [1.0, 1.0, 0.0, 0.25129419565200806, 0.0]","Feature_Vector: [1.0, 1.0, 0.0, 0.43864601850509644, 0.0]",1,tweet_1779_746411
3136,5971,"Feature_Vector: [1.0, 1.0, 0.0, 0.3600333034992218, 0.0]","Feature_Vector: [1.0, 1.0, 0.0, 0.2719385623931885, 0.0]",1,tweet_5971_86865
7296,2638,"Feature_Vector: [1.0, 1.0, 0.0, 0.29747888445854187, 0.0]","Feature_Vector: [1.0, 1.0, 0.0, 0.4045058488845825, 0.0]",1,tweet_2638_552774
5288,5288,"Feature_Vector: [1.0, 1.0, 0.0, 0.40498119592666626, 0.0]","Feature_Vector: [1.0, 1.0, 0.0, 0.40498119592666626, 0.0]",1,tweet_5288_864817
4313,1166,"Feature_Vector: [1.0, 0.0, 0.0, 0.30479469895362854, 0.0]","Feature_Vector: [0.0, 0.0, 0.0, 0.5013701319694519, 0.0]",1,tweet_1166_442792
8236,4521,"Feature_Vector: [1.0, 1.0, 0.0, 0.3590705692768097, 0.0]","Feature_Vector: [1.0, 1.0, 0.0, 0.2775631546974182, 0.0]",1,tweet_4521_229728
9299,5761,"Feature_Vector: [1.0, 1.0, 0.0, 0.23098446428775787, 0.0]","Feature_Vector: [1.0, 1.0, 0.0, 0.3507128953933716, 0.0]",1,tweet_5761_619535
4395,3736,"Feature_Vector: [1.0, 1.0, 0.0, 0.31768760085105896, 0.0]","Feature_Vector: [0.0, 0.0, 0.0, 0.6534807682037354, 0.0]",1,tweet_3736_846135
3028,8296,"Feature_Vector: [0.0, 0.0, 0.0, 0.4539681077003479, 0.0]","Feature_Vector: [1.0, 0.0, 1.0, 0.8148944973945618, 0.0]",1,tweet_8296_812856
4481,4377,"Feature_Vector: [1.0, 1.0, 0.0, 0.32064196467399597, 0.0]","Feature_Vector: [1.0, 1.0, 0.0, 0.36461499333381653, 0.0]",1,tweet_4377_699431
10003,6507,"Feature_Vector: [1.0, 1.0, 0.0, 0.3003002405166626, 0.0]","Feature_Vector: [1.0, 1.0, 0.0, 0.3307996392250061, 0.0]",1,tweet_6507_649804
2355,4953,"Feature_Vector: [1.0, 1.0, 0.0, 0.2859647274017334, 0.0]","Feature_Vector: [1.0, 1.0, 0.0, 0.4879035949707031, 0.0]",1,tweet_4953_374058
6578,4175,"Feature_Vector: [1.0, 0.0, 0.0, 0.31349119544029236, 0.0]","Feature_Vector: [1.0, 0.0, 0.0, 0.5835127234458923, 0.0]",1,tweet_4175_528724
1716,7723,"Feature_Vector: [1.0, 1.0, 0.0, 0.3727174401283264, 0.0]","Feature_Vector: [1.0, 1.0, 1.0, 0.709007740020752, 0.0]",1,tweet_7723_782810
4403,7831,"Feature_Vector: [1.0, 1.0, 0.0, 0.2472141981124878, 0.0]","Feature_Vector: [1.0, 1.0, 0.0, 0.43074944615364075, 0.0]",1,tweet_7831_846295
999,7471,"Feature_Vector: [1.0, 1.0, 0.0, 0.40705132484436035, 0.0]","Feature_Vector: [1.0, 1.0, 0.0, 0.4045925736427307, 0.0]",3,tweet_7471_1076914
3021,5607,"Feature_Vector: [1.0, 1.0, 0.0, 0.3208335340023041, 0.0]","Feature_Vector: [1.0, 1.0, 0.0, 0.41497212648391724, 0.0]",1,tweet_5607_83281
8038,8038,"Feature_Vector: [1.0, 1.0, 0.0, 0.4917384386062622, 0.0]","Feature_Vector: [1.0, 1.0, 0.0, 0.4917384386062622, 0.0]",1,tweet_8038_922539
9667,5576,"Feature_Vector: [1.0, 1.0, 0.0, 0.2380456179380417, 0.0]","Feature_Vector: [1.0, 1.0, 0.0, 0.35313737392425537, 0.0]",1,tweet_5576_636315
8271,5972,"Feature_Vector: [1.0, 1.0, 0.0, 0.33758673071861267, 0.0]","Feature_Vector: [0.0, 0.0, 1.0, 0.7603167295455933, 0.0]",1,tweet_5972_927466
2762,6711,"Feature_Vector: [0.0, 0.0, 0.0, 0.44869038462638855, 0.0]","Feature_Vector: [1.0, 1.0, 0.0, 0.3522677719593048, 0.0]",1,tweet_6711_77061
6853,9590,"Feature_Vector: [1.0, 1.0, 0.0, 0.44064778089523315, 0.0]","Feature_Vector: [1.0, 1.0, 0.0, 0.2799813449382782, 0.0]",1,tweet_9590_192642
5163,3639,"Feature_Vector: [1.0, 1.0, 0.0, 0.4239818751811981, 0.0]","Feature_Vector: [1.0, 1.0, 0.0, 0.3891374468803406, 0.0]",1,tweet_3639_477366
1252,5241,"Feature_Vector: [1.0, 0.0, 0.0, 0.2250405102968216, 0.0]","Feature_Vector: [0.0, 0.0, 0.0, 0.5940559506416321, 0.0]",1,tweet_5241_773667
6024,7714,"Feature_Vector: [1.0, 0.0, 0.0, 0.4011073708534241, 0.0]","Feature_Vector: [1.0, 1.0, 0.0, 0.48234423995018005, 0.0]",3,tweet_7714_1188119
1000,9816,"Feature_Vector: [1.0, 1.0, 0.0, 0.41011902689933777, 0.0]","Feature_Vector: [1.0, 1.0, 0.0, 0.47644394636154175, 0.0]",1,tweet_9816_322154
8936,1650,"Feature_Vector: [1.0, 1.0, 0.0, 0.343771755695343, 0.0]","Feature_Vector: [1.0, 1.0, 0.0, 0.4598126709461212, 0.0]",1,tweet_1650_247611
3487,3487,"Feature_Vector: [1.0, 1.0, 1.0, 0.6530749797821045, 0.0]","Feature_Vector: [1.0, 1.0, 1.0, 0.6530749797821045, 0.0]",1,tweet_3487_823042
6145,6984,"Feature_Vector: [1.0, 1.0, 0.0, 0.2799813449382782, 0.0]","Feature_Vector: [1.0, 1.0, 0.0, 0.28666993975639343, 0.0]",1,tweet_6984_513077
3820,3797,"Feature_Vector: [1.0, 1.0, 1.0, 0.5129745006561279, 0.0]","Feature_Vector: [1.0, 1.0, 0.0, 0.16900572180747986, 0.0]",1,tweet_3797_106253
3339,2332,"Feature_Vector: [1.0, 0.0, 1.0, 0.7193793654441833, 0.0]","Feature_Vector: [1.0, 1.0, 1.0, 0.6547492742538452, 0.0]",1,tweet_2332_412553
2203,4585,"Feature_Vector: [1.0, 1.0, 0.0, 0.3158377408981323, 0.0]","Feature_Vector: [1.0, 1.0, 0.0, 0.3819127082824707, 0.0]",1,tweet_4585_367895
7939,1213,"Feature_Vector: [1.0, 1.0, 0.0, 0.2819201946258545, 0.0]","Feature_Vector: [1.0, 1.0, 0.0, 0.3689339756965637, 0.0]",1,tweet_1213_221811
7886,7886,"Feature_Vector: [1.0, 1.0, 0.0, 0.39674896001815796, 0.0]","Feature_Vector: [1.0, 1.0, 0.0, 0.39674896001815796, 0.0]",1,tweet_7886_919985
2061,4896,"Feature_Vector: [1.0, 1.0, 0.0, 0.4034987688064575, 0.0]","Feature_Vector: [1.0, 1.0, 0.0, 0.43439042568206787, 0.0]",1,tweet_4896_361969
3380,7787,"Feature_Vector: [1.0, 1.0, 0.0, 0.39065542817115784, 0.0]","Feature_Vector: [1.0, 1.0, 0.0, 0.45477497577667236, 0.0]",1,tweet_7787_94244
6666,9816,"Feature_Vector: [1.0, 1.0, 0.0, 0.4401654899120331, 0.0]","Feature_Vector: [1.0, 1.0, 0.0, 0.47644394636154175, 0.0]",1,tweet_9816_187746
3760,9670,"Feature_Vector: [1.0, 1.0, 0.0, 0.34182843565940857, 0.0]","Feature_Vector: [1.0, 1.0, 0.0, 0.31081485748291016, 0.0]",1,tweet_9670_426195
1398,6026,"Feature_Vector: [1.0, 1.0, 0.0, 0.4219483733177185, 0.0]","Feature_Vector: [1.0, 1.0, 0.0, 0.2957157492637634, 0.0]",1,tweet_6026_336048
7838,7838,"Feature_Vector: [0.0, 0.0, 1.0, 0.5069748163223267, 0.0]","Feature_Vector: [0.0, 0.0, 1.0, 0.5069748163223267, 0.0]",1,tweet_7838_1029763
3117,5589,"Feature_Vector: [1.0, 1.0, 0.0, 0.3166674077510834, 0.0]","Feature_Vector: [1.0, 1.0, 0.0, 0.3178894519805908, 0.0]",3,tweet_5589_1131595
8119,3790,"Feature_Vector: [1.0, 1.0, 0.0, 0.3907662630081177, 0.0]","Feature_Vector: [1.0, 1.0, 0.0, 0.2691405415534973, 0.0]",1,tweet_3790_226172
6152,9068,"Feature_Vector: [1.0, 1.0, 0.0, 0.444364458322525, 0.0]","Feature_Vector: [1.0, 1.0, 0.0, 0.24127022922039032, 0.0]",3,tweet_9068_1190462
10085,9120,"Feature_Vector: [1.0, 1.0, 0.0, 0.29233288764953613, 0.0]","Feature_Vector: [1.0, 0.0, 0.0, 0.46556583046913147, 0.0]",1,tweet_9120_970606
9452,9189,"Feature_Vector: [1.0, 1.0, 0.0, 0.4355536699295044, 0.0]","Feature_Vector: [1.0, 1.0, 0.0, 0.35679182410240173, 0.0]",1,tweet_9189_625984
8038,1525,"Feature_Vector: [1.0, 1.0, 0.0, 0.4917384386062622, 0.0]","Feature_Vector: [0.0, 0.0, 0.0, 0.5500404238700867, 0.0]",1,tweet_1525_922560
12,5436,"Feature_Vector: [1.0, 1.0, 0.0, 0.47015267610549927, 0.0]","Feature_Vector: [1.0, 1.0, 0.0, 0.25570884346961975, 0.0]",1,tweet_5436_286
5915,15,"Feature_Vector: [1.0, 1.0, 0.0, 0.3362930715084076, 0.0]","Feature_Vector: [0.0, 0.0, 0.0, 0.2819201946258545, 0.0]",1,tweet_15_166340
9505,2139,"Feature_Vector: [0.0, 0.0, 0.0, 0.38692933320999146, 0.0]","Feature_Vector: [1.0, 1.0, 0.0, 0.4221391975879669, 0.0]",1,tweet_2139_628180
3730,2880,"Feature_Vector: [1.0, 1.0, 0.0, 0.2807649075984955, 0.0]","Feature_Vector: [1.0, 1.0, 0.0, 0.3704620599746704, 0.0]",1,tweet_2880_104783
5072,8847,"Feature_Vector: [1.0, 1.0, 0.0, 0.13527844846248627, 0.0]","Feature_Vector: [1.0, 1.0, 0.0, 0.35462769865989685, 0.0]",2,tweet_8847_1341021
5870,9676,"Feature_Vector: [1.0, 1.0, 0.0, 0.4528924524784088, 0.0]","Feature_Vector: [1.0, 1.0, 0.0, 0.33829280734062195, 0.0]",3,tweet_9676_1186048
1495,3963,"Feature_Vector: [1.0, 0.0, 0.0, 0.30605122447013855, 0.0]","Feature_Vector: [1.0, 1.0, 0.0, 0.19552120566368103, 0.0]",3,tweet_3963_1265202
9163,9163,"Feature_Vector: [1.0, 1.0, 0.0, 0.3441525101661682, 0.0]","Feature_Vector: [1.0, 1.0, 0.0, 0.3441525101661682, 0.0]",1,tweet_9163_942306
933,6637,"Feature_Vector: [1.0, 1.0, 0.0, 0.12395750731229782, 0.0]","Feature_Vector: [1.0, 1.0, 0.0, 0.039104241877794266, 0.0]",3,tweet_6637_1075578
1603,5451,"Feature_Vector: [1.0, 1.0, 0.0, 0.1792914718389511, 0.0]","Feature_Vector: [1.0, 1.0, 0.0, 0.2710212171077728, 0.0]",3,tweet_5451_1268032
1219,2987,"Feature_Vector: [1.0, 1.0, 0.0, 0.33643826842308044, 0.0]","Feature_Vector: [1.0, 1.0, 0.0, 0.3522677719593048, 0.0]",1,tweet_2987_31513
2586,5955,"Feature_Vector: [1.0, 1.0, 0.0, 0.422012060880661, 0.0]","Feature_Vector: [1.0, 1.0, 0.0, 0.42804187536239624, 0.0]",1,tweet_5955_383021
4585,877,"Feature_Vector: [1.0, 1.0, 0.0, 0.3819127082824707, 0.0]","Feature_Vector: [1.0, 0.0, 0.0, 0.7089249491691589, 0.0]",1,tweet_877_700464
4368,4957,"Feature_Vector: [1.0, 0.0, 0.0, 0.424835741519928, 0.0]","Feature_Vector: [1.0, 0.0, 1.0, 0.5693870782852173, 0.0]",1,tweet_4957_1006221
2161,4104,"Feature_Vector: [1.0, 1.0, 0.0, 0.3854280412197113, 0.0]","Feature_Vector: [1.0, 1.0, 0.0, 0.3771861493587494, 0.0]",3,tweet_4104_1108210
3315,696,"Feature_Vector: [1.0, 1.0, 0.0, 0.41035425662994385, 0.0]","Feature_Vector: [1.0, 1.0, 0.0, 0.343771755695343, 0.0]",1,tweet_696_410975
6009,266,"Feature_Vector: [1.0, 1.0, 0.0, 0.23003628849983215, 0.0]","Feature_Vector: [1.0, 1.0, 0.0, 0.3602238893508911, 0.0]",1,tweet_266_168877
2027,3475,"Feature_Vector: [1.0, 1.0, 0.0, 0.5355797410011292, 0.0]","Feature_Vector: [1.0, 1.0, 0.0, 0.32783839106559753, 0.0]",1,tweet_3475_54753
2061,2876,"Feature_Vector: [1.0, 1.0, 0.0, 0.4034987688064575, 0.0]","Feature_Vector: [1.0, 1.0, 0.0, 0.44601020216941833, 0.0]",1,tweet_2876_55722
2759,2461,"Feature_Vector: [1.0, 1.0, 0.0, 0.34864869713783264, 0.0]","Feature_Vector: [1.0, 1.0, 0.0, 0.29233288764953613, 0.0]",1,tweet_2461_389703
9416,8846,"Feature_Vector: [1.0, 1.0, 0.0, 0.21720798313617706, 0.0]","Feature_Vector: [1.0, 1.0, 0.0, 0.3003002405166626, 1.0]",1,tweet_8846_259963
1377,3651,"Feature_Vector: [1.0, 1.0, 0.0, 0.3456503450870514, 0.0]","Feature_Vector: [0.0, 0.0, 0.0, 0.5222992897033691, 0.0]",3,tweet_3651_1261679
7765,2051,"Feature_Vector: [1.0, 1.0, 0.0, 0.4269738495349884, 0.0]","Feature_Vector: [0.0, 0.0, 0.0, 0.37973371148109436, 0.0]",1,tweet_2051_216768
9976,9976,"Feature_Vector: [1.0, 1.0, 0.0, 0.5263208746910095, 0.0]","Feature_Vector: [1.0, 1.0, 0.0, 0.5263208746910095, 0.0]",1,tweet_9976_968611
3775,9841,"Feature_Vector: [1.0, 0.0, 0.0, 0.32064196467399597, 0.0]","Feature_Vector: [0.0, 0.0, 0.0, 0.3878113031387329, 0.0]",2,tweet_9841_1316949
71,802,"Feature_Vector: [1.0, 1.0, 0.0, 0.4056655466556549, 0.0]","Feature_Vector: [1.0, 1.0, 0.0, 0.25570884346961975, 0.0]",1,tweet_802_1997
7125,9468,"Feature_Vector: [1.0, 1.0, 0.0, 0.30428415536880493, 0.0]","Feature_Vector: [1.0, 1.0, 0.0, 0.4958128333091736, 0.0]",1,tweet_9468_903358
4633,7568,"Feature_Vector: [1.0, 1.0, 0.0, 0.46397024393081665, 0.0]","Feature_Vector: [1.0, 1.0, 0.0, 0.38942164182662964, 0.0]",1,tweet_7568_455840
5871,5871,"Feature_Vector: [1.0, 1.0, 0.0, 0.486001580953598, 0.0]","Feature_Vector: [1.0, 1.0, 0.0, 0.486001580953598, 0.0]",1,tweet_5871_880050
6903,7787,"Feature_Vector: [1.0, 1.0, 0.0, 0.5009790658950806, 0.0]","Feature_Vector: [1.0, 1.0, 0.0, 0.45477497577667236, 0.0]",1,tweet_7787_539126
4694,4694,"Feature_Vector: [1.0, 1.0, 0.0, 0.3756149709224701, 0.0]","Feature_Vector: [1.0, 1.0, 0.0, 0.3756149709224701, 0.0]",1,tweet_4694_1009223
6503,7699,"Feature_Vector: [0.0, 0.0, 0.0, 0.5692164301872253, 0.0]","Feature_Vector: [1.0, 1.0, 0.0, 0.3373017907142639, 0.0]",3,tweet_7699_1362278
9098,9098,"Feature_Vector: [1.0, 1.0, 0.0, 0.46901625394821167, 0.0]","Feature_Vector: [1.0, 1.0, 0.0, 0.46901625394821167, 0.0]",1,tweet_9098_1038139
5948,2806,"Feature_Vector: [0.0, 0.0, 0.0, 0.3780250549316406, 0.0]","Feature_Vector: [0.0, 0.0, 0.0, 0.5182469487190247, 0.0]",1,tweet_2806_504641
535,2260,"Feature_Vector: [1.0, 1.0, 0.0, 0.4136961102485657, 0.0]","Feature_Vector: [1.0, 1.0, 0.0, 0.3388513922691345, 0.0]",3,tweet_2260_1063109
2158,6881,"Feature_Vector: [1.0, 1.0, 0.0, 0.38463127613067627, 0.0]","Feature_Vector: [1.0, 1.0, 0.0, 0.25749996304512024, 0.0]",1,tweet_6881_58434
1533,1293,"Feature_Vector: [1.0, 1.0, 0.0, 0.35346007347106934, 0.0]","Feature_Vector: [1.0, 1.0, 0.0, 0.2848901152610779, 0.0]",1,tweet_1293_41461
2201,3505,"Feature_Vector: [1.0, 0.0, 1.0, 0.4369869828224182, 0.0]","Feature_Vector: [0.0, 0.0, 0.0, 0.30703669786453247, 0.0]",2,tweet_3505_1284279
1446,4406,"Feature_Vector: [1.0, 1.0, 0.0, 0.25631222128868103, 0.0]","Feature_Vector: [1.0, 1.0, 0.0, 0.23003628849983215, 0.0]",2,tweet_4406_1089762
644,6579,"Feature_Vector: [1.0, 0.0, 1.0, 0.5555992126464844, 0.0]","Feature_Vector: [1.0, 1.0, 0.0, 0.4581605792045593, 0.0]",1,tweet_6579_309577
6780,6780,"Feature_Vector: [1.0, 1.0, 0.0, 0.4892529249191284, 0.0]","Feature_Vector: [1.0, 1.0, 0.0, 0.4892529249191284, 0.0]",1,tweet_6780_1022547
1414,8079,"Feature_Vector: [1.0, 1.0, 0.0, 0.40124547481536865, 0.0]","Feature_Vector: [1.0, 1.0, 0.0, 0.3855496346950531, 0.0]",1,tweet_8079_36821
8721,5241,"Feature_Vector: [1.0, 1.0, 0.0, 0.43620067834854126, 0.0]","Feature_Vector: [0.0, 0.0, 0.0, 0.5940559506416321, 0.0]",1,tweet_5241_739792
9581,9978,"Feature_Vector: [0.0, 0.0, 0.0, 0.4608611762523651, 0.0]","Feature_Vector: [1.0, 1.0, 0.0, 0.2894057631492615, 0.0]",2,tweet_9978_1384279
672,9515,"Feature_Vector: [0.0, 0.0, 0.0, 0.446671724319458, 0.0]","Feature_Vector: [0.0, 0.0, 0.0, 0.4163607656955719, 0.0]",1,tweet_9515_310180
4154,9127,"Feature_Vector: [1.0, 1.0, 0.0, 0.28416216373443604, 0.0]","Feature_Vector: [1.0, 1.0, 0.0, 0.27372968196868896, 0.0]",3,tweet_9127_1155707
9126,5875,"Feature_Vector: [0.0, 0.0, 1.0, 0.6790704727172852, 0.0]","Feature_Vector: [1.0, 0.0, 0.0, 0.5236859321594238, 0.0]",1,tweet_5875_614610
9510,10103,"Feature_Vector: [1.0, 1.0, 0.0, 0.29890719056129456, 0.0]","Feature_Vector: [1.0, 0.0, 0.0, 0.37148424983024597, 0.0]",2,tweet_10103_1384140
7219,4758,"Feature_Vector: [1.0, 1.0, 0.0, 0.3162540793418884, 0.0]","Feature_Vector: [1.0, 1.0, 0.0, 0.35281285643577576, 0.0]",1,tweet_4758_550255
5912,7808,"Feature_Vector: [1.0, 1.0, 0.0, 0.47838640213012695, 0.0]","Feature_Vector: [1.0, 1.0, 0.0, 0.3840106427669525, 0.0]",1,tweet_7808_166000
2516,6639,"Feature_Vector: [1.0, 1.0, 0.0, 0.40671849250793457, 0.0]","Feature_Vector: [1.0, 1.0, 0.0, 0.2945089638233185, 0.0]",1,tweet_6639_69497
9174,8933,"Feature_Vector: [1.0, 1.0, 0.0, 0.29511559009552, 0.0]","Feature_Vector: [1.0, 1.0, 0.0, 0.3494604527950287, 0.0]",1,tweet_8933_253771
1489,8838,"Feature_Vector: [1.0, 1.0, 0.0, 0.3013904392719269, 0.0]","Feature_Vector: [1.0, 1.0, 0.0, 0.19552120566368103, 0.0]",3,tweet_8838_1265009
8504,9929,"Feature_Vector: [1.0, 0.0, 0.0, 0.3671954274177551, 0.0]","Feature_Vector: [1.0, 0.0, 0.0, 0.5829850435256958, 0.0]",2,tweet_9929_1380829
2539,6560,"Feature_Vector: [1.0, 1.0, 0.0, 0.36917802691459656, 0.0]","Feature_Vector: [0.0, 0.0, 0.0, 0.24860724806785583, 0.0]",3,tweet_6560_1291567
9583,2379,"Feature_Vector: [1.0, 1.0, 0.0, 0.41671139001846313, 0.0]","Feature_Vector: [1.0, 0.0, 0.0, 0.5706999897956848, 0.0]",1,tweet_2379_953951
5682,8556,"Feature_Vector: [1.0, 1.0, 0.0, 0.2903984487056732, 0.0]","Feature_Vector: [1.0, 1.0, 1.0, 0.5624136924743652, 0.0]",2,tweet_8556_1351271
6199,1791,"Feature_Vector: [1.0, 1.0, 0.0, 0.35335269570350647, 0.0]","Feature_Vector: [1.0, 1.0, 0.0, 0.30605122447013855, 0.0]",1,tweet_1791_175378
2442,9906,"Feature_Vector: [1.0, 1.0, 0.0, 0.29169541597366333, 0.0]","Feature_Vector: [1.0, 1.0, 0.0, 0.39508140087127686, 0.0]",1,tweet_9906_66665
12,9860,"Feature_Vector: [1.0, 1.0, 0.0, 0.47015267610549927, 0.0]","Feature_Vector: [1.0, 1.0, 0.0, 0.4088074266910553, 0.0]",1,tweet_9860_166
9787,7055,"Feature_Vector: [1.0, 1.0, 0.0, 0.3908768892288208, 0.0]","Feature_Vector: [1.0, 1.0, 0.0, 0.3675307333469391, 0.0]",1,tweet_7055_273528
1781,9923,"Feature_Vector: [1.0, 1.0, 0.0, 0.3288428485393524, 0.0]","Feature_Vector: [1.0, 1.0, 0.0, 0.3168729245662689, 0.0]",3,tweet_9923_1099973
4871,10011,"Feature_Vector: [1.0, 1.0, 0.0, 0.4154030680656433, 0.0]","Feature_Vector: [1.0, 1.0, 0.0, 0.4414876103401184, 0.0]",2,tweet_10011_1170712
3317,3317,"Feature_Vector: [1.0, 1.0, 0.0, 0.2986243963241577, 0.0]","Feature_Vector: [1.0, 1.0, 0.0, 0.2986243963241577, 0.0]",1,tweet_3317_819421
6017,8938,"Feature_Vector: [0.0, 0.0, 0.0, 0.4538053572177887, 0.0]","Feature_Vector: [1.0, 1.0, 0.0, 0.4468768835067749, 0.0]",1,tweet_8938_507708
2481,5972,"Feature_Vector: [1.0, 1.0, 1.0, 0.516990602016449, 0.0]","Feature_Vector: [0.0, 0.0, 1.0, 0.7603167295455933, 0.0]",1,tweet_5972_804520
8461,2458,"Feature_Vector: [1.0, 0.0, 1.0, 0.46866941452026367, 0.0]","Feature_Vector: [1.0, 0.0, 0.0, 0.5667100548744202, 0.0]",1,tweet_2458_591780
5083,491,"Feature_Vector: [0.0, 0.0, 0.0, 0.4456765055656433, 0.0]","Feature_Vector: [1.0, 0.0, 0.0, 0.5038406252861023, 0.0]",1,tweet_491_143482
3927,8326,"Feature_Vector: [1.0, 1.0, 0.0, 0.2938957214355469, 0.0]","Feature_Vector: [1.0, 1.0, 0.0, 0.4364475905895233, 0.0]",1,tweet_8326_693736
1620,1620,"Feature_Vector: [1.0, 1.0, 0.0, 0.35302940011024475, 0.0]","Feature_Vector: [1.0, 1.0, 0.0, 0.35302940011024475, 0.0]",1,tweet_1620_781437
10084,1741,"Feature_Vector: [1.0, 1.0, 0.0, 0.34527960419654846, 0.0]","Feature_Vector: [1.0, 1.0, 1.0, 0.7139075994491577, 0.0]",1,tweet_1741_652504
2820,9768,"Feature_Vector: [1.0, 1.0, 0.0, 0.4255574941635132, 0.0]","Feature_Vector: [1.0, 1.0, 0.0, 0.40795662999153137, 0.0]",1,tweet_9768_77504
2999,7121,"Feature_Vector: [0.0, 0.0, 0.0, 0.4279560148715973, 0.0]","Feature_Vector: [1.0, 1.0, 0.0, 0.18996766209602356, 0.0]",3,tweet_7121_1301097
5839,3302,"Feature_Vector: [1.0, 1.0, 0.0, 0.4002247750759125, 0.0]","Feature_Vector: [1.0, 1.0, 0.0, 0.4583613872528076, 0.0]",1,tweet_3302_498770
736,1578,"Feature_Vector: [1.0, 1.0, 0.0, 0.52010577917099, 0.0]","Feature_Vector: [0.0, 0.0, 0.0, 0.5867338180541992, 0.0]",1,tweet_1578_312816
1742,1742,"Feature_Vector: [1.0, 1.0, 0.0, 0.48030951619148254, 0.0]","Feature_Vector: [1.0, 1.0, 0.0, 0.48030951619148254, 0.0]",1,tweet_1742_783398
5248,9785,"Feature_Vector: [1.0, 1.0, 0.0, 0.40296614170074463, 0.0]","Feature_Vector: [1.0, 1.0, 0.0, 0.3590705692768097, 0.0]",1,tweet_9785_481746
1599,7779,"Feature_Vector: [1.0, 1.0, 0.0, 0.3800693154335022, 0.0]","Feature_Vector: [1.0, 1.0, 0.0, 0.37539729475975037, 0.0]",1,tweet_7779_984839
9787,9986,"Feature_Vector: [1.0, 1.0, 0.0, 0.3908768892288208, 0.0]","Feature_Vector: [0.0, 0.0, 1.0, 0.5123428106307983, 0.0]",1,tweet_9986_750080
1811,1811,"Feature_Vector: [1.0, 1.0, 0.0, 0.39694780111312866, 0.0]","Feature_Vector: [1.0, 1.0, 0.0, 0.39694780111312866, 0.0]",1,tweet_1811_786653
6631,5492,"Feature_Vector: [1.0, 1.0, 0.0, 0.2994685471057892, 0.0]","Feature_Vector: [1.0, 1.0, 0.0, 0.3243548572063446, 0.0]",1,tweet_5492_531228
3058,7816,"Feature_Vector: [1.0, 0.0, 0.0, 0.2754656970500946, 0.0]","Feature_Vector: [1.0, 1.0, 0.0, 0.2052162140607834, 1.0]",2,tweet_7816_1302496
2013,4806,"Feature_Vector: [1.0, 1.0, 0.0, 0.31986913084983826, 0.0]","Feature_Vector: [1.0, 0.0, 1.0, 0.7618684768676758, 0.0]",1,tweet_4806_360313
932,3082,"Feature_Vector: [1.0, 1.0, 0.0, 0.35116153955459595, 0.0]","Feature_Vector: [1.0, 0.0, 1.0, 0.5919924974441528, 0.0]",1,tweet_3082_664379
10088,4953,"Feature_Vector: [1.0, 1.0, 0.0, 0.38132673501968384, 0.0]","Feature_Vector: [1.0, 1.0, 0.0, 0.4879035949707031, 0.0]",1,tweet_4953_283552
9127,369,"Feature_Vector: [1.0, 1.0, 0.0, 0.27372968196868896, 0.0]","Feature_Vector: [0.0, 0.0, 0.0, 0.3586808145046234, 0.0]",1,tweet_369_1038231
2586,6798,"Feature_Vector: [1.0, 1.0, 0.0, 0.422012060880661, 0.0]","Feature_Vector: [1.0, 1.0, 0.0, 0.5117623209953308, 0.0]",3,tweet_6798_1119836
7266,8168,"Feature_Vector: [1.0, 1.0, 0.0, 0.40528160333633423, 0.0]","Feature_Vector: [1.0, 1.0, 0.0, 0.2791867256164551, 0.0]",2,tweet_8168_1202675
5740,7310,"Feature_Vector: [1.0, 1.0, 0.0, 0.19894136488437653, 0.0]","Feature_Vector: [1.0, 1.0, 0.0, 0.28416216373443604, 0.0]",2,tweet_7310_1183993
6706,6706,"Feature_Vector: [1.0, 1.0, 0.0, 0.3451554775238037, 0.0]","Feature_Vector: [1.0, 1.0, 0.0, 0.3451554775238037, 0.0]",1,tweet_6706_894145
4447,10081,"Feature_Vector: [1.0, 1.0, 0.0, 0.1097794845700264, 0.0]","Feature_Vector: [1.0, 1.0, 0.0, 0.14470288157463074, 0.0]",3,tweet_10081_1161083
3527,45,"Feature_Vector: [1.0, 1.0, 0.0, 0.45504137873649597, 0.0]","Feature_Vector: [0.0, 0.0, 0.0, 0.4596169590950012, 0.0]",1,tweet_45_96915
6555,4896,"Feature_Vector: [1.0, 1.0, 0.0, 0.4464039206504822, 0.0]","Feature_Vector: [1.0, 1.0, 0.0, 0.43439042568206787, 0.0]",1,tweet_4896_184436
8326,8678,"Feature_Vector: [1.0, 1.0, 0.0, 0.4364475905895233, 0.0]","Feature_Vector: [1.0, 1.0, 0.0, 0.33496904373168945, 0.0]",3,tweet_8678_1209885
1850,2877,"Feature_Vector: [0.0, 0.0, 0.0, 0.3764773905277252, 0.0]","Feature_Vector: [1.0, 0.0, 0.0, 0.4218846261501312, 0.0]",3,tweet_2877_1274864
6883,7249,"Feature_Vector: [1.0, 1.0, 0.0, 0.34300243854522705, 0.0]","Feature_Vector: [1.0, 1.0, 0.0, 0.4997010827064514, 0.0]",1,tweet_7249_896223
5151,4062,"Feature_Vector: [1.0, 1.0, 0.0, 0.4284975230693817, 0.0]","Feature_Vector: [1.0, 1.0, 0.0, 0.27503666281700134, 0.0]",1,tweet_4062_476786
4516,4516,"Feature_Vector: [1.0, 1.0, 0.0, 0.26361995935440063, 0.0]","Feature_Vector: [1.0, 1.0, 0.0, 0.26361995935440063, 0.0]",1,tweet_4516_849614
5099,2481,"Feature_Vector: [1.0, 1.0, 1.0, 0.6446264982223511, 0.0]","Feature_Vector: [1.0, 1.0, 1.0, 0.516990602016449, 0.0]",1,tweet_2481_476018
3529,3529,"Feature_Vector: [1.0, 1.0, 0.0, 0.4416675567626953, 0.0]","Feature_Vector: [1.0, 1.0, 0.0, 0.4416675567626953, 0.0]",1,tweet_3529_825313
7510,6408,"Feature_Vector: [1.0, 1.0, 0.0, 0.4386223256587982, 0.0]","Feature_Vector: [1.0, 1.0, 0.0, 0.48257309198379517, 0.0]",1,tweet_6408_210680
5121,5324,"Feature_Vector: [1.0, 1.0, 0.0, 0.14470288157463074, 1.0]","Feature_Vector: [1.0, 1.0, 0.0, 0.24432046711444855, 1.0]",1,tweet_5324_144283
4324,9764,"Feature_Vector: [1.0, 0.0, 1.0, 0.547912061214447, 0.0]","Feature_Vector: [1.0, 1.0, 0.0, 0.658027708530426, 0.0]",1,tweet_9764_443288
3366,4573,"Feature_Vector: [1.0, 1.0, 0.0, 0.37488609552383423, 0.0]","Feature_Vector: [1.0, 1.0, 0.0, 0.3058021664619446, 0.0]",3,tweet_4573_1309169
4858,9565,"Feature_Vector: [1.0, 1.0, 0.0, 0.43587809801101685, 0.0]","Feature_Vector: [1.0, 1.0, 0.0, 0.3247130513191223, 0.0]",3,tweet_9565_1170347
7225,9738,"Feature_Vector: [1.0, 1.0, 0.0, 0.39942318201065063, 0.0]","Feature_Vector: [1.0, 1.0, 0.0, 0.45278191566467285, 0.0]",1,tweet_9738_202542
8595,3324,"Feature_Vector: [1.0, 1.0, 0.0, 0.31149595975875854, 0.0]","Feature_Vector: [1.0, 1.0, 0.0, 0.3143558204174042, 0.0]",1,tweet_3324_237552
104,2259,"Feature_Vector: [1.0, 1.0, 0.0, 0.3243548572063446, 0.0]","Feature_Vector: [1.0, 1.0, 0.0, 0.35984206199645996, 0.0]",1,tweet_2259_657081
676,680,"Feature_Vector: [1.0, 1.0, 0.0, 0.310125470161438, 0.0]","Feature_Vector: [1.0, 0.0, 1.0, 0.5677168369293213, 0.0]",2,tweet_680_1240020
1152,7511,"Feature_Vector: [1.0, 1.0, 0.0, 0.5033385753631592, 0.0]","Feature_Vector: [1.0, 1.0, 0.0, 0.4088074266910553, 0.0]",3,tweet_7511_1080587
3043,1672,"Feature_Vector: [1.0, 1.0, 0.0, 0.47009843587875366, 0.0]","Feature_Vector: [1.0, 1.0, 0.0, 0.3914267420768738, 0.0]",1,tweet_1672_400530
4683,1330,"Feature_Vector: [1.0, 1.0, 0.0, 0.25808456540107727, 0.0]","Feature_Vector: [1.0, 1.0, 0.0, 0.3281751871109009, 0.0]",1,tweet_1330_701517
10097,10097,"Feature_Vector: [0.0, 0.0, 0.0, 0.45398616790771484, 0.0]","Feature_Vector: [0.0, 0.0, 0.0, 0.45398616790771484, 0.0]",1,tweet_10097_970745
7940,6085,"Feature_Vector: [1.0, 1.0, 0.0, 0.34710946679115295, 0.0]","Feature_Vector: [0.0, 0.0, 0.0, 0.46936097741127014, 0.0]",1,tweet_6085_732825
7177,8548,"Feature_Vector: [1.0, 1.0, 0.0, 0.32612350583076477, 0.0]","Feature_Vector: [1.0, 1.0, 0.0, 0.3590705692768097, 0.0]",1,tweet_8548_201365
8054,4637,"Feature_Vector: [1.0, 1.0, 0.0, 0.30703669786453247, 0.0]","Feature_Vector: [1.0, 1.0, 0.0, 0.37392422556877136, 0.0]",1,tweet_4637_224275
8966,7538,"Feature_Vector: [1.0, 1.0, 0.0, 0.2890709638595581, 1.0]","Feature_Vector: [1.0, 0.0, 0.0, 0.614508330821991, 0.0]",1,tweet_7538_610240
861,8738,"Feature_Vector: [1.0, 1.0, 0.0, 0.2728412449359894, 0.0]","Feature_Vector: [1.0, 1.0, 0.0, 0.3290085196495056, 0.0]",1,tweet_8738_316935
3881,3881,"Feature_Vector: [1.0, 1.0, 0.0, 0.4945164620876312, 0.0]","Feature_Vector: [1.0, 1.0, 0.0, 0.4945164620876312, 0.0]",1,tweet_3881_836601
7202,5300,"Feature_Vector: [0.0, 0.0, 0.0, 0.3438989520072937, 0.0]","Feature_Vector: [1.0, 1.0, 0.0, 0.34049466252326965, 0.0]",1,tweet_5300_201812
1745,1745,"Feature_Vector: [1.0, 1.0, 0.0, 0.23373699188232422, 0.0]","Feature_Vector: [1.0, 1.0, 0.0, 0.23373699188232422, 0.0]",1,tweet_1745_783605
250,1620,"Feature_Vector: [0.0, 0.0, 0.0, 0.5771762728691101, 0.0]","Feature_Vector: [1.0, 1.0, 0.0, 0.35302940011024475, 0.0]",1,tweet_1620_658415
9468,9468,"Feature_Vector: [1.0, 1.0, 0.0, 0.4958128333091736, 0.0]","Feature_Vector: [1.0, 1.0, 0.0, 0.4958128333091736, 0.0]",1,tweet_9468_1040306
2185,6590,"Feature_Vector: [1.0, 1.0, 0.0, 0.36677345633506775, 0.0]","Feature_Vector: [1.0, 1.0, 0.0, 0.36050859093666077, 0.0]",1,tweet_6590_59503
3867,5252,"Feature_Vector: [1.0, 1.0, 0.0, 0.35378092527389526, 0.0]","Feature_Vector: [0.0, 0.0, 1.0, 0.5689771175384521, 0.0]",1,tweet_5252_693228
3142,8928,"Feature_Vector: [1.0, 1.0, 0.0, 0.2877114713191986, 0.0]","Feature_Vector: [1.0, 1.0, 0.0, 0.22398598492145538, 0.0]",1,tweet_8928_87350
6117,423,"Feature_Vector: [1.0, 1.0, 0.0, 0.3767619729042053, 0.0]","Feature_Vector: [1.0, 1.0, 0.0, 0.3337654769420624, 0.0]",1,tweet_423_512210
6127,8330,"Feature_Vector: [1.0, 1.0, 0.0, 0.2714817523956299, 0.0]","Feature_Vector: [1.0, 1.0, 0.0, 0.16306175291538239, 1.0]",3,tweet_8330_1189764
228,228,"Feature_Vector: [1.0, 1.0, 0.0, 0.2404811978340149, 0.0]","Feature_Vector: [1.0, 1.0, 0.0, 0.2404811978340149, 0.0]",1,tweet_228_757813
8879,555,"Feature_Vector: [1.0, 0.0, 0.0, 0.43769022822380066, 0.0]","Feature_Vector: [1.0, 1.0, 0.0, 0.5213719606399536, 0.0]",1,tweet_555_606966
9126,3741,"Feature_Vector: [0.0, 0.0, 1.0, 0.6790704727172852, 0.0]","Feature_Vector: [1.0, 0.0, 1.0, 0.6468080878257751, 0.0]",1,tweet_3741_614698
7939,1414,"Feature_Vector: [1.0, 1.0, 0.0, 0.2819201946258545, 0.0]","Feature_Vector: [1.0, 1.0, 0.0, 0.40124547481536865, 0.0]",1,tweet_1414_221821
8353,8353,"Feature_Vector: [1.0, 1.0, 0.0, 0.4971977174282074, 0.0]","Feature_Vector: [1.0, 1.0, 0.0, 0.4971977174282074, 0.0]",1,tweet_8353_928548
5027,5324,"Feature_Vector: [1.0, 1.0, 0.0, 0.3433884084224701, 0.0]","Feature_Vector: [1.0, 1.0, 0.0, 0.24432046711444855, 1.0]",1,tweet_5324_141963
6845,2158,"Feature_Vector: [1.0, 1.0, 0.0, 0.3168729245662689, 0.0]","Feature_Vector: [1.0, 1.0, 0.0, 0.38463127613067627, 0.0]",1,tweet_2158_192483
1150,9630,"Feature_Vector: [1.0, 1.0, 0.0, 0.34427887201309204, 0.0]","Feature_Vector: [1.0, 1.0, 0.0, 0.378783255815506, 0.0]",1,tweet_9630_325995
2571,6231,"Feature_Vector: [1.0, 1.0, 0.0, 0.3786461353302002, 0.0]","Feature_Vector: [1.0, 1.0, 0.0, 0.2890709638595581, 0.0]",3,tweet_6231_1119236
3099,3099,"Feature_Vector: [1.0, 1.0, 0.0, 0.5727623701095581, 0.0]","Feature_Vector: [1.0, 1.0, 0.0, 0.5727623701095581, 0.0]",1,tweet_3099_996405
955,904,"Feature_Vector: [1.0, 1.0, 0.0, 0.2880544364452362, 1.0]","Feature_Vector: [1.0, 1.0, 0.0, 0.37347468733787537, 0.0]",1,tweet_904_320504
8000,8000,"Feature_Vector: [1.0, 1.0, 0.0, 0.4358532130718231, 0.0]","Feature_Vector: [1.0, 1.0, 0.0, 0.4358532130718231, 0.0]",1,tweet_8000_921949
4393,6303,"Feature_Vector: [1.0, 1.0, 0.0, 0.3609798848628998, 0.0]","Feature_Vector: [1.0, 1.0, 0.0, 0.45841148495674133, 0.0]",3,tweet_6303_1159515
7346,9843,"Feature_Vector: [1.0, 1.0, 0.0, 0.37171754240989685, 0.0]","Feature_Vector: [1.0, 1.0, 1.0, 0.4899634122848511, 0.0]",1,tweet_9843_1026949
7915,6737,"Feature_Vector: [1.0, 1.0, 0.0, 0.26201561093330383, 0.0]","Feature_Vector: [1.0, 1.0, 0.0, 0.36487841606140137, 0.0]",1,tweet_6737_573167
2948,3873,"Feature_Vector: [0.0, 0.0, 1.0, 0.5202063322067261, 0.0]","Feature_Vector: [1.0, 1.0, 0.0, 0.6049335598945618, 0.0]",1,tweet_3873_396553
1533,2860,"Feature_Vector: [1.0, 1.0, 0.0, 0.35346007347106934, 0.0]","Feature_Vector: [1.0, 1.0, 0.0, 0.3922955393791199, 0.0]",1,tweet_2860_984311
1262,6839,"Feature_Vector: [1.0, 1.0, 0.0, 0.46034741401672363, 0.0]","Feature_Vector: [1.0, 1.0, 0.0, 0.30504825711250305, 0.0]",1,tweet_6839_32232
5486,8781,"Feature_Vector: [1.0, 1.0, 0.0, 0.45349663496017456, 0.0]","Feature_Vector: [1.0, 1.0, 0.0, 0.37187254428863525, 0.0]",1,tweet_8781_154100
7553,4670,"Feature_Vector: [1.0, 1.0, 0.0, 0.2457858771085739, 0.0]","Feature_Vector: [0.0, 0.0, 1.0, 0.5267648696899414, 0.0]",1,tweet_4670_561740
1864,9440,"Feature_Vector: [1.0, 1.0, 0.0, 0.32715868949890137, 0.0]","Feature_Vector: [1.0, 1.0, 0.0, 0.3178894519805908, 0.0]",2,tweet_9440_1102696
2469,5251,"Feature_Vector: [0.0, 0.0, 0.0, 0.38591280579566956, 0.0]","Feature_Vector: [1.0, 1.0, 0.0, 0.310125470161438, 0.0]",2,tweet_5251_1290218
8107,9267,"Feature_Vector: [1.0, 0.0, 0.0, 0.46497461199760437, 0.0]","Feature_Vector: [1.0, 1.0, 0.0, 0.37510573863983154, 0.0]",2,tweet_9267_1208844
999,9383,"Feature_Vector: [1.0, 1.0, 0.0, 0.40705132484436035, 0.0]","Feature_Vector: [1.0, 1.0, 0.0, 0.3826846480369568, 0.0]",1,tweet_9383_664972
9120,7249,"Feature_Vector: [1.0, 0.0, 0.0, 0.46556583046913147, 0.0]","Feature_Vector: [1.0, 1.0, 0.0, 0.4997010827064514, 0.0]",1,tweet_7249_743262
2636,6754,"Feature_Vector: [1.0, 0.0, 0.0, 0.3388513922691345, 0.0]","Feature_Vector: [1.0, 0.0, 0.0, 0.3433884084224701, 0.0]",3,tweet_6754_1293618
2506,2907,"Feature_Vector: [1.0, 1.0, 0.0, 0.4134003520011902, 0.0]","Feature_Vector: [1.0, 1.0, 0.0, 0.43354088068008423, 0.0]",1,tweet_2907_68953
9811,10059,"Feature_Vector: [1.0, 1.0, 0.0, 0.44920361042022705, 0.0]","Feature_Vector: [1.0, 0.0, 1.0, 0.5017430186271667, 0.0]",1,tweet_10059_957983
5831,8644,"Feature_Vector: [1.0, 0.0, 0.0, 0.3607918322086334, 0.0]","Feature_Vector: [1.0, 1.0, 0.0, 0.3825567066669464, 0.0]",3,tweet_8644_1353447
7890,3928,"Feature_Vector: [1.0, 1.0, 0.0, 0.27008870244026184, 0.0]","Feature_Vector: [1.0, 1.0, 0.0, 0.4665713310241699, 0.0]",1,tweet_3928_572180
4638,6463,"Feature_Vector: [1.0, 1.0, 0.0, 0.39674896001815796, 0.0]","Feature_Vector: [1.0, 1.0, 0.0, 0.36990389227867126, 0.0]",1,tweet_6463_129452
6863,855,"Feature_Vector: [1.0, 1.0, 0.0, 0.25690922141075134, 0.0]","Feature_Vector: [1.0, 1.0, 0.0, 0.310125470161438, 0.0]",1,tweet_855_193003
2280,915,"Feature_Vector: [1.0, 1.0, 0.0, 0.4252278506755829, 0.0]","Feature_Vector: [1.0, 1.0, 0.0, 0.39875441789627075, 0.0]",1,tweet_915_371173
6030,736,"Feature_Vector: [1.0, 1.0, 0.0, 0.3585829436779022, 0.0]","Feature_Vector: [1.0, 1.0, 0.0, 0.52010577917099, 0.0]",1,tweet_736_169493
6232,8553,"Feature_Vector: [1.0, 1.0, 0.0, 0.3455270528793335, 0.0]","Feature_Vector: [1.0, 1.0, 0.0, 0.329173743724823, 0.0]",1,tweet_8553_176264
4399,1650,"Feature_Vector: [1.0, 1.0, 0.0, 0.46550697088241577, 0.0]","Feature_Vector: [1.0, 1.0, 0.0, 0.4598126709461212, 0.0]",1,tweet_1650_121287
555,3559,"Feature_Vector: [1.0, 1.0, 0.0, 0.5213719606399536, 0.0]","Feature_Vector: [1.0, 1.0, 0.0, 0.3619108498096466, 0.0]",1,tweet_3559_306349
1721,4921,"Feature_Vector: [1.0, 1.0, 0.0, 0.27714985609054565, 0.0]","Feature_Vector: [1.0, 1.0, 0.0, 0.6478599309921265, 0.0]",1,tweet_4921_782912
1141,3912,"Feature_Vector: [0.0, 0.0, 0.0, 0.5228931903839111, 0.0]","Feature_Vector: [0.0, 0.0, 0.0, 0.4516831934452057, 0.0]",2,tweet_3912_1255138
9404,3325,"Feature_Vector: [1.0, 0.0, 0.0, 0.43436485528945923, 0.0]","Feature_Vector: [0.0, 0.0, 0.0, 0.38740143179893494, 0.0]",1,tweet_3325_259472
9211,9912,"Feature_Vector: [0.0, 0.0, 0.0, 0.39207959175109863, 0.0]","Feature_Vector: [1.0, 1.0, 0.0, 0.37140628695487976, 0.0]",1,tweet_9912_944698
1152,7995,"Feature_Vector: [1.0, 1.0, 0.0, 0.5033385753631592, 0.0]","Feature_Vector: [1.0, 1.0, 0.0, 0.26517993211746216, 0.0]",1,tweet_7995_326162
6975,4621,"Feature_Vector: [1.0, 1.0, 0.0, 0.3639955222606659, 0.0]","Feature_Vector: [1.0, 1.0, 0.0, 0.3656613826751709, 0.0]",1,tweet_4621_195230
9543,1270,"Feature_Vector: [1.0, 1.0, 0.0, 0.31194546818733215, 1.0]","Feature_Vector: [1.0, 1.0, 0.0, 0.3578931391239166, 0.0]",1,tweet_1270_631203
5903,9455,"Feature_Vector: [1.0, 1.0, 0.0, 0.33159536123275757, 0.0]","Feature_Vector: [1.0, 1.0, 0.0, 0.3024599552154541, 0.0]",1,tweet_9455_502196
2313,4455,"Feature_Vector: [1.0, 1.0, 0.0, 0.4022480249404907, 0.0]","Feature_Vector: [1.0, 1.0, 0.0, 0.397980272769928, 0.0]",4,tweet_4455_1112082
6,9225,"Feature_Vector: [1.0, 0.0, 0.0, 0.4832649230957031, 0.0]","Feature_Vector: [0.0, 0.0, 0.0, 0.38591280579566956, 0.0]",3,tweet_9225_1217017
736,8468,"Feature_Vector: [1.0, 1.0, 0.0, 0.52010577917099, 0.0]","Feature_Vector: [1.0, 1.0, 0.0, 0.42223435640335083, 0.0]",1,tweet_8468_18304
999,7561,"Feature_Vector: [1.0, 1.0, 0.0, 0.40705132484436035, 0.0]","Feature_Vector: [1.0, 1.0, 0.0, 0.41671139001846313, 0.0]",1,tweet_7561_321774
7876,5607,"Feature_Vector: [1.0, 1.0, 0.0, 0.437930703163147, 0.0]","Feature_Vector: [1.0, 1.0, 0.0, 0.41497212648391724, 0.0]",1,tweet_5607_571389
7162,7994,"Feature_Vector: [1.0, 1.0, 0.0, 0.29511559009552, 0.0]","Feature_Vector: [0.0, 0.0, 0.0, 0.447020024061203, 0.0]",1,tweet_7994_547781
5912,2480,"Feature_Vector: [1.0, 1.0, 0.0, 0.47838640213012695, 0.0]","Feature_Vector: [1.0, 1.0, 0.0, 0.3634590804576874, 0.0]",1,tweet_2480_165998
4879,1216,"Feature_Vector: [1.0, 1.0, 0.0, 0.3458961844444275, 0.0]","Feature_Vector: [1.0, 1.0, 0.0, 0.24505792558193207, 0.0]",1,tweet_1216_466735
1429,1429,"Feature_Vector: [0.0, 0.0, 0.0, 0.47569945454597473, 0.0]","Feature_Vector: [0.0, 0.0, 0.0, 0.47569945454597473, 0.0]",1,tweet_1429_777106
2907,3601,"Feature_Vector: [1.0, 1.0, 0.0, 0.43354088068008423, 0.0]","Feature_Vector: [1.0, 1.0, 0.0, 0.3431313931941986, 0.0]",3,tweet_3601_1126335
8417,9052,"Feature_Vector: [1.0, 1.0, 0.0, 0.38786962628364563, 0.0]","Feature_Vector: [1.0, 1.0, 0.0, 0.3974418044090271, 0.0]",3,tweet_9052_1210382
1322,1580,"Feature_Vector: [1.0, 1.0, 0.0, 0.47167715430259705, 0.0]","Feature_Vector: [0.0, 0.0, 0.0, 0.36548832058906555, 0.0]",1,tweet_1580_34040
6035,2139,"Feature_Vector: [1.0, 1.0, 0.0, 0.4006910026073456, 0.0]","Feature_Vector: [1.0, 1.0, 0.0, 0.4221391975879669, 0.0]",1,tweet_2139_169677
7499,8124,"Feature_Vector: [1.0, 1.0, 0.0, 0.5280956625938416, 0.0]","Feature_Vector: [1.0, 1.0, 0.0, 0.3412986993789673, 0.0]",1,tweet_8124_210414
6963,643,"Feature_Vector: [1.0, 1.0, 0.0, 0.12395750731229782, 0.0]","Feature_Vector: [0.0, 0.0, 1.0, 0.6559633016586304, 0.0]",1,tweet_643_540337
4450,1191,"Feature_Vector: [1.0, 1.0, 0.0, 0.4428674578666687, 0.0]","Feature_Vector: [1.0, 1.0, 0.0, 0.38936492800712585, 0.0]",1,tweet_1191_122364
1686,3997,"Feature_Vector: [1.0, 1.0, 0.0, 0.23550012707710266, 0.0]","Feature_Vector: [0.0, 0.0, 0.0, 0.464572012424469, 0.0]",3,tweet_3997_1097427
7561,1575,"Feature_Vector: [1.0, 1.0, 0.0, 0.41671139001846313, 0.0]","Feature_Vector: [1.0, 1.0, 0.0, 0.5012218356132507, 0.0]",1,tweet_1575_562054
4771,4771,"Feature_Vector: [1.0, 1.0, 0.0, 0.4932616651058197, 0.0]","Feature_Vector: [1.0, 1.0, 0.0, 0.4932616651058197, 0.0]",1,tweet_4771_1009804
7023,8663,"Feature_Vector: [1.0, 1.0, 0.0, 0.30989378690719604, 0.0]","Feature_Vector: [1.0, 0.0, 1.0, 0.7080961465835571, 0.0]",1,tweet_8663_543434
5301,7975,"Feature_Vector: [1.0, 1.0, 0.0, 0.2396809607744217, 0.0]","Feature_Vector: [1.0, 1.0, 0.0, 0.3992805480957031, 0.0]",3,tweet_7975_1345191
9599,9599,"Feature_Vector: [1.0, 0.0, 0.0, 0.41306576132774353, 0.0]","Feature_Vector: [1.0, 0.0, 0.0, 0.41306576132774353, 0.0]",1,tweet_9599_954297
704,5042,"Feature_Vector: [1.0, 1.0, 0.0, 0.5519071817398071, 0.0]","Feature_Vector: [1.0, 1.0, 0.0, 0.5757200121879578, 0.0]",1,tweet_5042_311781
9211,7288,"Feature_Vector: [0.0, 0.0, 0.0, 0.39207959175109863, 0.0]","Feature_Vector: [1.0, 1.0, 0.0, 0.2328343242406845, 1.0]",1,tweet_7288_255016
343,3175,"Feature_Vector: [0.0, 0.0, 0.0, 0.2929632365703583, 0.0]","Feature_Vector: [1.0, 1.0, 0.0, 0.27008870244026184, 0.0]",3,tweet_3175_1057333
1698,6694,"Feature_Vector: [0.0, 0.0, 1.0, 0.4456765055656433, 0.0]","Feature_Vector: [1.0, 1.0, 1.0, 0.5563042163848877, 0.0]",1,tweet_6694_350080
1938,1938,"Feature_Vector: [1.0, 1.0, 0.0, 0.495007187128067, 0.0]","Feature_Vector: [1.0, 1.0, 0.0, 0.495007187128067, 0.0]",1,tweet_1938_790515
10189,1213,"Feature_Vector: [1.0, 1.0, 0.0, 0.35679182410240173, 0.0]","Feature_Vector: [1.0, 1.0, 0.0, 0.3689339756965637, 0.0]",1,tweet_1213_286010
7939,6168,"Feature_Vector: [1.0, 1.0, 0.0, 0.2819201946258545, 0.0]","Feature_Vector: [1.0, 1.0, 0.0, 0.3141409158706665, 0.0]",1,tweet_6168_221776
4419,4419,"Feature_Vector: [1.0, 0.0, 1.0, 0.6949173808097839, 0.0]","Feature_Vector: [1.0, 0.0, 1.0, 0.6949173808097839, 0.0]",1,tweet_4419_846661
6845,877,"Feature_Vector: [1.0, 1.0, 0.0, 0.3168729245662689, 0.0]","Feature_Vector: [1.0, 0.0, 0.0, 0.7089249491691589, 0.0]",1,tweet_877_722406
8927,8663,"Feature_Vector: [1.0, 1.0, 0.0, 0.42016857862472534, 0.0]","Feature_Vector: [1.0, 0.0, 1.0, 0.7080961465835571, 0.0]",1,tweet_8663_1037461
4683,4683,"Feature_Vector: [1.0, 1.0, 0.0, 0.25808456540107727, 0.0]","Feature_Vector: [1.0, 1.0, 0.0, 0.25808456540107727, 0.0]",1,tweet_4683_853571
4605,5734,"Feature_Vector: [0.0, 0.0, 0.0, 0.4421372413635254, 0.0]","Feature_Vector: [1.0, 1.0, 0.0, 0.3426138162612915, 0.0]",2,tweet_5734_1332477
3093,10010,"Feature_Vector: [1.0, 0.0, 0.0, 0.3516066372394562, 0.0]","Feature_Vector: [1.0, 1.0, 0.0, 0.14018723368644714, 0.0]",2,tweet_10010_1303205
7209,7209,"Feature_Vector: [1.0, 1.0, 0.0, 0.4315612018108368, 0.0]","Feature_Vector: [1.0, 1.0, 0.0, 0.4315612018108368, 0.0]",1,tweet_7209_904813
3270,7348,"Feature_Vector: [1.0, 1.0, 0.0, 0.29006949067115784, 0.0]","Feature_Vector: [1.0, 1.0, 0.0, 0.3711717128753662, 0.0]",1,tweet_7348_408117
9848,8660,"Feature_Vector: [1.0, 1.0, 0.0, 0.3304781913757324, 0.0]","Feature_Vector: [1.0, 1.0, 0.0, 0.5584698915481567, 0.0]",1,tweet_8660_750773
3559,6303,"Feature_Vector: [1.0, 1.0, 0.0, 0.3619108498096466, 0.0]","Feature_Vector: [1.0, 1.0, 0.0, 0.45841148495674133, 0.0]",1,tweet_6303_419274
332,2642,"Feature_Vector: [1.0, 0.0, 0.0, 0.3989463150501251, 0.0]","Feature_Vector: [1.0, 1.0, 0.0, 0.5087257623672485, 0.0]",2,tweet_2642_1227767
1931,8186,"Feature_Vector: [1.0, 0.0, 0.0, 0.5853594541549683, 0.0]","Feature_Vector: [1.0, 0.0, 1.0, 0.5432462096214294, 0.0]",1,tweet_8186_52845
3298,10075,"Feature_Vector: [1.0, 1.0, 0.0, 0.3630985915660858, 0.0]","Feature_Vector: [1.0, 1.0, 0.0, 0.36282673478126526, 0.0]",2,tweet_10075_1307586
3475,4930,"Feature_Vector: [1.0, 1.0, 0.0, 0.32783839106559753, 0.0]","Feature_Vector: [1.0, 1.0, 0.0, 0.4266816973686218, 0.0]",3,tweet_4930_1139361
3221,4579,"Feature_Vector: [1.0, 1.0, 0.0, 0.386751264333725, 0.0]","Feature_Vector: [1.0, 1.0, 0.0, 0.42298993468284607, 0.0]",3,tweet_4579_1134282
3055,8041,"Feature_Vector: [0.0, 0.0, 0.0, 0.4273224472999573, 0.0]","Feature_Vector: [1.0, 1.0, 0.0, 0.07820848375558853, 0.0]",1,tweet_8041_84971
8545,720,"Feature_Vector: [1.0, 1.0, 0.0, 0.3326908349990845, 0.0]","Feature_Vector: [0.0, 0.0, 0.0, 0.427755206823349, 0.0]",1,tweet_720_594190
4913,9318,"Feature_Vector: [0.0, 0.0, 0.0, 0.4006910026073456, 0.0]","Feature_Vector: [1.0, 1.0, 0.0, 0.2270922064781189, 0.0]",2,tweet_9318_1338172
2571,5474,"Feature_Vector: [1.0, 1.0, 0.0, 0.3786461353302002, 0.0]","Feature_Vector: [1.0, 1.0, 0.0, 0.41604334115982056, 0.0]",1,tweet_5474_993183
6822,3962,"Feature_Vector: [1.0, 1.0, 0.0, 0.17438268661499023, 0.0]","Feature_Vector: [1.0, 0.0, 1.0, 0.5622205138206482, 0.0]",1,tweet_3962_1022895
270,3200,"Feature_Vector: [0.0, 0.0, 0.0, 0.26201561093330383, 0.0]","Feature_Vector: [1.0, 1.0, 0.0, 0.34427887201309204, 0.0]",2,tweet_3200_1226074
710,10011,"Feature_Vector: [1.0, 1.0, 0.0, 0.4293700158596039, 0.0]","Feature_Vector: [1.0, 1.0, 0.0, 0.4414876103401184, 0.0]",1,tweet_10011_17670
9953,9953,"Feature_Vector: [1.0, 1.0, 0.0, 0.13527844846248627, 0.0]","Feature_Vector: [1.0, 1.0, 0.0, 0.13527844846248627, 0.0]",1,tweet_9953_959697
3229,4879,"Feature_Vector: [1.0, 1.0, 0.0, 0.2328343242406845, 0.0]","Feature_Vector: [1.0, 1.0, 0.0, 0.3458961844444275, 0.0]",1,tweet_4879_89679
544,544,"Feature_Vector: [0.0, 0.0, 0.0, 0.41893884539604187, 0.0]","Feature_Vector: [0.0, 0.0, 0.0, 0.41893884539604187, 0.0]",1,tweet_544_974410
652,8253,"Feature_Vector: [1.0, 0.0, 1.0, 0.6229747533798218, 0.0]","Feature_Vector: [1.0, 0.0, 1.0, 0.4717825949192047, 0.0]",1,tweet_8253_764705
4441,6464,"Feature_Vector: [1.0, 1.0, 0.0, 0.3945661783218384, 0.0]","Feature_Vector: [1.0, 1.0, 0.0, 0.15641696751117706, 0.0]",2,tweet_6464_1160807
10176,3678,"Feature_Vector: [1.0, 1.0, 0.0, 0.25631222128868103, 0.0]","Feature_Vector: [1.0, 1.0, 0.0, 0.3630081117153168, 0.0]",1,tweet_3678_655141
5828,6600,"Feature_Vector: [1.0, 1.0, 0.0, 0.33658310770988464, 0.0]","Feature_Vector: [1.0, 1.0, 0.0, 0.24127022922039032, 0.0]",1,tweet_6600_161968
5633,5633,"Feature_Vector: [1.0, 0.0, 1.0, 0.5882093906402588, 0.0]","Feature_Vector: [1.0, 0.0, 1.0, 0.5882093906402588, 0.0]",1,tweet_5633_871349
7902,635,"Feature_Vector: [1.0, 1.0, 0.0, 0.4061734080314636, 0.0]","Feature_Vector: [1.0, 1.0, 0.0, 0.30479469895362854, 0.0]",1,tweet_635_572926
9256,394,"Feature_Vector: [1.0, 1.0, 0.0, 0.29511559009552, 0.0]","Feature_Vector: [1.0, 1.0, 0.0, 0.3666037917137146, 0.0]",1,tweet_394_618474
2710,4637,"Feature_Vector: [1.0, 1.0, 0.0, 0.27460435032844543, 0.0]","Feature_Vector: [1.0, 1.0, 0.0, 0.37392422556877136, 0.0]",1,tweet_4637_75970
2203,5093,"Feature_Vector: [1.0, 1.0, 0.0, 0.3158377408981323, 0.0]","Feature_Vector: [1.0, 1.0, 0.0, 0.3630985915660858, 0.0]",1,tweet_5093_367858
8469,9633,"Feature_Vector: [0.0, 0.0, 0.0, 0.3951326608657837, 0.0]","Feature_Vector: [1.0, 1.0, 0.0, 0.4273224472999573, 0.0]",2,tweet_9633_1380617
9816,1459,"Feature_Vector: [1.0, 1.0, 0.0, 0.47644394636154175, 0.0]","Feature_Vector: [1.0, 1.0, 0.0, 0.39604753255844116, 0.0]",1,tweet_1459_643473
3680,8819,"Feature_Vector: [1.0, 1.0, 0.0, 0.3595539927482605, 0.0]","Feature_Vector: [1.0, 1.0, 0.0, 0.4119359254837036, 0.0]",1,tweet_8819_422997
7201,4342,"Feature_Vector: [1.0, 1.0, 0.0, 0.2991885542869568, 0.0]","Feature_Vector: [1.0, 1.0, 0.0, 0.5981504917144775, 0.0]",1,tweet_4342_726229
10107,6611,"Feature_Vector: [1.0, 1.0, 0.0, 0.32399436831474304, 1.0]","Feature_Vector: [1.0, 1.0, 0.0, 0.4385036826133728, 0.0]",1,tweet_6611_753677
8623,9315,"Feature_Vector: [1.0, 1.0, 0.0, 0.38518407940864563, 0.0]","Feature_Vector: [1.0, 1.0, 0.0, 0.22069871425628662, 0.0]",2,tweet_9315_1211540
5943,7934,"Feature_Vector: [1.0, 1.0, 0.0, 0.24127022922039032, 0.0]","Feature_Vector: [1.0, 1.0, 0.0, 0.3212147057056427, 0.0]",2,tweet_7934_1354765
658,658,"Feature_Vector: [1.0, 0.0, 0.0, 0.45827779173851013, 0.0]","Feature_Vector: [1.0, 0.0, 0.0, 0.45827779173851013, 0.0]",1,tweet_658_764916
9120,4636,"Feature_Vector: [1.0, 0.0, 0.0, 0.46556583046913147, 0.0]","Feature_Vector: [1.0, 1.0, 0.0, 0.28631845116615295, 0.0]",1,tweet_4636_252316
6204,7568,"Feature_Vector: [1.0, 1.0, 0.0, 0.4204309582710266, 0.0]","Feature_Vector: [1.0, 1.0, 0.0, 0.38942164182662964, 0.0]",1,tweet_7568_175630
5997,3388,"Feature_Vector: [1.0, 1.0, 0.0, 0.3227142095565796, 0.0]","Feature_Vector: [1.0, 1.0, 0.0, 0.2890709638595581, 1.0]",1,tweet_3388_507149
4698,9468,"Feature_Vector: [1.0, 1.0, 0.0, 0.3916996717453003, 0.0]","Feature_Vector: [1.0, 1.0, 0.0, 0.4958128333091736, 0.0]",1,tweet_9468_701808
7143,2744,"Feature_Vector: [1.0, 0.0, 0.0, 0.4627625644207001, 0.0]","Feature_Vector: [0.0, 0.0, 0.0, 0.296604186296463, 1.0]",1,tweet_2744_200241
6975,6903,"Feature_Vector: [1.0, 1.0, 0.0, 0.3639955222606659, 0.0]","Feature_Vector: [1.0, 1.0, 0.0, 0.5009790658950806, 0.0]",1,tweet_6903_540666
1401,5033,"Feature_Vector: [1.0, 1.0, 0.0, 0.3121688961982727, 0.0]","Feature_Vector: [1.0, 1.0, 0.0, 0.40389499068260193, 0.0]",1,tweet_5033_36275
3591,6870,"Feature_Vector: [1.0, 0.0, 0.0, 0.35769450664520264, 0.0]","Feature_Vector: [1.0, 1.0, 0.0, 0.3423532247543335, 0.0]",1,tweet_6870_100259
6881,120,"Feature_Vector: [1.0, 1.0, 0.0, 0.25749996304512024, 0.0]","Feature_Vector: [1.0, 1.0, 0.0, 0.29420316219329834, 0.0]",1,tweet_120_193319
5997,6162,"Feature_Vector: [1.0, 1.0, 0.0, 0.3227142095565796, 0.0]","Feature_Vector: [1.0, 1.0, 0.0, 0.35462769865989685, 0.0]",2,tweet_6162_1355529
5295,1024,"Feature_Vector: [1.0, 1.0, 0.0, 0.3427436351776123, 0.0]","Feature_Vector: [1.0, 1.0, 0.0, 0.23098446428775787, 0.0]",1,tweet_1024_483238
3043,3973,"Feature_Vector: [1.0, 1.0, 0.0, 0.47009843587875366, 0.0]","Feature_Vector: [1.0, 1.0, 0.0, 0.4315343201160431, 0.0]",3,tweet_3973_1130121
6947,7149,"Feature_Vector: [1.0, 0.0, 0.0, 0.5749638676643372, 0.0]","Feature_Vector: [0.0, 0.0, 0.0, 0.5157599449157715, 0.0]",3,tweet_7149_1367838
1219,1779,"Feature_Vector: [1.0, 1.0, 0.0, 0.33643826842308044, 0.0]","Feature_Vector: [1.0, 1.0, 0.0, 0.43864601850509644, 0.0]",1,tweet_1779_666817
7766,7522,"Feature_Vector: [0.0, 0.0, 0.0, 0.4852805435657501, 0.0]","Feature_Vector: [1.0, 1.0, 0.0, 0.29327577352523804, 0.0]",1,tweet_7522_217004
5728,8540,"Feature_Vector: [1.0, 1.0, 0.0, 0.2506343722343445, 0.0]","Feature_Vector: [1.0, 1.0, 1.0, 0.6127685308456421, 0.0]",1,tweet_8540_711508
4625,5426,"Feature_Vector: [1.0, 1.0, 0.0, 0.3686888515949249, 0.0]","Feature_Vector: [1.0, 1.0, 0.0, 0.4052388072013855, 0.0]",1,tweet_5426_455084
9189,5224,"Feature_Vector: [1.0, 1.0, 0.0, 0.35679182410240173, 0.0]","Feature_Vector: [1.0, 1.0, 0.0, 0.4832434356212616, 0.0]",1,tweet_5224_617116
2058,4670,"Feature_Vector: [1.0, 1.0, 0.0, 0.20668163895606995, 0.0]","Feature_Vector: [0.0, 0.0, 1.0, 0.5267648696899414, 0.0]",1,tweet_4670_361874
9526,4076,"Feature_Vector: [0.0, 0.0, 0.0, 0.4491249620914459, 0.0]","Feature_Vector: [1.0, 1.0, 0.0, 0.27008870244026184, 0.0]",1,tweet_4076_630039
6959,7700,"Feature_Vector: [1.0, 1.0, 0.0, 0.09079723805189133, 0.0]","Feature_Vector: [1.0, 1.0, 1.0, 0.888723611831665, 0.0]",1,tweet_7700_540304
1828,4565,"Feature_Vector: [1.0, 1.0, 0.0, 0.34169647097587585, 0.0]","Feature_Vector: [1.0, 1.0, 0.0, 0.33127841353416443, 0.0]",1,tweet_4565_355067
1811,1811,"Feature_Vector: [1.0, 1.0, 0.0, 0.39694780111312866, 0.0]","Feature_Vector: [1.0, 1.0, 0.0, 0.39694780111312866, 0.0]",1,tweet_1811_786509
1562,5159,"Feature_Vector: [1.0, 1.0, 0.0, 0.40008413791656494, 0.0]","Feature_Vector: [1.0, 1.0, 0.0, 0.4482324421405792, 0.0]",1,tweet_5159_344970
9733,86,"Feature_Vector: [1.0, 1.0, 0.0, 0.2754656970500946, 0.0]","Feature_Vector: [1.0, 1.0, 0.0, 0.3872837722301483, 0.0]",1,tweet_86_956561
1672,3529,"Feature_Vector: [1.0, 1.0, 0.0, 0.3914267420768738, 0.0]","Feature_Vector: [1.0, 1.0, 0.0, 0.4416675567626953, 0.0]",1,tweet_3529_782314
1771,4569,"Feature_Vector: [1.0, 1.0, 0.0, 0.34710946679115295, 0.0]","Feature_Vector: [1.0, 1.0, 0.0, 0.27055689692497253, 0.0]",3,tweet_4569_1099523
2463,5239,"Feature_Vector: [1.0, 1.0, 0.0, 0.14888373017311096, 0.0]","Feature_Vector: [1.0, 1.0, 0.0, 0.15641696751117706, 0.0]",3,tweet_5239_1116578
3424,5378,"Feature_Vector: [1.0, 0.0, 1.0, 0.5473766922950745, 0.0]","Feature_Vector: [1.0, 1.0, 0.0, 0.14470288157463074, 0.0]",3,tweet_5378_1310208
4879,5735,"Feature_Vector: [1.0, 1.0, 0.0, 0.3458961844444275, 0.0]","Feature_Vector: [1.0, 1.0, 0.0, 0.3130538761615753, 0.0]",3,tweet_5735_1170872
2781,4020,"Feature_Vector: [1.0, 1.0, 0.0, 0.3411654829978943, 0.0]","Feature_Vector: [1.0, 0.0, 0.0, 0.35838672518730164, 0.0]",2,tweet_4020_1296168
207,2431,"Feature_Vector: [1.0, 1.0, 0.0, 0.4941190183162689, 0.0]","Feature_Vector: [1.0, 1.0, 0.0, 0.3569936752319336, 0.0]",1,tweet_2431_5719
3820,2934,"Feature_Vector: [1.0, 1.0, 1.0, 0.5129745006561279, 0.0]","Feature_Vector: [1.0, 0.0, 1.0, 0.6022618412971497, 0.0]",1,tweet_2934_835434
1403,4538,"Feature_Vector: [1.0, 1.0, 0.0, 0.3217816948890686, 0.0]","Feature_Vector: [1.0, 1.0, 0.0, 0.2890709638595581, 0.0]",3,tweet_4538_1088681
844,5876,"Feature_Vector: [1.0, 1.0, 0.0, 0.260364294052124, 0.0]","Feature_Vector: [1.0, 1.0, 0.0, 0.40147489309310913, 0.0]",2,tweet_5876_1245419
7765,5099,"Feature_Vector: [1.0, 1.0, 0.0, 0.4269738495349884, 0.0]","Feature_Vector: [1.0, 1.0, 1.0, 0.6446264982223511, 0.0]",1,tweet_5099_567555
9179,805,"Feature_Vector: [1.0, 1.0, 0.0, 0.3554619550704956, 0.0]","Feature_Vector: [1.0, 1.0, 0.0, 0.33452069759368896, 0.0]",1,tweet_805_616547
8836,6819,"Feature_Vector: [1.0, 0.0, 0.0, 0.4753172993659973, 0.0]","Feature_Vector: [1.0, 1.0, 0.0, 0.48843544721603394, 0.0]",1,tweet_6819_604319
3214,4842,"Feature_Vector: [1.0, 1.0, 0.0, 0.3731729984283447, 0.0]","Feature_Vector: [1.0, 1.0, 0.0, 0.32982972264289856, 0.0]",1,tweet_4842_88820
6152,6118,"Feature_Vector: [1.0, 1.0, 0.0, 0.444364458322525, 0.0]","Feature_Vector: [1.0, 1.0, 0.0, 0.34722936153411865, 0.0]",1,tweet_6118_173854
6636,8079,"Feature_Vector: [1.0, 0.0, 0.0, 0.5898653864860535, 0.0]","Feature_Vector: [1.0, 1.0, 0.0, 0.3855496346950531, 0.0]",1,tweet_8079_187151
8672,392,"Feature_Vector: [1.0, 1.0, 0.0, 0.29169541597366333, 0.0]","Feature_Vector: [1.0, 1.0, 0.0, 0.3141409158706665, 0.0]",1,tweet_392_240075
6981,7629,"Feature_Vector: [1.0, 1.0, 0.0, 0.23636144399642944, 0.0]","Feature_Vector: [1.0, 1.0, 0.0, 0.3523772060871124, 0.0]",1,tweet_7629_195908
7125,2379,"Feature_Vector: [1.0, 1.0, 0.0, 0.30428415536880493, 0.0]","Feature_Vector: [1.0, 0.0, 0.0, 0.5706999897956848, 0.0]",1,tweet_2379_725628
6089,6089,"Feature_Vector: [1.0, 1.0, 0.0, 0.424471378326416, 0.0]","Feature_Vector: [1.0, 1.0, 0.0, 0.424471378326416, 0.0]",1,tweet_6089_885003
1110,2328,"Feature_Vector: [1.0, 1.0, 0.0, 0.45521828532218933, 0.0]","Feature_Vector: [1.0, 1.0, 0.0, 0.3940984308719635, 0.0]",3,tweet_2328_1079222
8545,3315,"Feature_Vector: [1.0, 1.0, 0.0, 0.3326908349990845, 0.0]","Feature_Vector: [1.0, 1.0, 0.0, 0.41035425662994385, 0.0]",1,tweet_3315_594200
8974,6078,"Feature_Vector: [1.0, 1.0, 0.0, 0.39420270919799805, 0.0]","Feature_Vector: [1.0, 1.0, 0.0, 0.39604753255844116, 0.0]",1,tweet_6078_249497
1321,3696,"Feature_Vector: [1.0, 1.0, 0.0, 0.43055835366249084, 0.0]","Feature_Vector: [1.0, 1.0, 0.0, 0.27958542108535767, 0.0]",1,tweet_3696_332568
7552,10043,"Feature_Vector: [1.0, 1.0, 0.0, 0.39549019932746887, 1.0]","Feature_Vector: [1.0, 1.0, 0.0, 0.2741687297821045, 0.0]",3,tweet_10043_1204853
7967,8303,"Feature_Vector: [1.0, 0.0, 0.0, 0.37753722071647644, 0.0]","Feature_Vector: [1.0, 0.0, 0.0, 0.44160014390945435, 0.0]",2,tweet_8303_1377233
9354,1914,"Feature_Vector: [1.0, 0.0, 0.0, 0.3468688726425171, 0.0]","Feature_Vector: [0.0, 0.0, 1.0, 0.7615982294082642, 0.0]",1,tweet_1914_1039753
7283,2584,"Feature_Vector: [1.0, 1.0, 0.0, 0.4398416578769684, 0.0]","Feature_Vector: [1.0, 1.0, 0.0, 0.5331700444221497, 0.0]",1,tweet_2584_552282
5845,9267,"Feature_Vector: [1.0, 1.0, 0.0, 0.3346705436706543, 0.0]","Feature_Vector: [1.0, 1.0, 0.0, 0.37510573863983154, 0.0]",3,tweet_9267_1185376
7444,8947,"Feature_Vector: [1.0, 1.0, 0.0, 0.36711129546165466, 0.0]","Feature_Vector: [0.0, 0.0, 0.0, 0.27460435032844543, 0.0]",3,tweet_8947_1372653
4670,340,"Feature_Vector: [0.0, 0.0, 1.0, 0.5267648696899414, 0.0]","Feature_Vector: [1.0, 1.0, 0.0, 0.29890719056129456, 0.0]",1,tweet_340_130743
6624,6449,"Feature_Vector: [1.0, 1.0, 0.0, 0.35441717505455017, 0.0]","Feature_Vector: [1.0, 1.0, 0.0, 0.3478250801563263, 0.0]",1,tweet_6449_186771
5944,5944,"Feature_Vector: [1.0, 1.0, 1.0, 0.6163211464881897, 0.0]","Feature_Vector: [1.0, 1.0, 1.0, 0.6163211464881897, 0.0]",1,tweet_5944_1018359
1862,2471,"Feature_Vector: [0.0, 0.0, 0.0, 0.3477064371109009, 0.0]","Feature_Vector: [1.0, 0.0, 0.0, 0.43946927785873413, 0.0]",3,tweet_2471_1275351
5519,5474,"Feature_Vector: [1.0, 1.0, 0.0, 0.32783839106559753, 0.0]","Feature_Vector: [1.0, 1.0, 0.0, 0.41604334115982056, 0.0]",1,tweet_5474_709745
4038,1191,"Feature_Vector: [1.0, 1.0, 0.0, 0.4497900605201721, 0.0]","Feature_Vector: [1.0, 1.0, 0.0, 0.38936492800712585, 0.0]",1,tweet_1191_111786
249,249,"Feature_Vector: [1.0, 1.0, 0.0, 0.42198023200035095, 0.0]","Feature_Vector: [1.0, 1.0, 0.0, 0.42198023200035095, 0.0]",1,tweet_249_973111
10014,5181,"Feature_Vector: [1.0, 1.0, 0.0, 0.5324827432632446, 0.0]","Feature_Vector: [1.0, 1.0, 0.0, 0.3562840521335602, 0.0]",1,tweet_5181_281897
1811,7087,"Feature_Vector: [1.0, 1.0, 0.0, 0.39694780111312866, 0.0]","Feature_Vector: [1.0, 1.0, 1.0, 0.6930900812149048, 0.0]",1,tweet_7087_786186
5303,7246,"Feature_Vector: [1.0, 0.0, 0.0, 0.40892794728279114, 0.0]","Feature_Vector: [0.0, 0.0, 0.0, 0.3304781913757324, 0.0]",2,tweet_7246_1345231
3171,3270,"Feature_Vector: [1.0, 1.0, 0.0, 0.42804187536239624, 0.0]","Feature_Vector: [1.0, 1.0, 0.0, 0.29006949067115784, 0.0]",1,tweet_3270_88116
2996,7770,"Feature_Vector: [1.0, 0.0, 0.0, 0.4312649071216583, 0.0]","Feature_Vector: [1.0, 1.0, 0.0, 0.43354088068008423, 0.0]",1,tweet_7770_397763
80,3928,"Feature_Vector: [1.0, 1.0, 0.0, 0.36942100524902344, 0.0]","Feature_Vector: [1.0, 1.0, 0.0, 0.4665713310241699, 0.0]",1,tweet_3928_291053
6162,6763,"Feature_Vector: [1.0, 1.0, 0.0, 0.35462769865989685, 0.0]","Feature_Vector: [1.0, 1.0, 0.0, 0.25129419565200806, 0.0]",2,tweet_6763_1357480
1880,3826,"Feature_Vector: [1.0, 1.0, 0.0, 0.3456503450870514, 0.0]","Feature_Vector: [1.0, 0.0, 0.0, 0.29630959033966064, 0.0]",2,tweet_3826_1275858
1541,5752,"Feature_Vector: [1.0, 1.0, 0.0, 0.27673348784446716, 0.0]","Feature_Vector: [1.0, 1.0, 0.0, 0.2614705264568329, 0.0]",2,tweet_5752_1092685
4256,4256,"Feature_Vector: [0.0, 0.0, 0.0, 0.4731100797653198, 0.0]","Feature_Vector: [0.0, 0.0, 0.0, 0.4731100797653198, 0.0]",1,tweet_4256_844176
168,8005,"Feature_Vector: [1.0, 1.0, 0.0, 0.1299014687538147, 0.0]","Feature_Vector: [1.0, 0.0, 0.0, 0.411554217338562, 0.0]",2,tweet_8005_1222640
2302,2302,"Feature_Vector: [1.0, 1.0, 0.0, 0.5559972524642944, 0.0]","Feature_Vector: [1.0, 1.0, 0.0, 0.5559972524642944, 0.0]",1,tweet_2302_796268
5985,5985,"Feature_Vector: [1.0, 1.0, 0.0, 0.5068618059158325, 0.0]","Feature_Vector: [1.0, 1.0, 0.0, 0.5068618059158325, 0.0]",1,tweet_5985_883466
5924,6069,"Feature_Vector: [1.0, 1.0, 0.0, 0.13527844846248627, 0.0]","Feature_Vector: [1.0, 1.0, 1.0, 0.5649775862693787, 0.0]",1,tweet_6069_1018179
7308,8321,"Feature_Vector: [1.0, 1.0, 0.0, 0.36069756746292114, 0.0]","Feature_Vector: [1.0, 1.0, 0.0, 0.41373297572135925, 0.0]",1,tweet_8321_204567
8235,6984,"Feature_Vector: [1.0, 1.0, 0.0, 0.35993775725364685, 0.0]","Feature_Vector: [1.0, 1.0, 0.0, 0.28666993975639343, 0.0]",1,tweet_6984_584671
1141,1141,"Feature_Vector: [0.0, 0.0, 0.0, 0.5228931903839111, 0.0]","Feature_Vector: [0.0, 0.0, 0.0, 0.5228931903839111, 0.0]",1,tweet_1141_771918
4920,9563,"Feature_Vector: [1.0, 1.0, 0.0, 0.26768767833709717, 0.0]","Feature_Vector: [0.0, 0.0, 0.0, 0.3496902287006378, 0.0]",1,tweet_9563_468300
5674,5674,"Feature_Vector: [1.0, 1.0, 0.0, 0.36819544434547424, 0.0]","Feature_Vector: [1.0, 1.0, 0.0, 0.36819544434547424, 0.0]",1,tweet_5674_1015636
5871,5871,"Feature_Vector: [1.0, 1.0, 0.0, 0.486001580953598, 0.0]","Feature_Vector: [1.0, 1.0, 0.0, 0.486001580953598, 0.0]",1,tweet_5871_876790
3956,5732,"Feature_Vector: [1.0, 1.0, 0.0, 0.3400883078575134, 0.0]","Feature_Vector: [1.0, 1.0, 0.0, 0.26255548000335693, 0.0]",2,tweet_5732_1150972
6309,1280,"Feature_Vector: [1.0, 1.0, 0.0, 0.396198570728302, 0.0]","Feature_Vector: [1.0, 1.0, 0.0, 0.34453070163726807, 0.0]",1,tweet_1280_519510
9452,3028,"Feature_Vector: [1.0, 1.0, 0.0, 0.4355536699295044, 0.0]","Feature_Vector: [0.0, 0.0, 0.0, 0.4539681077003479, 0.0]",1,tweet_3028_261086
5352,5352,"Feature_Vector: [1.0, 0.0, 0.0, 0.5264309048652649, 0.0]","Feature_Vector: [1.0, 0.0, 0.0, 0.5264309048652649, 0.0]",1,tweet_5352_866643
5019,8442,"Feature_Vector: [1.0, 1.0, 0.0, 0.2328343242406845, 1.0]","Feature_Vector: [1.0, 1.0, 0.0, 0.3130538761615753, 0.0]",1,tweet_8442_472616
7908,7713,"Feature_Vector: [1.0, 1.0, 0.0, 0.2754656970500946, 0.0]","Feature_Vector: [0.0, 0.0, 0.0, 0.45254164934158325, 0.0]",1,tweet_7713_221432
6993,5241,"Feature_Vector: [1.0, 1.0, 0.0, 0.35048723220825195, 0.0]","Feature_Vector: [0.0, 0.0, 0.0, 0.5940559506416321, 0.0]",1,tweet_5241_1024143
6246,10004,"Feature_Vector: [1.0, 1.0, 0.0, 0.4117453992366791, 0.0]","Feature_Vector: [1.0, 1.0, 0.0, 0.3395419120788574, 0.0]",3,tweet_10004_1191808
8082,6333,"Feature_Vector: [1.0, 1.0, 0.0, 0.3555653691291809, 0.0]","Feature_Vector: [1.0, 1.0, 0.0, 0.3821711838245392, 0.0]",1,tweet_6333_578271
5850,3973,"Feature_Vector: [1.0, 1.0, 0.0, 0.4323084354400635, 0.0]","Feature_Vector: [1.0, 1.0, 0.0, 0.4315343201160431, 0.0]",1,tweet_3973_162613
1500,1828,"Feature_Vector: [1.0, 1.0, 0.0, 0.3480616509914398, 0.0]","Feature_Vector: [1.0, 1.0, 0.0, 0.34169647097587585, 0.0]",1,tweet_1828_341345
5912,8305,"Feature_Vector: [1.0, 1.0, 0.0, 0.47838640213012695, 0.0]","Feature_Vector: [1.0, 1.0, 0.0, 0.3484145998954773, 0.0]",1,tweet_8305_502961
5946,6823,"Feature_Vector: [1.0, 0.0, 0.0, 0.4799688458442688, 0.0]","Feature_Vector: [1.0, 1.0, 1.0, 0.39245694875717163, 0.0]",2,tweet_6823_1354806
9528,2267,"Feature_Vector: [1.0, 1.0, 0.0, 0.375324547290802, 0.0]","Feature_Vector: [1.0, 1.0, 0.0, 0.410976767539978, 0.0]",1,tweet_2267_951706
5875,7052,"Feature_Vector: [1.0, 0.0, 0.0, 0.5236859321594238, 0.0]","Feature_Vector: [1.0, 0.0, 0.0, 0.4214363992214203, 0.0]",1,tweet_7052_164064
5076,5142,"Feature_Vector: [1.0, 1.0, 0.0, 0.3846929669380188, 0.0]","Feature_Vector: [1.0, 1.0, 0.0, 0.34478145837783813, 0.0]",2,tweet_5142_1341053
6966,7844,"Feature_Vector: [1.0, 1.0, 0.0, 0.4531862139701843, 0.0]","Feature_Vector: [1.0, 0.0, 0.0, 0.49426066875457764, 0.0]",1,tweet_7844_723562
5261,675,"Feature_Vector: [1.0, 1.0, 0.0, 0.15641696751117706, 0.0]","Feature_Vector: [1.0, 1.0, 0.0, 0.32524609565734863, 0.0]",1,tweet_675_482202
9397,9397,"Feature_Vector: [0.0, 0.0, 0.0, 0.3810643255710602, 0.0]","Feature_Vector: [0.0, 0.0, 0.0, 0.3810643255710602, 0.0]",1,tweet_9397_948501
2412,6819,"Feature_Vector: [1.0, 0.0, 0.0, 0.4480321705341339, 0.0]","Feature_Vector: [1.0, 1.0, 0.0, 0.48843544721603394, 0.0]",3,tweet_6819_1115637
1562,4319,"Feature_Vector: [1.0, 1.0, 0.0, 0.40008413791656494, 0.0]","Feature_Vector: [1.0, 1.0, 0.0, 0.3706205487251282, 0.0]",3,tweet_4319_1093170
6845,9384,"Feature_Vector: [1.0, 1.0, 0.0, 0.3168729245662689, 0.0]","Feature_Vector: [1.0, 1.0, 0.0, 0.22809073328971863, 1.0]",1,tweet_9384_536853
9339,4785,"Feature_Vector: [0.0, 0.0, 1.0, 0.6816493272781372, 0.0]","Feature_Vector: [0.0, 0.0, 0.0, 0.42150065302848816, 0.0]",1,tweet_4785_621611
927,4707,"Feature_Vector: [1.0, 1.0, 0.0, 0.45002293586730957, 0.0]","Feature_Vector: [0.0, 0.0, 1.0, 0.5377150177955627, 0.0]",2,tweet_4707_1248042
1028,8082,"Feature_Vector: [1.0, 1.0, 0.0, 0.3555653691291809, 0.0]","Feature_Vector: [1.0, 1.0, 0.0, 0.3555653691291809, 0.0]",3,tweet_8082_1078259
8721,9500,"Feature_Vector: [1.0, 1.0, 0.0, 0.43620067834854126, 0.0]","Feature_Vector: [1.0, 1.0, 0.0, 0.49002063274383545, 0.0]",3,tweet_9500_1212434
6311,7801,"Feature_Vector: [0.0, 0.0, 0.0, 0.42866745591163635, 0.0]","Feature_Vector: [1.0, 1.0, 0.0, 0.34300243854522705, 0.0]",3,tweet_7801_1359716
6579,9832,"Feature_Vector: [1.0, 1.0, 0.0, 0.4581605792045593, 0.0]","Feature_Vector: [0.0, 0.0, 0.0, 0.29233288764953613, 0.0]",1,tweet_9832_184975
720,6303,"Feature_Vector: [0.0, 0.0, 0.0, 0.427755206823349, 0.0]","Feature_Vector: [1.0, 1.0, 0.0, 0.45841148495674133, 0.0]",1,tweet_6303_766095
2006,4247,"Feature_Vector: [1.0, 1.0, 0.0, 0.5827939510345459, 0.0]","Feature_Vector: [1.0, 1.0, 0.0, 0.3361474871635437, 0.0]",1,tweet_4247_674647
170,7370,"Feature_Vector: [1.0, 1.0, 0.0, 0.25322863459587097, 0.0]","Feature_Vector: [1.0, 0.0, 0.0, 0.39197129011154175, 0.0]",3,tweet_7370_1222783
5615,7863,"Feature_Vector: [0.0, 0.0, 0.0, 0.42846915125846863, 0.0]","Feature_Vector: [1.0, 1.0, 0.0, 0.4255574941635132, 0.0]",3,tweet_7863_1182116
2301,2301,"Feature_Vector: [1.0, 0.0, 0.0, 0.23003628849983215, 0.0]","Feature_Vector: [1.0, 0.0, 0.0, 0.23003628849983215, 0.0]",1,tweet_2301_989505
5019,5186,"Feature_Vector: [1.0, 1.0, 0.0, 0.2328343242406845, 1.0]","Feature_Vector: [1.0, 1.0, 0.0, 0.26092013716697693, 0.0]",1,tweet_5186_472458
5063,5063,"Feature_Vector: [1.0, 1.0, 0.0, 0.41015830636024475, 0.0]","Feature_Vector: [1.0, 1.0, 0.0, 0.41015830636024475, 0.0]",1,tweet_5063_860105
1627,2746,"Feature_Vector: [1.0, 1.0, 0.0, 0.6856462955474854, 0.0]","Feature_Vector: [1.0, 1.0, 0.0, 0.06197875365614891, 0.0]",3,tweet_2746_1268606
3142,3256,"Feature_Vector: [1.0, 1.0, 0.0, 0.2877114713191986, 0.0]","Feature_Vector: [1.0, 1.0, 0.0, 0.27958542108535767, 0.0]",1,tweet_3256_403233
139,1928,"Feature_Vector: [1.0, 1.0, 0.0, 0.3112698197364807, 0.0]","Feature_Vector: [0.0, 0.0, 0.0, 0.318090558052063, 0.0]",3,tweet_1928_1221855
559,7055,"Feature_Vector: [1.0, 1.0, 0.0, 0.34300243854522705, 0.0]","Feature_Vector: [1.0, 1.0, 0.0, 0.3675307333469391, 0.0]",3,tweet_7055_1065054
10171,10129,"Feature_Vector: [1.0, 1.0, 0.0, 0.38407301902770996, 0.0]","Feature_Vector: [1.0, 1.0, 0.0, 0.3432600498199463, 0.0]",1,tweet_10129_285384
6758,3814,"Feature_Vector: [1.0, 1.0, 0.0, 0.4459894001483917, 0.0]","Feature_Vector: [1.0, 1.0, 0.0, 0.4107441306114197, 0.0]",1,tweet_3814_534006
8963,44,"Feature_Vector: [1.0, 1.0, 0.0, 0.2986243963241577, 0.0]","Feature_Vector: [1.0, 1.0, 0.0, 0.30942752957344055, 0.0]",1,tweet_44_610030
535,6408,"Feature_Vector: [1.0, 1.0, 0.0, 0.4136961102485657, 0.0]","Feature_Vector: [1.0, 1.0, 0.0, 0.48257309198379517, 0.0]",1,tweet_6408_12748
6325,8465,"Feature_Vector: [1.0, 1.0, 0.0, 0.36417320370674133, 0.0]","Feature_Vector: [1.0, 1.0, 0.0, 0.4022931754589081, 0.0]",2,tweet_8465_1192891
4386,2998,"Feature_Vector: [1.0, 1.0, 0.0, 0.3761196732521057, 0.0]","Feature_Vector: [1.0, 1.0, 0.0, 0.4467743933200836, 0.0]",1,tweet_2998_445217
2078,2078,"Feature_Vector: [0.0, 0.0, 0.0, 0.3681127727031708, 0.0]","Feature_Vector: [0.0, 0.0, 0.0, 0.3681127727031708, 0.0]",1,tweet_2078_792747
4466,5955,"Feature_Vector: [1.0, 1.0, 0.0, 0.3962990343570709, 0.0]","Feature_Vector: [1.0, 1.0, 0.0, 0.42804187536239624, 0.0]",1,tweet_5955_448843
738,738,"Feature_Vector: [1.0, 1.0, 0.0, 0.41373297572135925, 0.0]","Feature_Vector: [1.0, 1.0, 0.0, 0.41373297572135925, 0.0]",1,tweet_738_766601
2710,6463,"Feature_Vector: [1.0, 1.0, 0.0, 0.27460435032844543, 0.0]","Feature_Vector: [1.0, 1.0, 0.0, 0.36990389227867126, 0.0]",2,tweet_6463_1122711
1658,2105,"Feature_Vector: [1.0, 0.0, 0.0, 0.24281595647335052, 0.0]","Feature_Vector: [1.0, 0.0, 0.0, 0.3953372538089752, 0.0]",3,tweet_2105_1269356
5750,5645,"Feature_Vector: [1.0, 0.0, 0.0, 0.6121757626533508, 0.0]","Feature_Vector: [1.0, 1.0, 1.0, 0.6468755006790161, 0.0]",1,tweet_5645_711814
9603,5510,"Feature_Vector: [1.0, 0.0, 0.0, 0.4881405830383301, 0.0]","Feature_Vector: [1.0, 1.0, 0.0, 0.3944106996059418, 0.0]",1,tweet_5510_267911
4368,1369,"Feature_Vector: [1.0, 0.0, 0.0, 0.424835741519928, 0.0]","Feature_Vector: [1.0, 1.0, 0.0, 0.3480616509914398, 0.0]",1,tweet_1369_119788
1535,77,"Feature_Vector: [1.0, 1.0, 0.0, 0.4402576684951782, 0.0]","Feature_Vector: [1.0, 1.0, 0.0, 0.44625917077064514, 0.0]",1,tweet_77_41865
9961,9961,"Feature_Vector: [1.0, 0.0, 0.0, 0.41646620631217957, 0.0]","Feature_Vector: [1.0, 0.0, 0.0, 0.41646620631217957, 0.0]",1,tweet_9961_968071
2948,994,"Feature_Vector: [0.0, 0.0, 1.0, 0.5202063322067261, 0.0]","Feature_Vector: [1.0, 1.0, 0.0, 0.4938614070415497, 0.0]",1,tweet_994_396545
41,9878,"Feature_Vector: [1.0, 1.0, 0.0, 0.4733411371707916, 0.0]","Feature_Vector: [1.0, 1.0, 0.0, 0.43214914202690125, 0.0]",3,tweet_9878_1218493
6479,6479,"Feature_Vector: [1.0, 1.0, 0.0, 0.3700639307498932, 0.0]","Feature_Vector: [1.0, 1.0, 0.0, 0.3700639307498932, 0.0]",1,tweet_6479_890804
2527,535,"Feature_Vector: [1.0, 1.0, 0.0, 0.48962849378585815, 0.0]","Feature_Vector: [1.0, 1.0, 0.0, 0.4136961102485657, 0.0]",1,tweet_535_69856
12,1650,"Feature_Vector: [1.0, 1.0, 0.0, 0.47015267610549927, 0.0]","Feature_Vector: [1.0, 1.0, 0.0, 0.4598126709461212, 0.0]",3,tweet_1650_1047132
279,279,"Feature_Vector: [0.0, 0.0, 1.0, 0.6971036195755005, 0.0]","Feature_Vector: [0.0, 0.0, 1.0, 0.6971036195755005, 0.0]",1,tweet_279_759290
9884,4928,"Feature_Vector: [1.0, 1.0, 0.0, 0.36487841606140137, 0.0]","Feature_Vector: [1.0, 1.0, 0.0, 0.44689735770225525, 0.0]",1,tweet_4928_645862
3251,5241,"Feature_Vector: [1.0, 0.0, 0.0, 0.385670930147171, 0.0]","Feature_Vector: [0.0, 0.0, 0.0, 0.5940559506416321, 0.0]",1,tweet_5241_997419
3316,9488,"Feature_Vector: [1.0, 1.0, 0.0, 0.38099852204322815, 0.0]","Feature_Vector: [1.0, 1.0, 0.0, 0.4421149492263794, 0.0]",1,tweet_9488_411318
3217,3600,"Feature_Vector: [1.0, 1.0, 0.0, 0.3578931391239166, 0.0]","Feature_Vector: [1.0, 1.0, 0.0, 0.20950300991535187, 1.0]",3,tweet_3600_1306037
624,8265,"Feature_Vector: [1.0, 1.0, 0.0, 0.28230011463165283, 0.0]","Feature_Vector: [1.0, 0.0, 0.0, 0.3058021664619446, 0.0]",2,tweet_8265_1238424
9440,846,"Feature_Vector: [1.0, 1.0, 0.0, 0.3178894519805908, 0.0]","Feature_Vector: [1.0, 1.0, 0.0, 0.352704256772995, 0.0]",1,tweet_846_625685
9331,9993,"Feature_Vector: [1.0, 1.0, 0.0, 0.3889090418815613, 0.0]","Feature_Vector: [1.0, 1.0, 0.0, 0.3337654769420624, 0.0]",1,tweet_9993_947671
1171,5204,"Feature_Vector: [1.0, 1.0, 0.0, 0.4153672754764557, 0.0]","Feature_Vector: [1.0, 1.0, 0.0, 0.33926671743392944, 0.0]",2,tweet_5204_1255844
2944,6813,"Feature_Vector: [1.0, 1.0, 0.0, 0.22907190024852753, 0.0]","Feature_Vector: [1.0, 1.0, 0.0, 0.3311192989349365, 0.0]",1,tweet_6813_396491
3801,9733,"Feature_Vector: [1.0, 1.0, 0.0, 0.27328720688819885, 0.0]","Feature_Vector: [1.0, 1.0, 0.0, 0.2754656970500946, 0.0]",3,tweet_9733_1147735
2557,311,"Feature_Vector: [1.0, 1.0, 0.0, 0.3674471080303192, 0.0]","Feature_Vector: [1.0, 1.0, 1.0, 0.742438018321991, 0.0]",1,tweet_311_679972
7796,1816,"Feature_Vector: [1.0, 1.0, 0.0, 0.442025750875473, 0.0]","Feature_Vector: [1.0, 1.0, 0.0, 0.45656219124794006, 0.0]",1,tweet_1816_218574
756,4806,"Feature_Vector: [1.0, 1.0, 0.0, 0.09079723805189133, 0.0]","Feature_Vector: [1.0, 0.0, 1.0, 0.7618684768676758, 0.0]",1,tweet_4806_662468
423,7779,"Feature_Vector: [1.0, 1.0, 0.0, 0.3337654769420624, 0.0]","Feature_Vector: [1.0, 1.0, 0.0, 0.37539729475975037, 0.0]",1,tweet_7779_659757
3224,6085,"Feature_Vector: [1.0, 1.0, 0.0, 0.4357036352157593, 0.0]","Feature_Vector: [0.0, 0.0, 0.0, 0.46936097741127014, 0.0]",1,tweet_6085_686752
7750,7750,"Feature_Vector: [1.0, 0.0, 0.0, 0.3731729984283447, 0.0]","Feature_Vector: [1.0, 0.0, 0.0, 0.3731729984283447, 0.0]",1,tweet_7750_915638
921,2893,"Feature_Vector: [1.0, 1.0, 0.0, 0.3357084393501282, 0.0]","Feature_Vector: [1.0, 1.0, 0.0, 0.6793380975723267, 0.0]",1,tweet_2893_768779
7622,9186,"Feature_Vector: [1.0, 1.0, 0.0, 0.4539681077003479, 0.0]","Feature_Vector: [1.0, 1.0, 0.0, 0.3712500035762787, 0.0]",1,tweet_9186_912903
571,6257,"Feature_Vector: [1.0, 1.0, 0.0, 0.29233288764953613, 1.0]","Feature_Vector: [1.0, 1.0, 0.0, 0.24996672570705414, 0.0]",2,tweet_6257_1065201
2269,2906,"Feature_Vector: [1.0, 1.0, 0.0, 0.4489278495311737, 0.0]","Feature_Vector: [1.0, 1.0, 0.0, 0.356079638004303, 0.0]",1,tweet_2906_370329
6330,2742,"Feature_Vector: [1.0, 1.0, 0.0, 0.29264894127845764, 0.0]","Feature_Vector: [1.0, 1.0, 0.0, 0.31888797879219055, 0.0]",1,tweet_2742_520056
1550,441,"Feature_Vector: [1.0, 1.0, 0.0, 0.3944106996059418, 0.0]","Feature_Vector: [1.0, 1.0, 0.0, 0.3355613350868225, 0.0]",1,tweet_441_42150
6729,6729,"Feature_Vector: [1.0, 0.0, 1.0, 0.5942019820213318, 0.0]","Feature_Vector: [1.0, 0.0, 1.0, 0.5942019820213318, 0.0]",1,tweet_6729_894540
1267,4492,"Feature_Vector: [1.0, 1.0, 0.0, 0.21839572489261627, 0.0]","Feature_Vector: [1.0, 1.0, 0.0, 0.48578622937202454, 0.0]",3,tweet_4492_1083289
7424,7424,"Feature_Vector: [1.0, 0.0, 0.0, 0.584269106388092, 0.0]","Feature_Vector: [1.0, 0.0, 0.0, 0.584269106388092, 0.0]",1,tweet_7424_910203
9319,4476,"Feature_Vector: [1.0, 1.0, 0.0, 0.23636144399642944, 0.0]","Feature_Vector: [0.0, 0.0, 1.0, 0.7977245450019836, 0.0]",1,tweet_4476_620328
1123,4175,"Feature_Vector: [1.0, 1.0, 0.0, 0.4119739532470703, 0.0]","Feature_Vector: [1.0, 0.0, 0.0, 0.5835127234458923, 0.0]",1,tweet_4175_978686
4489,9579,"Feature_Vector: [1.0, 1.0, 0.0, 0.26961660385131836, 0.0]","Feature_Vector: [1.0, 1.0, 0.0, 0.21720798313617706, 0.0]",2,tweet_9579_1330226
9117,9338,"Feature_Vector: [1.0, 1.0, 0.0, 0.42108166217803955, 0.0]","Feature_Vector: [1.0, 1.0, 0.0, 0.42182081937789917, 0.0]",1,tweet_9338_252056
4595,3082,"Feature_Vector: [1.0, 1.0, 0.0, 0.30679193139076233, 0.0]","Feature_Vector: [1.0, 0.0, 1.0, 0.5919924974441528, 0.0]",1,tweet_3082_700643
6056,5856,"Feature_Vector: [1.0, 1.0, 0.0, 0.521015465259552, 0.0]","Feature_Vector: [1.0, 1.0, 0.0, 0.379463791847229, 0.0]",1,tweet_5856_170829
4408,8353,"Feature_Vector: [1.0, 1.0, 0.0, 0.5222185254096985, 0.0]","Feature_Vector: [1.0, 1.0, 0.0, 0.4971977174282074, 0.0]",1,tweet_8353_698542
10139,9468,"Feature_Vector: [1.0, 1.0, 0.0, 0.28305232524871826, 0.0]","Feature_Vector: [1.0, 1.0, 0.0, 0.4958128333091736, 0.0]",1,tweet_9468_654143
4466,9121,"Feature_Vector: [1.0, 1.0, 0.0, 0.3962990343570709, 0.0]","Feature_Vector: [1.0, 1.0, 0.0, 0.2671949863433838, 0.0]",1,tweet_9121_123525
5037,6991,"Feature_Vector: [1.0, 1.0, 0.0, 0.2666979134082794, 0.0]","Feature_Vector: [1.0, 1.0, 0.0, 0.24432046711444855, 0.0]",1,tweet_6991_859958
4625,1759,"Feature_Vector: [1.0, 1.0, 0.0, 0.3686888515949249, 0.0]","Feature_Vector: [1.0, 1.0, 0.0, 0.4628397524356842, 0.0]",1,tweet_1759_128392
9886,4728,"Feature_Vector: [1.0, 1.0, 0.0, 0.2250405102968216, 0.0]","Feature_Vector: [1.0, 0.0, 1.0, 0.5780017971992493, 0.0]",1,tweet_4728_1044126
3317,8123,"Feature_Vector: [1.0, 1.0, 0.0, 0.2986243963241577, 0.0]","Feature_Vector: [1.0, 0.0, 0.0, 0.26414474844932556, 0.0]",3,tweet_8123_1308121
6039,4983,"Feature_Vector: [1.0, 1.0, 0.0, 0.4729684293270111, 0.0]","Feature_Vector: [1.0, 1.0, 0.0, 0.34638461470603943, 0.0]",1,tweet_4983_170175
620,620,"Feature_Vector: [0.0, 0.0, 0.0, 0.5059493184089661, 0.0]","Feature_Vector: [0.0, 0.0, 0.0, 0.5059493184089661, 0.0]",1,tweet_620_763382
2185,8296,"Feature_Vector: [1.0, 1.0, 0.0, 0.36677345633506775, 0.0]","Feature_Vector: [1.0, 0.0, 1.0, 0.8148944973945618, 0.0]",1,tweet_8296_676283
651,651,"Feature_Vector: [1.0, 1.0, 0.0, 0.21839572489261627, 0.0]","Feature_Vector: [1.0, 1.0, 0.0, 0.21839572489261627, 0.0]",1,tweet_651_764068
8434,9959,"Feature_Vector: [0.0, 0.0, 1.0, 0.5108802318572998, 0.0]","Feature_Vector: [1.0, 0.0, 0.0, 0.3630081117153168, 0.0]",1,tweet_9959_233257
9519,7714,"Feature_Vector: [1.0, 1.0, 0.0, 0.4670172929763794, 0.0]","Feature_Vector: [1.0, 1.0, 0.0, 0.48234423995018005, 0.0]",1,tweet_7714_629331
2611,8072,"Feature_Vector: [1.0, 1.0, 0.0, 0.3750326335430145, 0.0]","Feature_Vector: [1.0, 1.0, 0.0, 0.3016597032546997, 0.0]",1,tweet_8072_384807
3302,6888,"Feature_Vector: [1.0, 1.0, 0.0, 0.4583613872528076, 0.0]","Feature_Vector: [0.0, 0.0, 0.0, 0.32453423738479614, 0.0]",1,tweet_6888_410344
1539,696,"Feature_Vector: [1.0, 1.0, 0.0, 0.3626447319984436, 0.0]","Feature_Vector: [1.0, 1.0, 0.0, 0.343771755695343, 0.0]",1,tweet_696_343884
2488,247,"Feature_Vector: [1.0, 0.0, 0.0, 0.5978919267654419, 0.0]","Feature_Vector: [1.0, 1.0, 0.0, 0.2159947007894516, 0.0]",1,tweet_247_68178
3487,3487,"Feature_Vector: [1.0, 1.0, 1.0, 0.6530749797821045, 0.0]","Feature_Vector: [1.0, 1.0, 1.0, 0.6530749797821045, 0.0]",1,tweet_3487_823510
7728,9572,"Feature_Vector: [1.0, 1.0, 0.0, 0.3711717128753662, 0.0]","Feature_Vector: [1.0, 1.0, 0.0, 0.3984653651714325, 0.0]",3,tweet_9572_1206396
540,9092,"Feature_Vector: [1.0, 0.0, 0.0, 0.26619645953178406, 0.0]","Feature_Vector: [1.0, 0.0, 0.0, 0.4252278506755829, 0.0]",2,tweet_9092_1235036
3021,6555,"Feature_Vector: [1.0, 1.0, 0.0, 0.3208335340023041, 0.0]","Feature_Vector: [1.0, 1.0, 0.0, 0.4464039206504822, 0.0]",1,tweet_6555_398869
2880,8422,"Feature_Vector: [1.0, 1.0, 0.0, 0.3704620599746704, 0.0]","Feature_Vector: [1.0, 1.0, 0.0, 0.3706205487251282, 0.0]",1,tweet_8422_79193
1734,8444,"Feature_Vector: [1.0, 1.0, 0.0, 0.31728172302246094, 0.0]","Feature_Vector: [1.0, 1.0, 0.0, 0.49927398562431335, 0.0]",1,tweet_8444_46876
9780,8873,"Feature_Vector: [1.0, 1.0, 0.0, 0.23098446428775787, 0.0]","Feature_Vector: [0.0, 0.0, 0.0, 0.37669095396995544, 0.0]",1,tweet_8873_749970
9848,4255,"Feature_Vector: [1.0, 1.0, 0.0, 0.3304781913757324, 0.0]","Feature_Vector: [1.0, 1.0, 0.0, 0.17689046263694763, 0.0]",1,tweet_4255_275945
555,2418,"Feature_Vector: [1.0, 1.0, 0.0, 0.5213719606399536, 0.0]","Feature_Vector: [1.0, 1.0, 0.0, 0.41877058148384094, 0.0]",3,tweet_2418_1063970
6365,7201,"Feature_Vector: [1.0, 1.0, 0.0, 0.3800693154335022, 0.0]","Feature_Vector: [1.0, 1.0, 0.0, 0.2991885542869568, 0.0]",3,tweet_7201_1193495
6085,10043,"Feature_Vector: [0.0, 0.0, 0.0, 0.46936097741127014, 0.0]","Feature_Vector: [1.0, 1.0, 0.0, 0.2741687297821045, 0.0]",4,tweet_10043_1189381
1109,1165,"Feature_Vector: [1.0, 1.0, 0.0, 0.3301548957824707, 0.0]","Feature_Vector: [1.0, 1.0, 0.0, 0.35719481110572815, 0.0]",1,tweet_1165_324485
6124,9750,"Feature_Vector: [1.0, 0.0, 0.0, 0.2977674603462219, 0.0]","Feature_Vector: [1.0, 1.0, 0.0, 0.4316953420639038, 0.0]",2,tweet_9750_1356949
7314,8857,"Feature_Vector: [1.0, 0.0, 0.0, 0.5325096845626831, 0.0]","Feature_Vector: [1.0, 0.0, 0.0, 0.3834461569786072, 0.0]",3,tweet_8857_1371383
7714,7752,"Feature_Vector: [1.0, 1.0, 0.0, 0.48234423995018005, 0.0]","Feature_Vector: [1.0, 1.0, 0.0, 0.34453070163726807, 0.0]",1,tweet_7752_215921
3446,8923,"Feature_Vector: [1.0, 0.0, 0.0, 0.2880544364452362, 0.0]","Feature_Vector: [1.0, 1.0, 0.0, 0.7015022039413452, 0.0]",2,tweet_8923_1310674
199,199,"Feature_Vector: [1.0, 1.0, 0.0, 0.5112609267234802, 0.0]","Feature_Vector: [1.0, 1.0, 0.0, 0.5112609267234802, 0.0]",1,tweet_199_972897
3532,8781,"Feature_Vector: [0.0, 0.0, 0.0, 0.5156269073486328, 0.0]","Feature_Vector: [1.0, 1.0, 0.0, 0.37187254428863525, 0.0]",4,tweet_8781_1141008
2483,4670,"Feature_Vector: [1.0, 1.0, 0.0, 0.33406877517700195, 0.0]","Feature_Vector: [0.0, 0.0, 1.0, 0.5267648696899414, 0.0]",1,tweet_4670_378829
7578,2622,"Feature_Vector: [1.0, 1.0, 0.0, 0.31149595975875854, 0.0]","Feature_Vector: [1.0, 1.0, 0.0, 0.4045492112636566, 0.0]",1,tweet_2622_562708
3539,7738,"Feature_Vector: [1.0, 1.0, 0.0, 0.21839572489261627, 0.0]","Feature_Vector: [1.0, 1.0, 0.0, 0.14888373017311096, 0.0]",3,tweet_7738_1141072
2571,3825,"Feature_Vector: [1.0, 1.0, 0.0, 0.3786461353302002, 0.0]","Feature_Vector: [1.0, 1.0, 0.0, 0.20950300991535187, 0.0]",2,tweet_3825_1292355
1369,7002,"Feature_Vector: [1.0, 1.0, 0.0, 0.3480616509914398, 0.0]","Feature_Vector: [1.0, 1.0, 0.0, 0.27503666281700134, 0.0]",1,tweet_7002_334335
9716,6729,"Feature_Vector: [1.0, 1.0, 0.0, 0.24432046711444855, 0.0]","Feature_Vector: [1.0, 0.0, 1.0, 0.5942019820213318, 0.0]",1,tweet_6729_638220
5871,5871,"Feature_Vector: [1.0, 1.0, 0.0, 0.486001580953598, 0.0]","Feature_Vector: [1.0, 1.0, 0.0, 0.486001580953598, 0.0]",1,tweet_5871_878328
8328,2358,"Feature_Vector: [1.0, 1.0, 0.0, 0.31194546818733215, 0.0]","Feature_Vector: [0.0, 0.0, 0.0, 0.49897387623786926, 0.0]",1,tweet_2358_587655
6232,1371,"Feature_Vector: [1.0, 1.0, 0.0, 0.3455270528793335, 0.0]","Feature_Vector: [1.0, 1.0, 0.0, 0.2270922064781189, 0.0]",1,tweet_1371_176427
5486,4450,"Feature_Vector: [1.0, 1.0, 0.0, 0.45349663496017456, 0.0]","Feature_Vector: [1.0, 1.0, 0.0, 0.4428674578666687, 0.0]",1,tweet_4450_489168
9398,10189,"Feature_Vector: [1.0, 1.0, 0.0, 0.3273293673992157, 0.0]","Feature_Vector: [1.0, 1.0, 0.0, 0.35679182410240173, 0.0]",3,tweet_10189_1215290
4104,9079,"Feature_Vector: [1.0, 1.0, 0.0, 0.3771861493587494, 0.0]","Feature_Vector: [1.0, 0.0, 1.0, 0.5973740220069885, 0.0]",3,tweet_9079_1154459
600,7975,"Feature_Vector: [1.0, 1.0, 0.0, 0.2877114713191986, 0.0]","Feature_Vector: [1.0, 1.0, 0.0, 0.3992805480957031, 0.0]",1,tweet_7975_15103
2203,8054,"Feature_Vector: [1.0, 1.0, 0.0, 0.3158377408981323, 0.0]","Feature_Vector: [1.0, 1.0, 0.0, 0.30703669786453247, 0.0]",1,tweet_8054_367930
2995,8000,"Feature_Vector: [1.0, 1.0, 0.0, 0.44904619455337524, 0.0]","Feature_Vector: [1.0, 1.0, 0.0, 0.4358532130718231, 0.0]",1,tweet_8000_397700
6450,4602,"Feature_Vector: [1.0, 0.0, 0.0, 0.43684038519859314, 0.0]","Feature_Vector: [1.0, 0.0, 1.0, 0.7039992809295654, 0.0]",1,tweet_4602_524659
4507,4507,"Feature_Vector: [1.0, 0.0, 0.0, 0.5864585041999817, 0.0]","Feature_Vector: [1.0, 0.0, 0.0, 0.5864585041999817, 0.0]",1,tweet_4507_1007513
9313,8631,"Feature_Vector: [1.0, 1.0, 0.0, 0.27631404995918274, 0.0]","Feature_Vector: [0.0, 0.0, 0.0, 0.4239818751811981, 0.0]",1,tweet_8631_620192
5358,4965,"Feature_Vector: [1.0, 1.0, 0.0, 0.3516066372394562, 0.0]","Feature_Vector: [1.0, 1.0, 0.0, 0.42358100414276123, 0.0]",1,tweet_4965_708503
2834,4842,"Feature_Vector: [1.0, 1.0, 0.0, 0.30752304196357727, 0.0]","Feature_Vector: [1.0, 1.0, 0.0, 0.32982972264289856, 0.0]",2,tweet_4842_1297470
9953,9953,"Feature_Vector: [1.0, 1.0, 0.0, 0.13527844846248627, 0.0]","Feature_Vector: [1.0, 1.0, 0.0, 0.13527844846248627, 0.0]",1,tweet_9953_963486
9770,5645,"Feature_Vector: [1.0, 1.0, 0.0, 0.31349119544029236, 0.0]","Feature_Vector: [1.0, 1.0, 1.0, 0.6468755006790161, 0.0]",1,tweet_5645_749798
6405,3298,"Feature_Vector: [1.0, 1.0, 0.0, 0.23191697895526886, 0.0]","Feature_Vector: [1.0, 1.0, 0.0, 0.3630985915660858, 0.0]",1,tweet_3298_522023
3514,2571,"Feature_Vector: [1.0, 1.0, 0.0, 0.3355613350868225, 0.0]","Feature_Vector: [1.0, 1.0, 0.0, 0.3786461353302002, 0.0]",1,tweet_2571_96575
1015,399,"Feature_Vector: [1.0, 1.0, 0.0, 0.2935866117477417, 0.0]","Feature_Vector: [1.0, 1.0, 0.0, 0.36836040019989014, 0.0]",1,tweet_399_25830
3182,876,"Feature_Vector: [1.0, 1.0, 0.0, 0.1173127219080925, 0.0]","Feature_Vector: [1.0, 0.0, 1.0, 0.5956830382347107, 0.0]",1,tweet_876_405130
4826,4826,"Feature_Vector: [1.0, 1.0, 0.0, 0.4472035765647888, 0.0]","Feature_Vector: [1.0, 1.0, 0.0, 0.4472035765647888, 0.0]",1,tweet_4826_855287
5130,1219,"Feature_Vector: [1.0, 1.0, 0.0, 0.32647067308425903, 0.0]","Feature_Vector: [1.0, 1.0, 0.0, 0.33643826842308044, 0.0]",1,tweet_1219_144549
5912,9171,"Feature_Vector: [1.0, 1.0, 0.0, 0.47838640213012695, 0.0]","Feature_Vector: [1.0, 1.0, 0.0, 0.44777077436447144, 0.0]",1,tweet_9171_166003
7423,5320,"Feature_Vector: [1.0, 1.0, 0.0, 0.27328720688819885, 0.0]","Feature_Vector: [1.0, 1.0, 0.0, 0.28452733159065247, 0.0]",1,tweet_5320_556493
4658,2606,"Feature_Vector: [1.0, 1.0, 0.0, 0.37966635823249817, 0.0]","Feature_Vector: [1.0, 1.0, 0.0, 0.24281595647335052, 1.0]",1,tweet_2606_129794
6567,6567,"Feature_Vector: [0.0, 0.0, 0.0, 0.4895516633987427, 0.0]","Feature_Vector: [0.0, 0.0, 0.0, 0.4895516633987427, 0.0]",1,tweet_6567_892243
7847,9183,"Feature_Vector: [1.0, 1.0, 0.0, 0.31149595975875854, 0.0]","Feature_Vector: [1.0, 1.0, 0.0, 0.3309597074985504, 0.0]",1,tweet_9183_569939
6024,6579,"Feature_Vector: [1.0, 0.0, 0.0, 0.4011073708534241, 0.0]","Feature_Vector: [1.0, 1.0, 0.0, 0.4581605792045593, 0.0]",1,tweet_6579_508063
967,7880,"Feature_Vector: [1.0, 1.0, 0.0, 0.25808456540107727, 0.0]","Feature_Vector: [1.0, 0.0, 1.0, 0.5543941855430603, 0.0]",1,tweet_7880_664683
8466,8466,"Feature_Vector: [1.0, 1.0, 0.0, 0.4662090837955475, 0.0]","Feature_Vector: [1.0, 1.0, 0.0, 0.4662090837955475, 0.0]",1,tweet_8466_931393
2527,1035,"Feature_Vector: [1.0, 1.0, 0.0, 0.48962849378585815, 0.0]","Feature_Vector: [1.0, 1.0, 0.0, 0.4276401400566101, 0.0]",1,tweet_1035_679728
8554,3934,"Feature_Vector: [1.0, 1.0, 0.0, 0.3162540793418884, 0.0]","Feature_Vector: [1.0, 0.0, 0.0, 0.24432046711444855, 0.0]",1,tweet_3934_594841
5901,833,"Feature_Vector: [1.0, 1.0, 0.0, 0.3800693154335022, 0.0]","Feature_Vector: [1.0, 1.0, 0.0, 0.31562840938568115, 0.0]",1,tweet_833_165058
6555,10126,"Feature_Vector: [1.0, 1.0, 0.0, 0.4464039206504822, 0.0]","Feature_Vector: [1.0, 1.0, 0.0, 0.4034103453159332, 0.0]",3,tweet_10126_1195316
1252,8771,"Feature_Vector: [1.0, 0.0, 0.0, 0.2250405102968216, 0.0]","Feature_Vector: [1.0, 1.0, 0.0, 0.3638172745704651, 0.0]",4,tweet_8771_1083150
2571,7975,"Feature_Vector: [1.0, 1.0, 0.0, 0.3786461353302002, 0.0]","Feature_Vector: [1.0, 1.0, 0.0, 0.3992805480957031, 0.0]",1,tweet_7975_382361
9174,4779,"Feature_Vector: [1.0, 1.0, 0.0, 0.29511559009552, 0.0]","Feature_Vector: [1.0, 1.0, 0.0, 0.33912861347198486, 0.0]",1,tweet_4779_616368
6930,3324,"Feature_Vector: [1.0, 1.0, 0.0, 0.34035953879356384, 0.0]","Feature_Vector: [1.0, 1.0, 0.0, 0.3143558204174042, 0.0]",1,tweet_3324_194462
6117,6845,"Feature_Vector: [1.0, 1.0, 0.0, 0.3767619729042053, 0.0]","Feature_Vector: [1.0, 1.0, 0.0, 0.3168729245662689, 0.0]",1,tweet_6845_172724
6246,6325,"Feature_Vector: [1.0, 1.0, 0.0, 0.4117453992366791, 0.0]","Feature_Vector: [1.0, 1.0, 0.0, 0.36417320370674133, 0.0]",1,tweet_6325_177080
1843,6720,"Feature_Vector: [1.0, 1.0, 0.0, 0.3974418044090271, 0.0]","Feature_Vector: [1.0, 0.0, 0.0, 0.557012140750885, 0.0]",3,tweet_6720_1102258
3047,5705,"Feature_Vector: [1.0, 1.0, 0.0, 0.3892512917518616, 0.0]","Feature_Vector: [1.0, 1.0, 0.0, 0.44831234216690063, 0.0]",1,tweet_5705_400918
4923,4492,"Feature_Vector: [1.0, 1.0, 0.0, 0.4348737895488739, 0.0]","Feature_Vector: [1.0, 1.0, 0.0, 0.48578622937202454, 0.0]",1,tweet_4492_468805
1219,2006,"Feature_Vector: [1.0, 1.0, 0.0, 0.33643826842308044, 0.0]","Feature_Vector: [1.0, 1.0, 0.0, 0.5827939510345459, 0.0]",1,tweet_2006_773120
6813,5705,"Feature_Vector: [1.0, 1.0, 0.0, 0.3311192989349365, 0.0]","Feature_Vector: [1.0, 1.0, 0.0, 0.44831234216690063, 0.0]",1,tweet_5705_722104
7438,8296,"Feature_Vector: [1.0, 1.0, 0.0, 0.2945089638233185, 0.0]","Feature_Vector: [1.0, 0.0, 1.0, 0.8148944973945618, 0.0]",1,tweet_8296_557232
6218,9426,"Feature_Vector: [1.0, 0.0, 0.0, 0.2506343722343445, 0.0]","Feature_Vector: [1.0, 1.0, 0.0, 0.29834020137786865, 0.0]",2,tweet_9426_1358343
2860,4420,"Feature_Vector: [1.0, 1.0, 0.0, 0.3922955393791199, 0.0]","Feature_Vector: [1.0, 1.0, 0.0, 0.36917802691459656, 0.0]",2,tweet_4420_1297759
847,1372,"Feature_Vector: [1.0, 1.0, 0.0, 0.36172589659690857, 0.0]","Feature_Vector: [1.0, 1.0, 0.0, 0.37939608097076416, 0.0]",1,tweet_1372_21597
1369,7399,"Feature_Vector: [1.0, 1.0, 0.0, 0.3480616509914398, 0.0]","Feature_Vector: [1.0, 1.0, 0.0, 0.3126131296157837, 0.0]",1,tweet_7399_334428
5194,9513,"Feature_Vector: [1.0, 1.0, 0.0, 0.3219694495201111, 0.0]","Feature_Vector: [1.0, 1.0, 0.0, 0.4159371256828308, 0.0]",3,tweet_9513_1176590
10193,7201,"Feature_Vector: [0.0, 0.0, 0.0, 0.47165074944496155, 0.0]","Feature_Vector: [1.0, 1.0, 0.0, 0.2991885542869568, 0.0]",1,tweet_7201_286747
9448,9448,"Feature_Vector: [1.0, 1.0, 0.0, 0.2592359483242035, 0.0]","Feature_Vector: [1.0, 1.0, 0.0, 0.2592359483242035, 0.0]",1,tweet_9448_1040176
2386,2386,"Feature_Vector: [0.0, 0.0, 1.0, 0.5335502624511719, 0.0]","Feature_Vector: [0.0, 0.0, 1.0, 0.5335502624511719, 0.0]",1,tweet_2386_802573
1841,7087,"Feature_Vector: [1.0, 1.0, 0.0, 0.26768767833709717, 0.0]","Feature_Vector: [1.0, 1.0, 1.0, 0.6930900812149048, 0.0]",1,tweet_7087_673491
744,3574,"Feature_Vector: [1.0, 0.0, 0.0, 0.329173743724823, 0.0]","Feature_Vector: [1.0, 0.0, 0.0, 0.3998018205165863, 0.0]",3,tweet_3574_1242570
1742,10131,"Feature_Vector: [1.0, 1.0, 0.0, 0.48030951619148254, 0.0]","Feature_Vector: [1.0, 1.0, 0.0, 0.4149360656738281, 0.0]",1,tweet_10131_46962
2466,7276,"Feature_Vector: [1.0, 1.0, 0.0, 0.38740143179893494, 0.0]","Feature_Vector: [1.0, 1.0, 0.0, 0.3862136900424957, 0.0]",1,tweet_7276_679098
1748,1748,"Feature_Vector: [1.0, 1.0, 0.0, 0.6575924158096313, 0.0]","Feature_Vector: [1.0, 1.0, 0.0, 0.6575924158096313, 0.0]",1,tweet_1748_985618
3032,3032,"Feature_Vector: [1.0, 1.0, 0.0, 0.4313458502292633, 0.0]","Feature_Vector: [1.0, 1.0, 0.0, 0.4313458502292633, 0.0]",1,tweet_3032_812941
2604,8259,"Feature_Vector: [1.0, 1.0, 0.0, 0.4303116798400879, 0.0]","Feature_Vector: [1.0, 1.0, 0.0, 0.3863934576511383, 0.0]",1,tweet_8259_72653
7167,8392,"Feature_Vector: [1.0, 1.0, 0.0, 0.27372968196868896, 0.0]","Feature_Vector: [1.0, 1.0, 0.0, 0.23098446428775787, 0.0]",1,tweet_8392_548145
854,2459,"Feature_Vector: [1.0, 1.0, 0.0, 0.32399436831474304, 0.0]","Feature_Vector: [0.0, 0.0, 0.0, 0.48355427384376526, 0.0]",1,tweet_2459_316407
2912,4501,"Feature_Vector: [1.0, 1.0, 0.0, 0.40179452300071716, 0.0]","Feature_Vector: [1.0, 1.0, 0.0, 0.30428415536880493, 0.0]",3,tweet_4501_1299027
684,5403,"Feature_Vector: [1.0, 1.0, 0.0, 0.312391459941864, 0.0]","Feature_Vector: [1.0, 1.0, 0.0, 0.25866320729255676, 0.0]",1,tweet_5403_310785
2876,3464,"Feature_Vector: [1.0, 1.0, 0.0, 0.44601020216941833, 0.0]","Feature_Vector: [1.0, 1.0, 0.0, 0.4251677095890045, 0.0]",1,tweet_3464_78909
6085,1616,"Feature_Vector: [0.0, 0.0, 0.0, 0.46936097741127014, 0.0]","Feature_Vector: [1.0, 1.0, 0.0, 0.27673348784446716, 0.0]",1,tweet_1616_511216
9051,9396,"Feature_Vector: [1.0, 1.0, 0.0, 0.15641696751117706, 0.0]","Feature_Vector: [0.0, 0.0, 0.0, 0.039104241877794266, 0.0]",1,tweet_9396_1383157
2727,8660,"Feature_Vector: [1.0, 1.0, 0.0, 0.38184788823127747, 0.0]","Feature_Vector: [1.0, 1.0, 0.0, 0.5584698915481567, 0.0]",1,tweet_8660_388106
7688,8580,"Feature_Vector: [1.0, 0.0, 0.0, 0.5964366793632507, 0.0]","Feature_Vector: [0.0, 0.0, 0.0, 0.31908556818962097, 0.0]",3,tweet_8580_1374942
3487,3487,"Feature_Vector: [1.0, 1.0, 1.0, 0.6530749797821045, 0.0]","Feature_Vector: [1.0, 1.0, 1.0, 0.6530749797821045, 0.0]",1,tweet_3487_822747
8486,3487,"Feature_Vector: [1.0, 1.0, 0.0, 0.4063836932182312, 0.0]","Feature_Vector: [1.0, 1.0, 1.0, 0.6530749797821045, 0.0]",1,tweet_3487_931882
905,8523,"Feature_Vector: [1.0, 1.0, 0.0, 0.24505792558193207, 0.0]","Feature_Vector: [1.0, 1.0, 0.0, 0.039104241877794266, 0.0]",2,tweet_8523_1247283
291,2466,"Feature_Vector: [1.0, 1.0, 0.0, 0.43874073028564453, 0.0]","Feature_Vector: [1.0, 1.0, 0.0, 0.38740143179893494, 0.0]",1,tweet_2466_8300
2725,4498,"Feature_Vector: [1.0, 1.0, 0.0, 0.4595842659473419, 0.0]","Feature_Vector: [1.0, 1.0, 0.0, 0.5244417786598206, 0.0]",3,tweet_4498_1295218
3010,6489,"Feature_Vector: [0.0, 0.0, 0.0, 0.47409191727638245, 0.0]","Feature_Vector: [1.0, 1.0, 0.0, 0.24127022922039032, 0.0]",3,tweet_6489_1301302
9169,266,"Feature_Vector: [1.0, 1.0, 0.0, 0.40309977531433105, 0.0]","Feature_Vector: [1.0, 1.0, 0.0, 0.3602238893508911, 0.0]",1,tweet_266_253418
2860,2784,"Feature_Vector: [1.0, 1.0, 0.0, 0.3922955393791199, 0.0]","Feature_Vector: [1.0, 1.0, 0.0, 0.28560879826545715, 0.0]",1,tweet_2784_78371
2093,2093,"Feature_Vector: [1.0, 1.0, 0.0, 0.3635488450527191, 0.0]","Feature_Vector: [1.0, 1.0, 0.0, 0.3635488450527191, 0.0]",1,tweet_2093_792839
229,6491,"Feature_Vector: [1.0, 1.0, 0.0, 0.3077646493911743, 0.0]","Feature_Vector: [1.0, 1.0, 0.0, 0.28305232524871826, 0.0]",2,tweet_6491_1224989
485,5413,"Feature_Vector: [1.0, 1.0, 0.0, 0.35378092527389526, 1.0]","Feature_Vector: [1.0, 1.0, 0.0, 0.3690154254436493, 0.0]",3,tweet_5413_1061632
4479,6502,"Feature_Vector: [1.0, 1.0, 0.0, 0.22181588411331177, 0.0]","Feature_Vector: [1.0, 1.0, 0.0, 0.4265056848526001, 0.0]",2,tweet_6502_1330008
1722,9429,"Feature_Vector: [1.0, 0.0, 0.0, 0.4133632779121399, 0.0]","Feature_Vector: [1.0, 1.0, 0.0, 0.3902098834514618, 0.0]",3,tweet_9429_1271181
485,6333,"Feature_Vector: [1.0, 1.0, 0.0, 0.35378092527389526, 1.0]","Feature_Vector: [1.0, 1.0, 0.0, 0.3821711838245392, 0.0]",3,tweet_6333_1061687
7071,9659,"Feature_Vector: [1.0, 1.0, 0.0, 0.4047223925590515, 0.0]","Feature_Vector: [1.0, 1.0, 0.0, 0.36609169840812683, 0.0]",2,tweet_9659_1200965
544,544,"Feature_Vector: [0.0, 0.0, 0.0, 0.41893884539604187, 0.0]","Feature_Vector: [0.0, 0.0, 0.0, 0.41893884539604187, 0.0]",1,tweet_544_762338
8592,90,"Feature_Vector: [1.0, 1.0, 0.0, 0.2819201946258545, 0.0]","Feature_Vector: [0.0, 0.0, 0.0, 0.24650456011295319, 1.0]",1,tweet_90_237446
6,3079,"Feature_Vector: [1.0, 0.0, 0.0, 0.4832649230957031, 0.0]","Feature_Vector: [1.0, 0.0, 0.0, 0.3645269274711609, 0.0]",1,tweet_3079_78
423,7465,"Feature_Vector: [1.0, 1.0, 0.0, 0.3337654769420624, 0.0]","Feature_Vector: [1.0, 1.0, 0.0, 0.3412986993789673, 0.0]",1,tweet_7465_10584
6145,5616,"Feature_Vector: [1.0, 1.0, 0.0, 0.2799813449382782, 0.0]","Feature_Vector: [1.0, 1.0, 0.0, 0.29718881845474243, 0.0]",1,tweet_5616_513150
9828,9130,"Feature_Vector: [1.0, 1.0, 0.0, 0.26768767833709717, 0.0]","Feature_Vector: [1.0, 1.0, 0.0, 0.16900572180747986, 0.0]",1,tweet_9130_643917
7383,7383,"Feature_Vector: [1.0, 1.0, 1.0, 0.6009123921394348, 0.0]","Feature_Vector: [1.0, 1.0, 1.0, 0.6009123921394348, 0.0]",1,tweet_7383_909533
7045,7568,"Feature_Vector: [1.0, 1.0, 0.0, 0.3495754599571228, 0.0]","Feature_Vector: [1.0, 1.0, 0.0, 0.38942164182662964, 0.0]",1,tweet_7568_724934
2381,2784,"Feature_Vector: [1.0, 1.0, 0.0, 0.28666993975639343, 0.0]","Feature_Vector: [1.0, 1.0, 0.0, 0.28560879826545715, 0.0]",1,tweet_2784_64817
3962,3598,"Feature_Vector: [1.0, 0.0, 1.0, 0.5622205138206482, 0.0]","Feature_Vector: [1.0, 0.0, 1.0, 0.5900630950927734, 0.0]",1,tweet_3598_431895
3171,5854,"Feature_Vector: [1.0, 1.0, 0.0, 0.42804187536239624, 0.0]","Feature_Vector: [1.0, 1.0, 0.0, 0.27838078141212463, 0.0]",1,tweet_5854_404823
6231,6970,"Feature_Vector: [1.0, 1.0, 0.0, 0.2890709638595581, 0.0]","Feature_Vector: [1.0, 1.0, 0.0, 0.36827796697616577, 0.0]",3,tweet_6970_1191373
4278,10044,"Feature_Vector: [1.0, 1.0, 0.0, 0.2380456179380417, 0.0]","Feature_Vector: [1.0, 1.0, 0.0, 0.6037755608558655, 0.0]",1,tweet_10044_442211
7539,328,"Feature_Vector: [0.0, 0.0, 0.0, 0.5753263831138611, 0.0]","Feature_Vector: [1.0, 0.0, 1.0, 0.6683395504951477, 0.0]",1,tweet_328_561017
7177,5238,"Feature_Vector: [1.0, 1.0, 0.0, 0.32612350583076477, 0.0]","Feature_Vector: [1.0, 1.0, 0.0, 0.42298993468284607, 0.0]",1,tweet_5238_201390
2130,313,"Feature_Vector: [0.0, 0.0, 0.0, 0.4017033874988556, 0.0]","Feature_Vector: [1.0, 0.0, 0.0, 0.7180934548377991, 0.0]",1,tweet_313_364221
6999,9032,"Feature_Vector: [1.0, 1.0, 0.0, 0.3554619550704956, 0.0]","Feature_Vector: [1.0, 1.0, 0.0, 0.1173127219080925, 0.0]",3,tweet_9032_1368271
2543,1316,"Feature_Vector: [1.0, 1.0, 0.0, 0.3634590804576874, 0.0]","Feature_Vector: [1.0, 1.0, 0.0, 0.2671949863433838, 0.0]",1,tweet_1316_70297
137,5200,"Feature_Vector: [1.0, 1.0, 0.0, 0.4085656404495239, 0.0]","Feature_Vector: [1.0, 1.0, 0.0, 0.3580910861492157, 0.0]",3,tweet_5200_1051804
2969,4457,"Feature_Vector: [0.0, 0.0, 0.0, 0.45623353123664856, 0.0]","Feature_Vector: [1.0, 1.0, 0.0, 0.4762009084224701, 0.0]",1,tweet_4457_396796
3711,9547,"Feature_Vector: [1.0, 1.0, 0.0, 0.22398598492145538, 0.0]","Feature_Vector: [1.0, 1.0, 0.0, 0.3969973921775818, 0.0]",3,tweet_9547_1145624
3977,311,"Feature_Vector: [1.0, 1.0, 0.0, 0.3168729245662689, 0.0]","Feature_Vector: [1.0, 1.0, 1.0, 0.742438018321991, 0.0]",1,tweet_311_694183
272,4399,"Feature_Vector: [1.0, 1.0, 0.0, 0.5056105256080627, 0.0]","Feature_Vector: [1.0, 1.0, 0.0, 0.46550697088241577, 0.0]",1,tweet_4399_759137
885,3020,"Feature_Vector: [1.0, 0.0, 0.0, 0.2754656970500946, 0.0]","Feature_Vector: [1.0, 1.0, 0.0, 0.23550012707710266, 0.0]",2,tweet_3020_1246599
4492,4392,"Feature_Vector: [1.0, 1.0, 0.0, 0.48578622937202454, 0.0]","Feature_Vector: [1.0, 1.0, 0.0, 0.439864844083786, 0.0]",1,tweet_4392_449975
1053,2979,"Feature_Vector: [1.0, 1.0, 0.0, 0.3024599552154541, 0.0]","Feature_Vector: [1.0, 1.0, 0.0, 0.3029871881008148, 0.0]",1,tweet_2979_322989
2340,9030,"Feature_Vector: [1.0, 1.0, 0.0, 0.43840858340263367, 0.0]","Feature_Vector: [1.0, 1.0, 0.0, 0.41254132986068726, 0.0]",3,tweet_9030_1113255
4572,4646,"Feature_Vector: [1.0, 0.0, 0.0, 0.497574120759964, 0.0]","Feature_Vector: [1.0, 0.0, 0.0, 0.3506001830101013, 0.0]",3,tweet_4646_1331957
9748,3632,"Feature_Vector: [1.0, 1.0, 0.0, 0.47416770458221436, 0.0]","Feature_Vector: [1.0, 0.0, 1.0, 1.0, 0.0]",1,tweet_3632_639519
5096,6658,"Feature_Vector: [1.0, 1.0, 0.0, 0.312391459941864, 0.0]","Feature_Vector: [1.0, 1.0, 0.0, 0.14470288157463074, 0.0]",2,tweet_6658_1341521
242,7471,"Feature_Vector: [1.0, 1.0, 0.0, 0.4232395589351654, 0.0]","Feature_Vector: [1.0, 1.0, 0.0, 0.4045925736427307, 0.0]",1,tweet_7471_296924
6030,6758,"Feature_Vector: [1.0, 1.0, 0.0, 0.3585829436779022, 0.0]","Feature_Vector: [1.0, 1.0, 0.0, 0.4459894001483917, 0.0]",3,tweet_6758_1188320
4638,2185,"Feature_Vector: [1.0, 1.0, 0.0, 0.39674896001815796, 0.0]","Feature_Vector: [1.0, 1.0, 0.0, 0.36677345633506775, 0.0]",1,tweet_2185_456729
2315,3760,"Feature_Vector: [1.0, 1.0, 0.0, 0.2957157492637634, 0.0]","Feature_Vector: [1.0, 1.0, 0.0, 0.34182843565940857, 0.0]",1,tweet_3760_372952
2151,7086,"Feature_Vector: [1.0, 1.0, 0.0, 0.09079723805189133, 0.0]","Feature_Vector: [1.0, 1.0, 0.0, 0.12395750731229782, 0.0]",3,tweet_7086_1107675
4082,2543,"Feature_Vector: [1.0, 1.0, 0.0, 0.2754656970500946, 0.0]","Feature_Vector: [1.0, 1.0, 0.0, 0.3634590804576874, 0.0]",1,tweet_2543_436405
4186,4921,"Feature_Vector: [1.0, 1.0, 0.0, 0.372181236743927, 0.0]","Feature_Vector: [1.0, 1.0, 0.0, 0.6478599309921265, 0.0]",1,tweet_4921_440065
1169,4118,"Feature_Vector: [1.0, 1.0, 0.0, 0.30479469895362854, 0.0]","Feature_Vector: [1.0, 1.0, 0.0, 0.3954392671585083, 0.0]",1,tweet_4118_327350
6078,2634,"Feature_Vector: [1.0, 1.0, 0.0, 0.39604753255844116, 0.0]","Feature_Vector: [1.0, 1.0, 0.0, 0.2907254993915558, 0.0]",1,tweet_2634_171505
5186,7562,"Feature_Vector: [1.0, 1.0, 0.0, 0.26092013716697693, 0.0]","Feature_Vector: [1.0, 1.0, 0.0, 0.07820848375558853, 0.0]",2,tweet_7562_1342980
8141,2260,"Feature_Vector: [1.0, 1.0, 0.0, 0.43074944615364075, 0.0]","Feature_Vector: [1.0, 1.0, 0.0, 0.3388513922691345, 0.0]",1,tweet_2260_581061
8589,7164,"Feature_Vector: [1.0, 1.0, 0.0, 0.42984282970428467, 0.0]","Feature_Vector: [1.0, 1.0, 0.0, 0.4096059799194336, 0.0]",1,tweet_7164_596002
7058,120,"Feature_Vector: [1.0, 1.0, 0.0, 0.25448235869407654, 0.0]","Feature_Vector: [1.0, 1.0, 0.0, 0.29420316219329834, 0.0]",1,tweet_120_198190
4826,4826,"Feature_Vector: [1.0, 1.0, 0.0, 0.4472035765647888, 0.0]","Feature_Vector: [1.0, 1.0, 0.0, 0.4472035765647888, 0.0]",1,tweet_4826_855450
4505,6035,"Feature_Vector: [1.0, 1.0, 0.0, 0.3192824721336365, 0.0]","Feature_Vector: [1.0, 1.0, 0.0, 0.4006910026073456, 0.0]",3,tweet_6035_1162825
7863,4953,"Feature_Vector: [1.0, 1.0, 0.0, 0.4255574941635132, 0.0]","Feature_Vector: [1.0, 1.0, 0.0, 0.4879035949707031, 0.0]",1,tweet_4953_219905
5615,1890,"Feature_Vector: [0.0, 0.0, 0.0, 0.42846915125846863, 0.0]","Feature_Vector: [1.0, 1.0, 0.0, 0.3523772060871124, 0.0]",1,tweet_1890_156982
1681,2036,"Feature_Vector: [1.0, 1.0, 0.0, 0.4343392848968506, 0.0]","Feature_Vector: [1.0, 1.0, 0.0, 0.4022480249404907, 0.0]",1,tweet_2036_348939
3023,267,"Feature_Vector: [1.0, 1.0, 0.0, 0.31986913084983826, 0.0]","Feature_Vector: [0.0, 0.0, 0.0, 0.3666037917137146, 0.0]",1,tweet_267_812475
4960,4565,"Feature_Vector: [1.0, 1.0, 0.0, 0.4706922769546509, 0.0]","Feature_Vector: [1.0, 1.0, 0.0, 0.33127841353416443, 0.0]",1,tweet_4565_139889
9267,4960,"Feature_Vector: [1.0, 1.0, 0.0, 0.37510573863983154, 0.0]","Feature_Vector: [1.0, 1.0, 0.0, 0.4706922769546509, 0.0]",1,tweet_4960_256014
9832,5474,"Feature_Vector: [0.0, 0.0, 0.0, 0.29233288764953613, 0.0]","Feature_Vector: [1.0, 1.0, 0.0, 0.41604334115982056, 0.0]",1,tweet_5474_644024
8555,8582,"Feature_Vector: [0.0, 0.0, 0.0, 0.2994685471057892, 0.0]","Feature_Vector: [0.0, 0.0, 0.0, 0.3690967857837677, 0.0]",3,tweet_8582_1211291
7971,9760,"Feature_Vector: [1.0, 0.0, 0.0, 0.4395392835140228, 0.0]","Feature_Vector: [1.0, 0.0, 0.0, 0.5500601530075073, 0.0]",1,tweet_9760_222469
4826,4826,"Feature_Vector: [1.0, 1.0, 0.0, 0.4472035765647888, 0.0]","Feature_Vector: [1.0, 1.0, 0.0, 0.4472035765647888, 0.0]",1,tweet_4826_855389
6976,2379,"Feature_Vector: [1.0, 1.0, 0.0, 0.44685637950897217, 0.0]","Feature_Vector: [1.0, 0.0, 0.0, 0.5706999897956848, 0.0]",1,tweet_2379_723733
229,1352,"Feature_Vector: [1.0, 1.0, 0.0, 0.3077646493911743, 0.0]","Feature_Vector: [0.0, 0.0, 0.0, 0.44297727942466736, 0.0]",3,tweet_1352_1224930
3018,1925,"Feature_Vector: [1.0, 1.0, 0.0, 0.29201504588127136, 0.0]","Feature_Vector: [1.0, 0.0, 0.0, 0.429759681224823, 0.0]",1,tweet_1925_398616
2260,7308,"Feature_Vector: [1.0, 1.0, 0.0, 0.3388513922691345, 0.0]","Feature_Vector: [1.0, 1.0, 0.0, 0.36069756746292114, 0.0]",3,tweet_7308_1110632
2367,2367,"Feature_Vector: [1.0, 1.0, 0.0, 0.5344723463058472, 0.0]","Feature_Vector: [1.0, 1.0, 0.0, 0.5344723463058472, 0.0]",1,tweet_2367_801222
1811,1811,"Feature_Vector: [1.0, 1.0, 0.0, 0.39694780111312866, 0.0]","Feature_Vector: [1.0, 1.0, 0.0, 0.39694780111312866, 0.0]",1,tweet_1811_786181
3790,5130,"Feature_Vector: [1.0, 1.0, 0.0, 0.2691405415534973, 0.0]","Feature_Vector: [1.0, 1.0, 0.0, 0.32647067308425903, 0.0]",1,tweet_5130_427050
3636,10011,"Feature_Vector: [1.0, 1.0, 0.0, 0.3126131296157837, 0.0]","Feature_Vector: [1.0, 1.0, 0.0, 0.4414876103401184, 0.0]",1,tweet_10011_101267
1688,7035,"Feature_Vector: [1.0, 1.0, 0.0, 0.2728412449359894, 0.0]","Feature_Vector: [1.0, 1.0, 1.0, 0.4686276614665985, 0.0]",1,tweet_7035_45749
6871,8764,"Feature_Vector: [1.0, 1.0, 0.0, 0.3558744788169861, 0.0]","Feature_Vector: [0.0, 0.0, 1.0, 0.44538289308547974, 0.0]",1,tweet_8764_722746
7142,7819,"Feature_Vector: [1.0, 0.0, 0.0, 0.5429821610450745, 0.0]","Feature_Vector: [1.0, 0.0, 1.0, 0.7314254641532898, 0.0]",1,tweet_7819_200154
5915,8738,"Feature_Vector: [1.0, 1.0, 0.0, 0.3362930715084076, 0.0]","Feature_Vector: [1.0, 1.0, 0.0, 0.3290085196495056, 0.0]",2,tweet_8738_1186892
6989,792,"Feature_Vector: [1.0, 1.0, 0.0, 0.2894057631492615, 0.0]","Feature_Vector: [1.0, 1.0, 0.0, 0.171758234500885, 1.0]",1,tweet_792_541965
1601,4091,"Feature_Vector: [1.0, 0.0, 0.0, 0.486001580953598, 0.0]","Feature_Vector: [1.0, 0.0, 0.0, 0.6249077916145325, 0.0]",3,tweet_4091_1267987
2241,5293,"Feature_Vector: [1.0, 1.0, 0.0, 0.3858524560928345, 0.0]","Feature_Vector: [0.0, 0.0, 0.0, 0.36677345633506775, 0.0]",3,tweet_5293_1285217
2203,8942,"Feature_Vector: [1.0, 1.0, 0.0, 0.3158377408981323, 0.0]","Feature_Vector: [1.0, 1.0, 0.0, 0.28560879826545715, 0.0]",1,tweet_8942_367827
3584,9876,"Feature_Vector: [1.0, 1.0, 0.0, 0.3355613350868225, 0.0]","Feature_Vector: [1.0, 1.0, 0.0, 0.34209144115448, 0.0]",1,tweet_9876_100174
6309,4571,"Feature_Vector: [1.0, 1.0, 0.0, 0.396198570728302, 0.0]","Feature_Vector: [1.0, 1.0, 0.0, 0.42720648646354675, 0.0]",1,tweet_4571_178549
2259,4973,"Feature_Vector: [1.0, 1.0, 0.0, 0.35984206199645996, 0.0]","Feature_Vector: [1.0, 1.0, 0.0, 0.3342198133468628, 0.0]",3,tweet_4973_1110429
1317,6976,"Feature_Vector: [1.0, 1.0, 0.0, 0.40791580080986023, 0.0]","Feature_Vector: [1.0, 1.0, 0.0, 0.44685637950897217, 0.0]",1,tweet_6976_33465
6507,4957,"Feature_Vector: [1.0, 1.0, 0.0, 0.3307996392250061, 0.0]","Feature_Vector: [1.0, 0.0, 1.0, 0.5693870782852173, 0.0]",1,tweet_4957_891401
8148,1690,"Feature_Vector: [1.0, 1.0, 0.0, 0.4502934217453003, 0.0]","Feature_Vector: [1.0, 1.0, 0.0, 0.2877114713191986, 0.0]",1,tweet_1690_227566
1127,1691,"Feature_Vector: [1.0, 1.0, 0.0, 0.4533507525920868, 0.0]","Feature_Vector: [1.0, 1.0, 0.0, 0.4619532823562622, 0.0]",1,tweet_1691_325438
6287,2878,"Feature_Vector: [1.0, 1.0, 0.0, 0.4337221682071686, 0.0]","Feature_Vector: [1.0, 0.0, 0.0, 0.4414425492286682, 0.0]",1,tweet_2878_177935
23,9995,"Feature_Vector: [1.0, 1.0, 0.0, 0.27958542108535767, 0.0]","Feature_Vector: [1.0, 1.0, 0.0, 0.3554619550704956, 0.0]",1,tweet_9995_288636
639,639,"Feature_Vector: [1.0, 1.0, 0.0, 0.47174307703971863, 0.0]","Feature_Vector: [1.0, 1.0, 0.0, 0.47174307703971863, 0.0]",1,tweet_639_763689
3716,3487,"Feature_Vector: [1.0, 1.0, 0.0, 0.2980545461177826, 0.0]","Feature_Vector: [1.0, 1.0, 1.0, 0.6530749797821045, 0.0]",1,tweet_3487_691933
9782,4871,"Feature_Vector: [1.0, 1.0, 0.0, 0.4398416578769684, 0.0]","Feature_Vector: [1.0, 1.0, 0.0, 0.4154030680656433, 0.0]",1,tweet_4871_273190
695,5086,"Feature_Vector: [1.0, 1.0, 0.0, 0.3983202576637268, 0.0]","Feature_Vector: [1.0, 0.0, 0.0, 0.27008870244026184, 0.0]",2,tweet_5086_1240936
2506,9631,"Feature_Vector: [1.0, 1.0, 0.0, 0.4134003520011902, 0.0]","Feature_Vector: [1.0, 1.0, 0.0, 0.44967326521873474, 0.0]",1,tweet_9631_379644
9957,9671,"Feature_Vector: [1.0, 1.0, 0.0, 0.4231460690498352, 0.0]","Feature_Vector: [1.0, 1.0, 0.0, 0.3011198341846466, 0.0]",1,tweet_9671_279284
6526,3714,"Feature_Vector: [1.0, 1.0, 0.0, 0.38300320506095886, 0.0]","Feature_Vector: [1.0, 1.0, 1.0, 0.5966011881828308, 0.0]",1,tweet_3714_527469
7249,5534,"Feature_Vector: [1.0, 1.0, 0.0, 0.4997010827064514, 0.0]","Feature_Vector: [0.0, 0.0, 0.0, 0.6296940445899963, 0.0]",1,tweet_5534_726869
529,8696,"Feature_Vector: [1.0, 1.0, 0.0, 0.24650456011295319, 0.0]","Feature_Vector: [1.0, 1.0, 0.0, 0.3077646493911743, 0.0]",3,tweet_8696_1234564
915,3736,"Feature_Vector: [1.0, 1.0, 0.0, 0.39875441789627075, 0.0]","Feature_Vector: [0.0, 0.0, 0.0, 0.6534807682037354, 0.0]",1,tweet_3736_318830
2109,6824,"Feature_Vector: [0.0, 0.0, 0.0, 0.40211236476898193, 0.0]","Feature_Vector: [1.0, 1.0, 0.0, 0.51026451587677, 0.0]",1,tweet_6824_363826
4869,5856,"Feature_Vector: [1.0, 1.0, 0.0, 0.41525977849960327, 0.0]","Feature_Vector: [1.0, 1.0, 0.0, 0.379463791847229, 0.0]",1,tweet_5856_465094
4786,2006,"Feature_Vector: [1.0, 1.0, 0.0, 0.17438268661499023, 0.0]","Feature_Vector: [1.0, 1.0, 0.0, 0.5827939510345459, 0.0]",1,tweet_2006_461895
923,8466,"Feature_Vector: [1.0, 1.0, 0.0, 0.40206706523895264, 0.0]","Feature_Vector: [1.0, 1.0, 0.0, 0.4662090837955475, 0.0]",1,tweet_8466_319152
5735,7575,"Feature_Vector: [1.0, 1.0, 0.0, 0.3130538761615753, 0.0]","Feature_Vector: [1.0, 1.0, 0.0, 0.32783839106559753, 0.0]",2,tweet_7575_1183916
1816,3022,"Feature_Vector: [1.0, 1.0, 0.0, 0.45656219124794006, 0.0]","Feature_Vector: [1.0, 0.0, 0.0, 0.3562840521335602, 0.0]",2,tweet_3022_1273733
8330,7006,"Feature_Vector: [1.0, 1.0, 0.0, 0.16306175291538239, 1.0]","Feature_Vector: [1.0, 0.0, 1.0, 0.5962151288986206, 0.0]",1,tweet_7006_736246
4991,960,"Feature_Vector: [0.0, 0.0, 0.0, 0.30350956320762634, 0.0]","Feature_Vector: [1.0, 1.0, 1.0, 0.5941839218139648, 0.0]",1,tweet_960_704625
9505,9383,"Feature_Vector: [0.0, 0.0, 0.0, 0.38692933320999146, 0.0]","Feature_Vector: [1.0, 1.0, 0.0, 0.3826846480369568, 0.0]",1,tweet_9383_262964
1896,7940,"Feature_Vector: [1.0, 1.0, 0.0, 0.2681761384010315, 0.0]","Feature_Vector: [1.0, 1.0, 0.0, 0.34710946679115295, 0.0]",3,tweet_7940_1103612
7319,6070,"Feature_Vector: [1.0, 1.0, 0.0, 0.35993775725364685, 0.0]","Feature_Vector: [1.0, 1.0, 0.0, 0.36702701449394226, 0.0]",1,tweet_6070_204744
3324,2158,"Feature_Vector: [1.0, 1.0, 0.0, 0.3143558204174042, 0.0]","Feature_Vector: [1.0, 1.0, 0.0, 0.38463127613067627, 0.0]",1,tweet_2158_92555
7931,7931,"Feature_Vector: [1.0, 0.0, 0.0, 0.4176473617553711, 0.0]","Feature_Vector: [1.0, 0.0, 0.0, 0.4176473617553711, 0.0]",1,tweet_7931_920475
786,4537,"Feature_Vector: [1.0, 1.0, 0.0, 0.3681127727031708, 0.0]","Feature_Vector: [1.0, 1.0, 0.0, 0.35993775725364685, 0.0]",1,tweet_4537_662747
3892,4571,"Feature_Vector: [0.0, 0.0, 0.0, 0.5330501794815063, 0.0]","Feature_Vector: [1.0, 1.0, 0.0, 0.42720648646354675, 0.0]",1,tweet_4571_107594
3285,3285,"Feature_Vector: [1.0, 1.0, 0.0, 0.5939518213272095, 0.0]","Feature_Vector: [1.0, 1.0, 0.0, 0.5939518213272095, 0.0]",1,tweet_3285_997896
7034,8781,"Feature_Vector: [1.0, 0.0, 0.0, 0.3058021664619446, 0.0]","Feature_Vector: [1.0, 1.0, 0.0, 0.37187254428863525, 0.0]",3,tweet_8781_1200474
5047,6786,"Feature_Vector: [1.0, 1.0, 0.0, 0.3984653651714325, 0.0]","Feature_Vector: [1.0, 1.0, 0.0, 0.43137282133102417, 0.0]",1,tweet_6786_474242
1311,8797,"Feature_Vector: [1.0, 1.0, 0.0, 0.2270922064781189, 0.0]","Feature_Vector: [1.0, 1.0, 0.0, 0.15641696751117706, 0.0]",3,tweet_8797_1085381
3417,6369,"Feature_Vector: [1.0, 1.0, 0.0, 0.3214043378829956, 0.0]","Feature_Vector: [1.0, 1.0, 0.0, 0.4554474353790283, 0.0]",1,tweet_6369_414520
3711,5902,"Feature_Vector: [1.0, 1.0, 0.0, 0.22398598492145538, 0.0]","Feature_Vector: [1.0, 1.0, 0.0, 0.25749996304512024, 0.0]",3,tweet_5902_1145545
4842,3987,"Feature_Vector: [1.0, 1.0, 0.0, 0.32982972264289856, 0.0]","Feature_Vector: [1.0, 1.0, 0.0, 0.3029871881008148, 0.0]",1,tweet_3987_135097
7019,4702,"Feature_Vector: [1.0, 1.0, 0.0, 0.2894057631492615, 0.0]","Feature_Vector: [1.0, 1.0, 0.0, 0.36479073762893677, 0.0]",1,tweet_4702_543283
7164,3852,"Feature_Vector: [1.0, 1.0, 0.0, 0.4096059799194336, 0.0]","Feature_Vector: [1.0, 1.0, 0.0, 0.34248366951942444, 0.0]",1,tweet_3852_547923
9029,6711,"Feature_Vector: [1.0, 1.0, 0.0, 0.4720846712589264, 0.0]","Feature_Vector: [1.0, 1.0, 0.0, 0.3522677719593048, 0.0]",1,tweet_6711_249986
104,605,"Feature_Vector: [1.0, 1.0, 0.0, 0.3243548572063446, 0.0]","Feature_Vector: [0.0, 0.0, 0.0, 0.34758755564689636, 0.0]",3,tweet_605_1050847
4638,5589,"Feature_Vector: [1.0, 1.0, 0.0, 0.39674896001815796, 0.0]","Feature_Vector: [1.0, 1.0, 0.0, 0.3178894519805908, 0.0]",1,tweet_5589_129321
7939,2158,"Feature_Vector: [1.0, 1.0, 0.0, 0.2819201946258545, 0.0]","Feature_Vector: [1.0, 1.0, 0.0, 0.38463127613067627, 0.0]",1,tweet_2158_221810
6589,3315,"Feature_Vector: [0.0, 0.0, 0.0, 0.43632426857948303, 0.0]","Feature_Vector: [1.0, 1.0, 0.0, 0.41035425662994385, 0.0]",1,tweet_3315_185211
204,3688,"Feature_Vector: [1.0, 1.0, 0.0, 0.4435449540615082, 0.0]","Feature_Vector: [1.0, 1.0, 0.0, 0.4045058488845825, 0.0]",3,tweet_3688_1054071
8668,7026,"Feature_Vector: [1.0, 1.0, 1.0, 0.4468359053134918, 0.0]","Feature_Vector: [0.0, 0.0, 0.0, 0.4918123483657837, 0.0]",1,tweet_7026_239813
4895,10177,"Feature_Vector: [1.0, 1.0, 0.0, 0.4316149055957794, 0.0]","Feature_Vector: [1.0, 0.0, 0.0, 0.43679144978523254, 0.0]",1,tweet_10177_137485
5566,9975,"Feature_Vector: [1.0, 1.0, 0.0, 0.2848901152610779, 0.0]","Feature_Vector: [1.0, 1.0, 0.0, 0.341431587934494, 0.0]",1,tweet_9975_709979
7373,4318,"Feature_Vector: [1.0, 1.0, 0.0, 0.4509640336036682, 0.0]","Feature_Vector: [1.0, 1.0, 0.0, 0.33496904373168945, 0.0]",1,tweet_4318_206177
5851,5851,"Feature_Vector: [0.0, 0.0, 1.0, 0.49843454360961914, 0.0]","Feature_Vector: [0.0, 0.0, 1.0, 0.49843454360961914, 0.0]",1,tweet_5851_875838
1902,6573,"Feature_Vector: [1.0, 0.0, 0.0, 0.3178894519805908, 0.0]","Feature_Vector: [0.0, 0.0, 0.0, 0.4661799967288971, 0.0]",2,tweet_6573_1276620
90,4702,"Feature_Vector: [0.0, 0.0, 0.0, 0.24650456011295319, 1.0]","Feature_Vector: [1.0, 1.0, 0.0, 0.36479073762893677, 0.0]",1,tweet_4702_291533
6303,555,"Feature_Vector: [1.0, 1.0, 0.0, 0.45841148495674133, 0.0]","Feature_Vector: [1.0, 1.0, 0.0, 0.5213719606399536, 0.0]",1,tweet_555_178460
9187,8663,"Feature_Vector: [1.0, 1.0, 0.0, 0.3498047888278961, 0.0]","Feature_Vector: [1.0, 0.0, 1.0, 0.7080961465835571, 0.0]",1,tweet_8663_944320
7346,7578,"Feature_Vector: [1.0, 1.0, 0.0, 0.37171754240989685, 0.0]","Feature_Vector: [1.0, 1.0, 0.0, 0.31149595975875854, 0.0]",4,tweet_7578_1203217
7835,7143,"Feature_Vector: [1.0, 1.0, 0.0, 0.31908556818962097, 0.0]","Feature_Vector: [1.0, 0.0, 0.0, 0.4627625644207001, 0.0]",1,tweet_7143_569544
173,8621,"Feature_Vector: [1.0, 1.0, 0.0, 0.2134869247674942, 0.0]","Feature_Vector: [1.0, 1.0, 0.0, 0.20668163895606995, 0.0]",2,tweet_8621_1222891
1273,9047,"Feature_Vector: [1.0, 0.0, 0.0, 0.310125470161438, 0.0]","Feature_Vector: [1.0, 0.0, 0.0, 0.49290961027145386, 0.0]",1,tweet_9047_331155
6426,6611,"Feature_Vector: [1.0, 1.0, 0.0, 0.45854485034942627, 0.0]","Feature_Vector: [1.0, 1.0, 0.0, 0.4385036826133728, 0.0]",1,tweet_6611_181843
2078,2078,"Feature_Vector: [0.0, 0.0, 0.0, 0.3681127727031708, 0.0]","Feature_Vector: [0.0, 0.0, 0.0, 0.3681127727031708, 0.0]",1,tweet_2078_792740
2800,4057,"Feature_Vector: [1.0, 1.0, 0.0, 0.32834285497665405, 0.0]","Feature_Vector: [1.0, 1.0, 0.0, 0.2723917067050934, 0.0]",3,tweet_4057_1124114
8025,8376,"Feature_Vector: [1.0, 1.0, 0.0, 0.2121899574995041, 0.0]","Feature_Vector: [1.0, 1.0, 0.0, 0.25808456540107727, 0.0]",3,tweet_8376_1208423
9721,8912,"Feature_Vector: [1.0, 1.0, 0.0, 0.24505792558193207, 0.0]","Feature_Vector: [1.0, 1.0, 0.0, 0.2894057631492615, 0.0]",1,tweet_8912_270830
4499,5828,"Feature_Vector: [1.0, 1.0, 0.0, 0.3763345777988434, 0.0]","Feature_Vector: [1.0, 1.0, 0.0, 0.33658310770988464, 0.0]",1,tweet_5828_125014
9468,9468,"Feature_Vector: [1.0, 1.0, 0.0, 0.4958128333091736, 0.0]","Feature_Vector: [1.0, 1.0, 0.0, 0.4958128333091736, 0.0]",1,tweet_9468_949952
1317,4533,"Feature_Vector: [1.0, 1.0, 0.0, 0.40791580080986023, 0.0]","Feature_Vector: [1.0, 1.0, 0.0, 0.3865726590156555, 0.0]",1,tweet_4533_33531
7137,4755,"Feature_Vector: [1.0, 0.0, 0.0, 0.2960134446620941, 0.0]","Feature_Vector: [1.0, 1.0, 0.0, 0.5802642703056335, 0.0]",1,tweet_4755_547114
5732,8847,"Feature_Vector: [1.0, 1.0, 0.0, 0.26255548000335693, 0.0]","Feature_Vector: [1.0, 1.0, 0.0, 0.35462769865989685, 0.0]",1,tweet_8847_159638
7185,4035,"Feature_Vector: [0.0, 0.0, 0.0, 0.49033427238464355, 0.0]","Feature_Vector: [1.0, 1.0, 0.0, 0.44658946990966797, 0.0]",1,tweet_4035_549130
6191,5224,"Feature_Vector: [1.0, 1.0, 0.0, 0.3746655583381653, 0.0]","Feature_Vector: [1.0, 1.0, 0.0, 0.4832434356212616, 0.0]",1,tweet_5224_515331
2108,2108,"Feature_Vector: [1.0, 0.0, 1.0, 0.5527974963188171, 0.0]","Feature_Vector: [1.0, 0.0, 1.0, 0.5527974963188171, 0.0]",1,tweet_2108_793369
96,125,"Feature_Vector: [1.0, 1.0, 0.0, 0.27958542108535767, 0.0]","Feature_Vector: [1.0, 1.0, 0.0, 0.35838672518730164, 0.0]",3,tweet_125_1050489
7045,7129,"Feature_Vector: [1.0, 1.0, 0.0, 0.3495754599571228, 0.0]","Feature_Vector: [1.0, 1.0, 0.0, 0.48933982849121094, 0.0]",1,tweet_7129_197711
5238,2614,"Feature_Vector: [1.0, 1.0, 0.0, 0.42298993468284607, 0.0]","Feature_Vector: [1.0, 1.0, 0.0, 0.3776770234107971, 0.0]",1,tweet_2614_481418
9961,1811,"Feature_Vector: [1.0, 0.0, 0.0, 0.41646620631217957, 0.0]","Feature_Vector: [1.0, 1.0, 0.0, 0.39694780111312866, 0.0]",1,tweet_1811_968265
9848,4233,"Feature_Vector: [1.0, 1.0, 0.0, 0.3304781913757324, 0.0]","Feature_Vector: [0.0, 0.0, 1.0, 0.45695748925209045, 0.0]",1,tweet_4233_750750
1414,8104,"Feature_Vector: [1.0, 1.0, 0.0, 0.40124547481536865, 0.0]","Feature_Vector: [1.0, 1.0, 0.0, 0.5237593054771423, 0.0]",1,tweet_8104_36641
4830,4830,"Feature_Vector: [1.0, 0.0, 1.0, 0.7055684924125671, 0.0]","Feature_Vector: [1.0, 0.0, 1.0, 0.7055684924125671, 0.0]",1,tweet_4830_855639
8589,819,"Feature_Vector: [1.0, 1.0, 0.0, 0.42984282970428467, 0.0]","Feature_Vector: [1.0, 1.0, 0.0, 0.40296614170074463, 0.0]",1,tweet_819_237331
6035,6017,"Feature_Vector: [1.0, 1.0, 0.0, 0.4006910026073456, 0.0]","Feature_Vector: [0.0, 0.0, 0.0, 0.4538053572177887, 0.0]",1,tweet_6017_508693
2236,8044,"Feature_Vector: [1.0, 1.0, 0.0, 0.25322863459587097, 0.0]","Feature_Vector: [1.0, 1.0, 0.0, 0.4265056848526001, 0.0]",3,tweet_8044_1285108
1517,4654,"Feature_Vector: [0.0, 0.0, 0.0, 0.4016121029853821, 0.0]","Feature_Vector: [0.0, 0.0, 0.0, 0.2807649075984955, 0.0]",2,tweet_4654_1265651
5091,3669,"Feature_Vector: [1.0, 1.0, 0.0, 0.3388513922691345, 0.0]","Feature_Vector: [1.0, 1.0, 0.0, 0.226075679063797, 0.0]",1,tweet_3669_143579
441,5224,"Feature_Vector: [1.0, 1.0, 0.0, 0.3355613350868225, 0.0]","Feature_Vector: [1.0, 1.0, 0.0, 0.4832434356212616, 0.0]",1,tweet_5224_659899
1742,8938,"Feature_Vector: [1.0, 1.0, 0.0, 0.48030951619148254, 0.0]","Feature_Vector: [1.0, 1.0, 0.0, 0.4468768835067749, 0.0]",1,tweet_8938_47018
7099,4476,"Feature_Vector: [0.0, 0.0, 0.0, 0.375324547290802, 0.0]","Feature_Vector: [0.0, 0.0, 1.0, 0.7977245450019836, 0.0]",1,tweet_4476_199366
5038,6295,"Feature_Vector: [1.0, 1.0, 0.0, 0.23636144399642944, 0.0]","Feature_Vector: [1.0, 1.0, 0.0, 0.3293384611606598, 0.0]",1,tweet_6295_474018
4410,4410,"Feature_Vector: [1.0, 1.0, 0.0, 0.32867667078971863, 0.0]","Feature_Vector: [1.0, 1.0, 0.0, 0.32867667078971863, 0.0]",1,tweet_4410_1006604
1202,4879,"Feature_Vector: [1.0, 1.0, 0.0, 0.3983202576637268, 0.0]","Feature_Vector: [1.0, 1.0, 0.0, 0.3458961844444275, 0.0]",3,tweet_4879_1081893
3703,6421,"Feature_Vector: [1.0, 1.0, 0.0, 0.4472239315509796, 0.0]","Feature_Vector: [1.0, 1.0, 0.0, 0.407299667596817, 0.0]",1,tweet_6421_424073
9052,9572,"Feature_Vector: [1.0, 1.0, 0.0, 0.3974418044090271, 0.0]","Feature_Vector: [1.0, 1.0, 0.0, 0.3984653651714325, 0.0]",3,tweet_9572_1213910
7100,8073,"Feature_Vector: [1.0, 0.0, 0.0, 0.28452733159065247, 0.0]","Feature_Vector: [1.0, 1.0, 0.0, 0.2250405102968216, 0.0]",2,tweet_8073_1369299
1959,4787,"Feature_Vector: [1.0, 1.0, 0.0, 0.27372968196868896, 0.0]","Feature_Vector: [1.0, 1.0, 0.0, 0.2714817523956299, 0.0]",2,tweet_4787_1104219
2186,6283,"Feature_Vector: [1.0, 1.0, 0.0, 0.33406877517700195, 0.0]","Feature_Vector: [1.0, 1.0, 0.0, 0.283794641494751, 0.0]",1,tweet_6283_676483
2139,5005,"Feature_Vector: [1.0, 1.0, 0.0, 0.4221391975879669, 0.0]","Feature_Vector: [1.0, 1.0, 0.0, 0.4694021940231323, 0.0]",1,tweet_5005_364546
535,7863,"Feature_Vector: [1.0, 1.0, 0.0, 0.4136961102485657, 0.0]","Feature_Vector: [1.0, 1.0, 0.0, 0.4255574941635132, 0.0]",3,tweet_7863_1063285
6463,6899,"Feature_Vector: [1.0, 1.0, 0.0, 0.36990389227867126, 0.0]","Feature_Vector: [1.0, 1.0, 0.0, 0.3021944463253021, 0.0]",1,tweet_6899_182529
1046,5712,"Feature_Vector: [1.0, 1.0, 0.0, 0.14018723368644714, 0.0]","Feature_Vector: [1.0, 1.0, 0.0, 0.329502671957016, 0.0]",3,tweet_5712_1251754
5348,5767,"Feature_Vector: [1.0, 1.0, 0.0, 0.4007374346256256, 0.0]","Feature_Vector: [1.0, 1.0, 0.0, 0.3886796832084656, 0.0]",3,tweet_5767_1179277
6037,6309,"Feature_Vector: [1.0, 1.0, 0.0, 0.4586280584335327, 0.0]","Feature_Vector: [1.0, 1.0, 0.0, 0.396198570728302, 0.0]",1,tweet_6309_715007
2601,9642,"Feature_Vector: [1.0, 1.0, 0.0, 0.45254164934158325, 0.0]","Feature_Vector: [1.0, 1.0, 0.0, 0.27503666281700134, 0.0]",3,tweet_9642_1120366
4207,8745,"Feature_Vector: [1.0, 1.0, 0.0, 0.2741687297821045, 0.0]","Feature_Vector: [1.0, 1.0, 0.0, 0.18159447610378265, 0.0]",1,tweet_8745_115692
3898,9103,"Feature_Vector: [1.0, 1.0, 0.0, 0.35729509592056274, 0.0]","Feature_Vector: [1.0, 1.0, 0.0, 0.17689046263694763, 0.0]",3,tweet_9103_1150094
3078,652,"Feature_Vector: [1.0, 1.0, 0.0, 0.3563859760761261, 0.0]","Feature_Vector: [1.0, 0.0, 1.0, 0.6229747533798218, 0.0]",1,tweet_652_401282
7303,6230,"Feature_Vector: [1.0, 1.0, 0.0, 0.46390971541404724, 0.0]","Feature_Vector: [1.0, 1.0, 0.0, 0.3288428485393524, 0.0]",1,tweet_6230_204408
9529,9529,"Feature_Vector: [1.0, 0.0, 1.0, 0.6052286624908447, 0.0]","Feature_Vector: [1.0, 0.0, 1.0, 0.6052286624908447, 0.0]",1,tweet_9529_1041870
9953,9953,"Feature_Vector: [1.0, 1.0, 0.0, 0.13527844846248627, 0.0]","Feature_Vector: [1.0, 1.0, 0.0, 0.13527844846248627, 0.0]",1,tweet_9953_964532
9816,2248,"Feature_Vector: [1.0, 1.0, 0.0, 0.47644394636154175, 0.0]","Feature_Vector: [1.0, 1.0, 0.0, 0.38597312569618225, 0.0]",1,tweet_2248_274574
3021,5720,"Feature_Vector: [1.0, 1.0, 0.0, 0.3208335340023041, 0.0]","Feature_Vector: [1.0, 1.0, 0.0, 0.42978739738464355, 0.0]",1,tweet_5720_398909
7386,7048,"Feature_Vector: [1.0, 1.0, 0.0, 0.3630985915660858, 0.0]","Feature_Vector: [1.0, 1.0, 0.0, 0.40283218026161194, 0.0]",1,tweet_7048_206761
5904,6758,"Feature_Vector: [1.0, 1.0, 0.0, 0.46290144324302673, 0.0]","Feature_Vector: [1.0, 1.0, 0.0, 0.4459894001483917, 0.0]",1,tweet_6758_502468
681,681,"Feature_Vector: [0.0, 0.0, 0.0, 0.35769450664520264, 0.0]","Feature_Vector: [0.0, 0.0, 0.0, 0.35769450664520264, 0.0]",1,tweet_681_765400
6303,6303,"Feature_Vector: [1.0, 1.0, 0.0, 0.45841148495674133, 0.0]","Feature_Vector: [1.0, 1.0, 0.0, 0.45841148495674133, 0.0]",1,tweet_6303_888847
886,5839,"Feature_Vector: [1.0, 1.0, 0.0, 0.31562840938568115, 0.0]","Feature_Vector: [1.0, 1.0, 0.0, 0.4002247750759125, 0.0]",3,tweet_5839_1073467
765,7880,"Feature_Vector: [1.0, 1.0, 0.0, 0.4310755431652069, 0.0]","Feature_Vector: [1.0, 0.0, 1.0, 0.5543941855430603, 0.0]",1,tweet_7880_313791
7678,10015,"Feature_Vector: [1.0, 1.0, 0.0, 0.21839572489261627, 0.0]","Feature_Vector: [1.0, 0.0, 1.0, 0.6219579577445984, 0.0]",1,tweet_10015_730636
4896,6039,"Feature_Vector: [1.0, 1.0, 0.0, 0.43439042568206787, 0.0]","Feature_Vector: [1.0, 1.0, 0.0, 0.4729684293270111, 0.0]",1,tweet_6039_703705
5704,9688,"Feature_Vector: [1.0, 1.0, 0.0, 0.2598029375076294, 0.0]","Feature_Vector: [1.0, 1.0, 0.0, 0.34453070163726807, 0.0]",3,tweet_9688_1183262
3579,4630,"Feature_Vector: [1.0, 1.0, 0.0, 0.2779734432697296, 0.0]","Feature_Vector: [1.0, 1.0, 0.0, 0.3704620599746704, 0.0]",3,tweet_4630_1142058
1506,5576,"Feature_Vector: [1.0, 1.0, 0.0, 0.2328343242406845, 0.0]","Feature_Vector: [1.0, 1.0, 0.0, 0.35313737392425537, 0.0]",1,tweet_5576_342005
6548,8337,"Feature_Vector: [1.0, 1.0, 0.0, 0.2671949863433838, 0.0]","Feature_Vector: [1.0, 1.0, 0.0, 0.26255548000335693, 0.0]",1,tweet_8337_528005
1940,3123,"Feature_Vector: [0.0, 0.0, 0.0, 0.2646647095680237, 0.0]","Feature_Vector: [1.0, 0.0, 0.0, 0.4048950672149658, 0.0]",3,tweet_3123_1277418
3557,7308,"Feature_Vector: [1.0, 1.0, 0.0, 0.3529212176799774, 0.0]","Feature_Vector: [1.0, 1.0, 0.0, 0.36069756746292114, 0.0]",3,tweet_7308_1141668
8631,1522,"Feature_Vector: [0.0, 0.0, 0.0, 0.4239818751811981, 0.0]","Feature_Vector: [1.0, 1.0, 0.0, 0.37912455201148987, 0.0]",1,tweet_1522_238726
2271,4368,"Feature_Vector: [1.0, 1.0, 0.0, 0.2671949863433838, 0.0]","Feature_Vector: [1.0, 0.0, 0.0, 0.424835741519928, 0.0]",3,tweet_4368_1111107
3656,3656,"Feature_Vector: [0.0, 0.0, 0.0, 0.4846760630607605, 0.0]","Feature_Vector: [0.0, 0.0, 0.0, 0.4846760630607605, 0.0]",1,tweet_3656_1002381
2108,2108,"Feature_Vector: [1.0, 0.0, 1.0, 0.5527974963188171, 0.0]","Feature_Vector: [1.0, 0.0, 1.0, 0.5527974963188171, 0.0]",1,tweet_2108_988522
1626,3632,"Feature_Vector: [1.0, 0.0, 0.0, 0.30703669786453247, 0.0]","Feature_Vector: [1.0, 0.0, 1.0, 1.0, 0.0]",1,tweet_3632_347120
73,73,"Feature_Vector: [1.0, 1.0, 0.0, 0.3045400083065033, 0.0]","Feature_Vector: [1.0, 1.0, 0.0, 0.3045400083065033, 0.0]",1,tweet_73_972486
4856,4082,"Feature_Vector: [1.0, 1.0, 0.0, 0.32681572437286377, 0.0]","Feature_Vector: [1.0, 1.0, 0.0, 0.2754656970500946, 0.0]",1,tweet_4082_464351
5332,7851,"Feature_Vector: [1.0, 1.0, 0.0, 0.35577163100242615, 0.0]","Feature_Vector: [0.0, 0.0, 0.0, 0.4063836932182312, 0.0]",1,tweet_7851_151088
3671,3671,"Feature_Vector: [0.0, 0.0, 0.0, 0.5929614901542664, 0.0]","Feature_Vector: [0.0, 0.0, 0.0, 0.5929614901542664, 0.0]",1,tweet_3671_831290
2297,8486,"Feature_Vector: [1.0, 0.0, 0.0, 0.34922969341278076, 0.0]","Feature_Vector: [1.0, 1.0, 0.0, 0.4063836932182312, 0.0]",3,tweet_8486_1111806
6755,8824,"Feature_Vector: [1.0, 1.0, 0.0, 0.42942583560943604, 0.0]","Feature_Vector: [1.0, 0.0, 1.0, 0.7744181156158447, 0.0]",3,tweet_8824_1365931
8556,8556,"Feature_Vector: [1.0, 1.0, 1.0, 0.5624136924743652, 0.0]","Feature_Vector: [1.0, 1.0, 1.0, 0.5624136924743652, 0.0]",1,tweet_8556_932833
8587,6229,"Feature_Vector: [1.0, 1.0, 0.0, 0.3248912990093231, 0.0]","Feature_Vector: [1.0, 1.0, 0.0, 0.3217816948890686, 0.0]",1,tweet_6229_738247
914,1839,"Feature_Vector: [1.0, 1.0, 0.0, 0.5058053731918335, 0.0]","Feature_Vector: [1.0, 1.0, 0.0, 0.33981576561927795, 0.0]",2,tweet_1839_1247631
7994,3749,"Feature_Vector: [0.0, 0.0, 0.0, 0.447020024061203, 0.0]","Feature_Vector: [1.0, 1.0, 0.0, 0.3620952367782593, 0.0]",1,tweet_3749_921484
9914,9914,"Feature_Vector: [1.0, 1.0, 0.0, 0.3626447319984436, 0.0]","Feature_Vector: [1.0, 1.0, 0.0, 0.3626447319984436, 0.0]",1,tweet_9914_959159
3171,399,"Feature_Vector: [1.0, 1.0, 0.0, 0.42804187536239624, 0.0]","Feature_Vector: [1.0, 1.0, 0.0, 0.36836040019989014, 0.0]",1,tweet_399_404891
9292,9292,"Feature_Vector: [0.0, 0.0, 0.0, 0.29327577352523804, 0.0]","Feature_Vector: [0.0, 0.0, 0.0, 0.29327577352523804, 0.0]",1,tweet_9292_946232
5871,5871,"Feature_Vector: [1.0, 1.0, 0.0, 0.486001580953598, 0.0]","Feature_Vector: [1.0, 1.0, 0.0, 0.486001580953598, 0.0]",1,tweet_5871_879191
2836,9594,"Feature_Vector: [1.0, 1.0, 0.0, 0.2396809607744217, 0.0]","Feature_Vector: [1.0, 0.0, 0.0, 0.3946179151535034, 0.0]",2,tweet_9594_1297539
2800,6347,"Feature_Vector: [1.0, 1.0, 0.0, 0.32834285497665405, 0.0]","Feature_Vector: [0.0, 0.0, 1.0, 0.48386338353157043, 0.0]",1,tweet_6347_808145
4357,137,"Feature_Vector: [1.0, 1.0, 0.0, 0.4303116798400879, 0.0]","Feature_Vector: [1.0, 1.0, 0.0, 0.4085656404495239, 0.0]",1,tweet_137_444154
1787,1787,"Feature_Vector: [1.0, 1.0, 0.0, 0.3457733988761902, 0.0]","Feature_Vector: [1.0, 1.0, 0.0, 0.3457733988761902, 0.0]",1,tweet_1787_986177
4043,4704,"Feature_Vector: [1.0, 1.0, 0.0, 0.3708574175834656, 0.0]","Feature_Vector: [1.0, 1.0, 0.0, 0.3166674077510834, 0.0]",1,tweet_4704_434922
4126,8455,"Feature_Vector: [1.0, 1.0, 0.0, 0.28452733159065247, 0.0]","Feature_Vector: [1.0, 1.0, 0.0, 0.34722936153411865, 0.0]",2,tweet_8455_1323261
8141,6085,"Feature_Vector: [1.0, 1.0, 0.0, 0.43074944615364075, 0.0]","Feature_Vector: [0.0, 0.0, 0.0, 0.46936097741127014, 0.0]",1,tweet_6085_226888
3475,8225,"Feature_Vector: [1.0, 1.0, 0.0, 0.32783839106559753, 0.0]","Feature_Vector: [1.0, 1.0, 0.0, 0.3296664357185364, 0.0]",3,tweet_8225_1139576
9331,6889,"Feature_Vector: [1.0, 1.0, 0.0, 0.3889090418815613, 0.0]","Feature_Vector: [1.0, 1.0, 0.0, 0.43845614790916443, 0.0]",1,tweet_6889_257048
7249,3632,"Feature_Vector: [1.0, 1.0, 0.0, 0.4997010827064514, 0.0]","Feature_Vector: [1.0, 0.0, 1.0, 1.0, 0.0]",1,tweet_3632_907465
8876,2742,"Feature_Vector: [1.0, 1.0, 0.0, 0.3065461218357086, 0.0]","Feature_Vector: [1.0, 1.0, 0.0, 0.31888797879219055, 0.0]",1,tweet_2742_606878
4720,7102,"Feature_Vector: [1.0, 1.0, 0.0, 0.4526711404323578, 0.0]","Feature_Vector: [1.0, 1.0, 0.0, 0.3726411461830139, 0.0]",2,tweet_7102_1334890
1483,3835,"Feature_Vector: [1.0, 1.0, 0.0, 0.42804187536239624, 0.0]","Feature_Vector: [1.0, 1.0, 0.0, 0.2907254993915558, 0.0]",3,tweet_3835_1091096
4982,8952,"Feature_Vector: [1.0, 1.0, 0.0, 0.22907190024852753, 0.0]","Feature_Vector: [1.0, 1.0, 0.0, 0.40027156472206116, 0.0]",2,tweet_8952_1339512
9304,7979,"Feature_Vector: [1.0, 1.0, 0.0, 0.3479434847831726, 0.0]","Feature_Vector: [1.0, 1.0, 1.0, 0.6087115406990051, 0.0]",1,tweet_7979_744768
5123,7257,"Feature_Vector: [1.0, 1.0, 0.0, 0.4174751937389374, 0.0]","Feature_Vector: [1.0, 0.0, 0.0, 0.47085317969322205, 0.0]",1,tweet_7257_144420
7460,7221,"Feature_Vector: [1.0, 1.0, 0.0, 0.32102444767951965, 0.0]","Feature_Vector: [1.0, 1.0, 0.0, 0.3630985915660858, 0.0]",1,tweet_7221_558070
8336,1779,"Feature_Vector: [1.0, 1.0, 0.0, 0.4108993411064148, 0.0]","Feature_Vector: [1.0, 1.0, 0.0, 0.43864601850509644, 0.0]",1,tweet_1779_587726
4242,5075,"Feature_Vector: [1.0, 1.0, 0.0, 0.29747888445854187, 0.0]","Feature_Vector: [1.0, 1.0, 0.0, 0.33926671743392944, 0.0]",1,tweet_5075_441677
6976,3119,"Feature_Vector: [1.0, 1.0, 0.0, 0.44685637950897217, 0.0]","Feature_Vector: [1.0, 1.0, 0.0, 0.3746655583381653, 0.0]",1,tweet_3119_195526
1316,9301,"Feature_Vector: [1.0, 1.0, 0.0, 0.2671949863433838, 0.0]","Feature_Vector: [1.0, 1.0, 0.0, 0.5602076649665833, 0.0]",1,tweet_9301_774841
7035,7035,"Feature_Vector: [1.0, 1.0, 1.0, 0.4686276614665985, 0.0]","Feature_Vector: [1.0, 1.0, 1.0, 0.4686276614665985, 0.0]",1,tweet_7035_901355
2753,9528,"Feature_Vector: [1.0, 1.0, 0.0, 0.39394164085388184, 0.0]","Feature_Vector: [1.0, 1.0, 0.0, 0.375324547290802, 0.0]",3,tweet_9528_1123697
80,2880,"Feature_Vector: [1.0, 1.0, 0.0, 0.36942100524902344, 0.0]","Feature_Vector: [1.0, 1.0, 0.0, 0.3704620599746704, 0.0]",1,tweet_2880_291231
3429,3429,"Feature_Vector: [1.0, 1.0, 0.0, 0.3920254707336426, 0.0]","Feature_Vector: [1.0, 1.0, 0.0, 0.3920254707336426, 0.0]",1,tweet_3429_822195
4923,8777,"Feature_Vector: [1.0, 1.0, 0.0, 0.4348737895488739, 0.0]","Feature_Vector: [1.0, 0.0, 0.0, 0.5656849145889282, 0.0]",4,tweet_8777_1171733
2415,915,"Feature_Vector: [1.0, 1.0, 0.0, 0.4527265727519989, 0.0]","Feature_Vector: [1.0, 1.0, 0.0, 0.39875441789627075, 0.0]",1,tweet_915_66162
2302,2302,"Feature_Vector: [1.0, 1.0, 0.0, 0.5559972524642944, 0.0]","Feature_Vector: [1.0, 1.0, 0.0, 0.5559972524642944, 0.0]",1,tweet_2302_799132
1510,2246,"Feature_Vector: [0.0, 0.0, 0.0, 0.38350915908813477, 0.0]","Feature_Vector: [1.0, 1.0, 0.0, 0.1097794845700264, 0.0]",3,tweet_2246_1265535
349,3201,"Feature_Vector: [1.0, 0.0, 0.0, 0.4486308693885803, 0.0]","Feature_Vector: [1.0, 0.0, 0.0, 0.42647626996040344, 0.0]",2,tweet_3201_1228634
1961,7020,"Feature_Vector: [1.0, 1.0, 0.0, 0.20371171832084656, 0.0]","Feature_Vector: [1.0, 1.0, 0.0, 0.1838071197271347, 0.0]",3,tweet_7020_1278069
9881,832,"Feature_Vector: [1.0, 1.0, 0.0, 0.32399436831474304, 0.0]","Feature_Vector: [1.0, 0.0, 1.0, 0.7062491774559021, 0.0]",1,tweet_832_645595
80,5241,"Feature_Vector: [1.0, 1.0, 0.0, 0.36942100524902344, 0.0]","Feature_Vector: [0.0, 0.0, 0.0, 0.5940559506416321, 0.0]",1,tweet_5241_291276
7766,6875,"Feature_Vector: [0.0, 0.0, 0.0, 0.4852805435657501, 0.0]","Feature_Vector: [1.0, 1.0, 0.0, 0.06197875365614891, 1.0]",1,tweet_6875_217098
103,9313,"Feature_Vector: [1.0, 1.0, 0.0, 0.2270922064781189, 0.0]","Feature_Vector: [1.0, 1.0, 0.0, 0.27631404995918274, 0.0]",2,tweet_9313_1220836
5224,2907,"Feature_Vector: [1.0, 1.0, 0.0, 0.4832434356212616, 0.0]","Feature_Vector: [1.0, 1.0, 0.0, 0.43354088068008423, 0.0]",1,tweet_2907_147969
2235,1983,"Feature_Vector: [1.0, 1.0, 0.0, 0.4446846842765808, 0.0]","Feature_Vector: [1.0, 1.0, 0.0, 0.3152073919773102, 0.0]",1,tweet_1983_60726
2446,9195,"Feature_Vector: [1.0, 0.0, 0.0, 0.4733026921749115, 0.0]","Feature_Vector: [1.0, 0.0, 0.0, 0.495847225189209, 0.0]",1,tweet_9195_377310
9399,8296,"Feature_Vector: [1.0, 1.0, 0.0, 0.28560879826545715, 1.0]","Feature_Vector: [1.0, 0.0, 1.0, 0.8148944973945618, 0.0]",1,tweet_8296_745640
2412,3680,"Feature_Vector: [1.0, 0.0, 0.0, 0.4480321705341339, 0.0]","Feature_Vector: [1.0, 1.0, 0.0, 0.3595539927482605, 0.0]",3,tweet_3680_1115552
3596,9251,"Feature_Vector: [1.0, 1.0, 0.0, 0.3339173197746277, 0.0]","Feature_Vector: [1.0, 1.0, 0.0, 0.20216599106788635, 0.0]",3,tweet_9251_1142460
7033,6219,"Feature_Vector: [1.0, 1.0, 0.0, 0.44430017471313477, 0.0]","Feature_Vector: [1.0, 0.0, 0.0, 0.41220158338546753, 0.0]",1,tweet_6219_543607
2014,2235,"Feature_Vector: [1.0, 1.0, 0.0, 0.36827796697616577, 0.0]","Feature_Vector: [1.0, 1.0, 0.0, 0.4446846842765808, 0.0]",1,tweet_2235_54272
5881,5881,"Feature_Vector: [1.0, 1.0, 0.0, 0.37939608097076416, 0.0]","Feature_Vector: [1.0, 1.0, 0.0, 0.37939608097076416, 0.0]",1,tweet_5881_880965
4257,4257,"Feature_Vector: [1.0, 1.0, 0.0, 0.40055152773857117, 0.0]","Feature_Vector: [1.0, 1.0, 0.0, 0.40055152773857117, 0.0]",1,tweet_4257_844220
8085,994,"Feature_Vector: [1.0, 1.0, 0.0, 0.3624621629714966, 0.0]","Feature_Vector: [1.0, 1.0, 0.0, 0.4938614070415497, 0.0]",1,tweet_994_578558
6220,266,"Feature_Vector: [1.0, 1.0, 0.0, 0.3545225262641907, 0.0]","Feature_Vector: [1.0, 1.0, 0.0, 0.3602238893508911, 0.0]",1,tweet_266_175804
8755,7700,"Feature_Vector: [1.0, 0.0, 0.0, 0.25690922141075134, 0.0]","Feature_Vector: [1.0, 1.0, 1.0, 0.888723611831665, 0.0]",1,tweet_7700_935768
2242,5353,"Feature_Vector: [1.0, 1.0, 0.0, 0.2960134446620941, 0.0]","Feature_Vector: [1.0, 1.0, 0.0, 0.18996766209602356, 0.0]",3,tweet_5353_1285268
1522,1533,"Feature_Vector: [1.0, 1.0, 0.0, 0.37912455201148987, 0.0]","Feature_Vector: [1.0, 1.0, 0.0, 0.35346007347106934, 0.0]",1,tweet_1533_40787
9195,2369,"Feature_Vector: [1.0, 0.0, 0.0, 0.495847225189209, 0.0]","Feature_Vector: [1.0, 1.0, 0.0, 0.35399380326271057, 0.0]",1,tweet_2369_254620
4800,6070,"Feature_Vector: [1.0, 1.0, 0.0, 0.27008870244026184, 0.0]","Feature_Vector: [1.0, 1.0, 0.0, 0.36702701449394226, 0.0]",1,tweet_6070_134066
6902,1578,"Feature_Vector: [1.0, 0.0, 1.0, 0.6104324460029602, 0.0]","Feature_Vector: [0.0, 0.0, 0.0, 0.5867338180541992, 0.0]",1,tweet_1578_1023428
695,2539,"Feature_Vector: [1.0, 1.0, 0.0, 0.3983202576637268, 0.0]","Feature_Vector: [1.0, 1.0, 0.0, 0.36917802691459656, 0.0]",2,tweet_2539_1240905
2051,3302,"Feature_Vector: [0.0, 0.0, 0.0, 0.37973371148109436, 0.0]","Feature_Vector: [1.0, 1.0, 0.0, 0.4583613872528076, 0.0]",4,tweet_3302_1105948
44,7659,"Feature_Vector: [1.0, 1.0, 0.0, 0.30942752957344055, 0.0]","Feature_Vector: [1.0, 1.0, 0.0, 0.0, 0.0]",2,tweet_7659_1218536
3206,8816,"Feature_Vector: [1.0, 1.0, 0.0, 0.33857277035713196, 0.0]","Feature_Vector: [1.0, 1.0, 0.0, 0.1173127219080925, 0.0]",3,tweet_8816_1305798
4825,6056,"Feature_Vector: [1.0, 1.0, 0.0, 0.3631889522075653, 0.0]","Feature_Vector: [1.0, 1.0, 0.0, 0.521015465259552, 0.0]",1,tweet_6056_462852
9292,9843,"Feature_Vector: [0.0, 0.0, 0.0, 0.29327577352523804, 0.0]","Feature_Vector: [1.0, 1.0, 1.0, 0.4899634122848511, 0.0]",1,tweet_9843_619444
5093,2158,"Feature_Vector: [1.0, 1.0, 0.0, 0.3630985915660858, 0.0]","Feature_Vector: [1.0, 1.0, 0.0, 0.38463127613067627, 0.0]",1,tweet_2158_143938
7369,7369,"Feature_Vector: [1.0, 0.0, 0.0, 0.4846026599407196, 0.0]","Feature_Vector: [1.0, 0.0, 0.0, 0.4846026599407196, 0.0]",1,tweet_7369_909199
1450,7373,"Feature_Vector: [1.0, 1.0, 0.0, 0.4346707761287689, 0.0]","Feature_Vector: [1.0, 1.0, 0.0, 0.4509640336036682, 0.0]",1,tweet_7373_669303
4397,6888,"Feature_Vector: [1.0, 1.0, 0.0, 0.30752304196357727, 0.0]","Feature_Vector: [0.0, 0.0, 0.0, 0.32453423738479614, 0.0]",2,tweet_6888_1159924
4757,10059,"Feature_Vector: [1.0, 0.0, 0.0, 0.31349119544029236, 0.0]","Feature_Vector: [1.0, 0.0, 1.0, 0.5017430186271667, 0.0]",1,tweet_10059_702235
2186,6183,"Feature_Vector: [1.0, 1.0, 0.0, 0.33406877517700195, 0.0]","Feature_Vector: [1.0, 1.0, 0.0, 0.44742706418037415, 0.0]",1,tweet_6183_59638
2917,2917,"Feature_Vector: [1.0, 0.0, 0.0, 0.35916757583618164, 0.0]","Feature_Vector: [1.0, 0.0, 0.0, 0.35916757583618164, 0.0]",1,tweet_2917_995259
4519,8149,"Feature_Vector: [1.0, 1.0, 0.0, 0.21839572489261627, 0.0]","Feature_Vector: [0.0, 0.0, 0.0, 0.37898826599121094, 0.0]",1,tweet_8149_451139
1780,7239,"Feature_Vector: [1.0, 1.0, 0.0, 0.29105064272880554, 0.0]","Feature_Vector: [1.0, 1.0, 0.0, 0.29169541597366333, 0.0]",3,tweet_7239_1272749
5530,5530,"Feature_Vector: [0.0, 0.0, 1.0, 0.41299113631248474, 0.0]","Feature_Vector: [0.0, 0.0, 1.0, 0.41299113631248474, 0.0]",1,tweet_5530_869275
5853,5853,"Feature_Vector: [1.0, 1.0, 0.0, 0.3690967857837677, 0.0]","Feature_Vector: [1.0, 1.0, 0.0, 0.3690967857837677, 0.0]",1,tweet_5853_875999
6599,3632,"Feature_Vector: [0.0, 0.0, 0.0, 0.3916996717453003, 0.0]","Feature_Vector: [1.0, 0.0, 1.0, 1.0, 0.0]",1,tweet_3632_720099
5871,5871,"Feature_Vector: [1.0, 1.0, 0.0, 0.486001580953598, 0.0]","Feature_Vector: [1.0, 1.0, 0.0, 0.486001580953598, 0.0]",1,tweet_5871_880508
5809,4687,"Feature_Vector: [1.0, 1.0, 0.0, 0.36050859093666077, 0.0]","Feature_Vector: [1.0, 0.0, 0.0, 0.5390616655349731, 0.0]",1,tweet_4687_874318
3814,4335,"Feature_Vector: [1.0, 1.0, 0.0, 0.4107441306114197, 0.0]","Feature_Vector: [1.0, 0.0, 1.0, 0.6169676184654236, 0.0]",1,tweet_4335_692747
86,960,"Feature_Vector: [1.0, 1.0, 0.0, 0.3872837722301483, 0.0]","Feature_Vector: [1.0, 1.0, 1.0, 0.5941839218139648, 0.0]",1,tweet_960_291482
2415,3487,"Feature_Vector: [1.0, 1.0, 0.0, 0.4527265727519989, 0.0]","Feature_Vector: [1.0, 1.0, 1.0, 0.6530749797821045, 0.0]",1,tweet_3487_66075
8148,8963,"Feature_Vector: [1.0, 1.0, 0.0, 0.4502934217453003, 0.0]","Feature_Vector: [1.0, 1.0, 0.0, 0.2986243963241577, 0.0]",1,tweet_8963_925310
8368,955,"Feature_Vector: [1.0, 1.0, 0.0, 0.3468688726425171, 0.0]","Feature_Vector: [1.0, 1.0, 0.0, 0.2880544364452362, 1.0]",1,tweet_955_232017
7635,8682,"Feature_Vector: [1.0, 1.0, 0.0, 0.40119946002960205, 0.0]","Feature_Vector: [1.0, 0.0, 0.0, 0.25259116291999817, 0.0]",2,tweet_8682_1374526
4735,9353,"Feature_Vector: [1.0, 1.0, 0.0, 0.33981576561927795, 0.0]","Feature_Vector: [1.0, 0.0, 0.0, 0.4432618319988251, 0.0]",1,tweet_9353_460603
2019,328,"Feature_Vector: [1.0, 1.0, 0.0, 0.29169541597366333, 0.0]","Feature_Vector: [1.0, 0.0, 1.0, 0.6683395504951477, 0.0]",1,tweet_328_791152
2234,8609,"Feature_Vector: [1.0, 1.0, 0.0, 0.3460186719894409, 0.0]","Feature_Vector: [1.0, 1.0, 0.0, 0.3337654769420624, 0.0]",1,tweet_8609_369100
77,2893,"Feature_Vector: [1.0, 1.0, 0.0, 0.44625917077064514, 0.0]","Feature_Vector: [1.0, 1.0, 0.0, 0.6793380975723267, 0.0]",1,tweet_2893_290970
6976,2062,"Feature_Vector: [1.0, 1.0, 0.0, 0.44685637950897217, 0.0]","Feature_Vector: [1.0, 1.0, 0.0, 0.3675307333469391, 0.0]",1,tweet_2062_195485
3325,9112,"Feature_Vector: [0.0, 0.0, 0.0, 0.38740143179893494, 0.0]","Feature_Vector: [1.0, 1.0, 0.0, 0.4357036352157593, 0.0]",4,tweet_9112_1136376
7838,7838,"Feature_Vector: [0.0, 0.0, 1.0, 0.5069748163223267, 0.0]","Feature_Vector: [0.0, 0.0, 1.0, 0.5069748163223267, 0.0]",1,tweet_7838_918278
9403,1123,"Feature_Vector: [1.0, 1.0, 0.0, 0.38113003969192505, 0.0]","Feature_Vector: [1.0, 1.0, 0.0, 0.4119739532470703, 0.0]",1,tweet_1123_624287
10190,6797,"Feature_Vector: [0.0, 0.0, 0.0, 0.23720981180667877, 0.0]","Feature_Vector: [0.0, 0.0, 1.0, 0.5248544812202454, 0.0]",1,tweet_6797_655536
4593,4593,"Feature_Vector: [1.0, 0.0, 1.0, 0.5308657884597778, 0.0]","Feature_Vector: [1.0, 0.0, 1.0, 0.5308657884597778, 0.0]",1,tweet_4593_851637
8250,1729,"Feature_Vector: [0.0, 0.0, 0.0, 0.5931379795074463, 0.0]","Feature_Vector: [1.0, 1.0, 1.0, 0.5922421813011169, 0.0]",1,tweet_1729_585335
5067,5615,"Feature_Vector: [1.0, 1.0, 0.0, 0.40119946002960205, 0.0]","Feature_Vector: [0.0, 0.0, 0.0, 0.42846915125846863, 0.0]",3,tweet_5615_1174359
7770,3869,"Feature_Vector: [1.0, 1.0, 0.0, 0.43354088068008423, 0.0]","Feature_Vector: [1.0, 1.0, 0.0, 0.1299014687538147, 0.0]",1,tweet_3869_217469
2880,901,"Feature_Vector: [1.0, 1.0, 0.0, 0.3704620599746704, 0.0]","Feature_Vector: [1.0, 1.0, 0.0, 0.48563191294670105, 0.0]",1,tweet_901_994838
1202,8801,"Feature_Vector: [1.0, 1.0, 0.0, 0.3983202576637268, 0.0]","Feature_Vector: [1.0, 1.0, 0.0, 0.2598029375076294, 0.0]",1,tweet_8801_328745
9251,4585,"Feature_Vector: [1.0, 1.0, 0.0, 0.20216599106788635, 0.0]","Feature_Vector: [1.0, 1.0, 0.0, 0.3819127082824707, 0.0]",1,tweet_4585_618320
9660,2638,"Feature_Vector: [1.0, 1.0, 0.0, 0.35313737392425537, 0.0]","Feature_Vector: [1.0, 1.0, 0.0, 0.4045058488845825, 0.0]",1,tweet_2638_636186
1123,923,"Feature_Vector: [1.0, 1.0, 0.0, 0.4119739532470703, 0.0]","Feature_Vector: [1.0, 1.0, 0.0, 0.40206706523895264, 0.0]",1,tweet_923_325029
4755,3024,"Feature_Vector: [1.0, 1.0, 0.0, 0.5802642703056335, 0.0]","Feature_Vector: [1.0, 1.0, 0.0, 0.357793927192688, 0.0]",1,tweet_3024_133111
3324,7608,"Feature_Vector: [1.0, 1.0, 0.0, 0.3143558204174042, 0.0]","Feature_Vector: [1.0, 1.0, 0.0, 0.07820848375558853, 1.0]",2,tweet_7608_1308248
5823,5823,"Feature_Vector: [1.0, 1.0, 0.0, 0.39245694875717163, 0.0]","Feature_Vector: [1.0, 1.0, 0.0, 0.39245694875717163, 0.0]",1,tweet_5823_1016559
6954,2527,"Feature_Vector: [1.0, 1.0, 0.0, 0.4348737895488739, 0.0]","Feature_Vector: [1.0, 1.0, 0.0, 0.48962849378585815, 0.0]",1,tweet_2527_194944
10139,7955,"Feature_Vector: [1.0, 1.0, 0.0, 0.28305232524871826, 0.0]","Feature_Vector: [0.0, 0.0, 0.0, 0.5409671664237976, 0.0]",1,tweet_7955_654163
9547,2622,"Feature_Vector: [1.0, 1.0, 0.0, 0.3969973921775818, 0.0]","Feature_Vector: [1.0, 1.0, 0.0, 0.4045492112636566, 0.0]",1,tweet_2622_631926
2759,471,"Feature_Vector: [1.0, 1.0, 0.0, 0.34864869713783264, 0.0]","Feature_Vector: [1.0, 1.0, 0.0, 0.2859647274017334, 0.0]",1,tweet_471_389721
5295,806,"Feature_Vector: [1.0, 1.0, 0.0, 0.3427436351776123, 0.0]","Feature_Vector: [1.0, 1.0, 0.0, 0.3368716835975647, 0.0]",1,tweet_806_150146
3150,4411,"Feature_Vector: [1.0, 0.0, 0.0, 0.41525977849960327, 0.0]","Feature_Vector: [1.0, 1.0, 0.0, 0.28416216373443604, 0.0]",1,tweet_4411_1304416
1333,1333,"Feature_Vector: [1.0, 1.0, 0.0, 0.30504825711250305, 0.0]","Feature_Vector: [1.0, 1.0, 0.0, 0.30504825711250305, 0.0]",1,tweet_1333_980624
455,7143,"Feature_Vector: [1.0, 1.0, 0.0, 0.039104241877794266, 1.0]","Feature_Vector: [1.0, 0.0, 0.0, 0.4627625644207001, 0.0]",3,tweet_7143_1060558
2527,3532,"Feature_Vector: [1.0, 1.0, 0.0, 0.48962849378585815, 0.0]","Feature_Vector: [0.0, 0.0, 0.0, 0.5156269073486328, 0.0]",3,tweet_3532_1118303
9256,8942,"Feature_Vector: [1.0, 1.0, 0.0, 0.29511559009552, 0.0]","Feature_Vector: [1.0, 1.0, 0.0, 0.28560879826545715, 0.0]",1,tweet_8942_618438
4120,7240,"Feature_Vector: [1.0, 1.0, 0.0, 0.37746718525886536, 0.0]","Feature_Vector: [1.0, 1.0, 0.0, 0.40795662999153137, 0.0]",1,tweet_7240_437934
6473,5964,"Feature_Vector: [1.0, 1.0, 0.0, 0.25194641947746277, 0.0]","Feature_Vector: [1.0, 1.0, 0.0, 0.3334605097770691, 0.0]",1,tweet_5964_525793
8439,9322,"Feature_Vector: [1.0, 0.0, 0.0, 0.3296664357185364, 0.0]","Feature_Vector: [1.0, 0.0, 0.0, 0.4346453547477722, 0.0]",3,tweet_9322_1380432
291,5164,"Feature_Vector: [1.0, 1.0, 0.0, 0.43874073028564453, 0.0]","Feature_Vector: [1.0, 0.0, 0.0, 0.438764363527298, 0.0]",1,tweet_5164_299449
1752,9002,"Feature_Vector: [1.0, 0.0, 0.0, 0.4123150408267975, 0.0]","Feature_Vector: [1.0, 0.0, 0.0, 0.3708574175834656, 0.0]",2,tweet_9002_1272327
7154,9392,"Feature_Vector: [1.0, 1.0, 0.0, 0.4135853946208954, 0.0]","Feature_Vector: [1.0, 1.0, 0.0, 0.5101978778839111, 0.0]",1,tweet_9392_725916
4991,8330,"Feature_Vector: [0.0, 0.0, 0.0, 0.30350956320762634, 0.0]","Feature_Vector: [1.0, 1.0, 0.0, 0.16306175291538239, 1.0]",2,tweet_8330_1172954
8879,8879,"Feature_Vector: [1.0, 0.0, 0.0, 0.43769022822380066, 0.0]","Feature_Vector: [1.0, 0.0, 0.0, 0.43769022822380066, 0.0]",1,tweet_8879_937654
3206,5324,"Feature_Vector: [1.0, 1.0, 0.0, 0.33857277035713196, 0.0]","Feature_Vector: [1.0, 1.0, 0.0, 0.24432046711444855, 1.0]",1,tweet_5324_88642
3529,1028,"Feature_Vector: [1.0, 1.0, 0.0, 0.4416675567626953, 0.0]","Feature_Vector: [1.0, 1.0, 0.0, 0.3555653691291809, 0.0]",1,tweet_1028_97130
4852,4699,"Feature_Vector: [1.0, 1.0, 0.0, 0.2877114713191986, 0.0]","Feature_Vector: [1.0, 1.0, 0.0, 0.3331539034843445, 0.0]",1,tweet_4699_464267
3381,4509,"Feature_Vector: [1.0, 1.0, 0.0, 0.4436534643173218, 0.0]","Feature_Vector: [1.0, 0.0, 0.0, 0.3154183030128479, 0.0]",3,tweet_4509_1309453
8819,10043,"Feature_Vector: [1.0, 1.0, 0.0, 0.4119359254837036, 0.0]","Feature_Vector: [1.0, 1.0, 0.0, 0.2741687297821045, 0.0]",1,tweet_10043_740846
2061,9392,"Feature_Vector: [1.0, 1.0, 0.0, 0.4034987688064575, 0.0]","Feature_Vector: [1.0, 1.0, 0.0, 0.5101978778839111, 0.0]",1,tweet_9392_361982
1675,1675,"Feature_Vector: [0.0, 0.0, 0.0, 0.47117355465888977, 0.0]","Feature_Vector: [0.0, 0.0, 0.0, 0.47117355465888977, 0.0]",1,tweet_1675_782381
5607,291,"Feature_Vector: [1.0, 1.0, 0.0, 0.41497212648391724, 0.0]","Feature_Vector: [1.0, 1.0, 0.0, 0.43874073028564453, 0.0]",1,tweet_291_156482
245,245,"Feature_Vector: [0.0, 0.0, 0.0, 0.5438660979270935, 0.0]","Feature_Vector: [0.0, 0.0, 0.0, 0.5438660979270935, 0.0]",1,tweet_245_758535
4194,7906,"Feature_Vector: [1.0, 1.0, 0.0, 0.039104241877794266, 0.0]","Feature_Vector: [1.0, 1.0, 0.0, 0.10108299553394318, 0.0]",3,tweet_7906_1155893
1372,7880,"Feature_Vector: [1.0, 1.0, 0.0, 0.37939608097076416, 0.0]","Feature_Vector: [1.0, 0.0, 1.0, 0.5543941855430603, 0.0]",1,tweet_7880_334830
3826,4436,"Feature_Vector: [1.0, 0.0, 0.0, 0.29630959033966064, 0.0]","Feature_Vector: [1.0, 1.0, 0.0, 0.325949102640152, 0.0]",2,tweet_4436_1317760
1500,3933,"Feature_Vector: [1.0, 1.0, 0.0, 0.3480616509914398, 0.0]","Feature_Vector: [1.0, 1.0, 0.0, 0.25570884346961975, 0.0]",3,tweet_3933_1265352
2874,4247,"Feature_Vector: [1.0, 1.0, 0.0, 0.31349119544029236, 0.0]","Feature_Vector: [1.0, 1.0, 0.0, 0.3361474871635437, 0.0]",2,tweet_4247_1125379
5717,6590,"Feature_Vector: [1.0, 1.0, 0.0, 0.3234492838382721, 0.0]","Feature_Vector: [1.0, 1.0, 0.0, 0.36050859093666077, 0.0]",1,tweet_6590_159084
7225,4488,"Feature_Vector: [1.0, 1.0, 0.0, 0.39942318201065063, 0.0]","Feature_Vector: [1.0, 1.0, 0.0, 0.41960689425468445, 0.0]",1,tweet_4488_550513
7154,8321,"Feature_Vector: [1.0, 1.0, 0.0, 0.4135853946208954, 0.0]","Feature_Vector: [1.0, 1.0, 0.0, 0.41373297572135925, 0.0]",3,tweet_8321_1201845
2466,2506,"Feature_Vector: [1.0, 1.0, 0.0, 0.38740143179893494, 0.0]","Feature_Vector: [1.0, 1.0, 0.0, 0.4134003520011902, 0.0]",3,tweet_2506_1116658
6733,8781,"Feature_Vector: [1.0, 1.0, 0.0, 0.3096611201763153, 0.0]","Feature_Vector: [1.0, 1.0, 0.0, 0.37187254428863525, 0.0]",1,tweet_8781_533504
5224,9186,"Feature_Vector: [1.0, 1.0, 0.0, 0.4832434356212616, 0.0]","Feature_Vector: [1.0, 1.0, 0.0, 0.3712500035762787, 0.0]",1,tweet_9186_480232
5797,4342,"Feature_Vector: [1.0, 1.0, 0.0, 0.3247130513191223, 0.0]","Feature_Vector: [1.0, 1.0, 0.0, 0.5981504917144775, 0.0]",1,tweet_4342_712286
5871,5871,"Feature_Vector: [1.0, 1.0, 0.0, 0.486001580953598, 0.0]","Feature_Vector: [1.0, 1.0, 0.0, 0.486001580953598, 0.0]",1,tweet_5871_879622
8049,7518,"Feature_Vector: [1.0, 0.0, 0.0, 0.42939794063568115, 0.0]","Feature_Vector: [1.0, 1.0, 0.0, 0.3058021664619446, 0.0]",1,tweet_7518_224129
2155,5839,"Feature_Vector: [1.0, 1.0, 0.0, 0.3578931391239166, 0.0]","Feature_Vector: [1.0, 1.0, 0.0, 0.4002247750759125, 0.0]",3,tweet_5839_1107924
5099,5944,"Feature_Vector: [1.0, 1.0, 1.0, 0.6446264982223511, 0.0]","Feature_Vector: [1.0, 1.0, 1.0, 0.6163211464881897, 0.0]",1,tweet_5944_1012038
5690,3099,"Feature_Vector: [1.0, 1.0, 0.0, 0.4323614239692688, 0.0]","Feature_Vector: [1.0, 1.0, 0.0, 0.5727623701095581, 0.0]",1,tweet_3099_711155
5318,5318,"Feature_Vector: [1.0, 1.0, 0.0, 0.24650456011295319, 0.0]","Feature_Vector: [1.0, 1.0, 0.0, 0.24650456011295319, 0.0]",1,tweet_5318_865455
3867,5865,"Feature_Vector: [1.0, 1.0, 0.0, 0.35378092527389526, 0.0]","Feature_Vector: [1.0, 1.0, 0.0, 0.39446258544921875, 0.0]",3,tweet_5865_1149285
2218,4342,"Feature_Vector: [1.0, 1.0, 0.0, 0.3280070424079895, 0.0]","Feature_Vector: [1.0, 1.0, 0.0, 0.5981504917144775, 0.0]",1,tweet_4342_676688
1393,1525,"Feature_Vector: [1.0, 1.0, 0.0, 0.6285858750343323, 0.0]","Feature_Vector: [0.0, 0.0, 0.0, 0.5500404238700867, 0.0]",1,tweet_1525_35935
7288,5897,"Feature_Vector: [1.0, 1.0, 0.0, 0.2328343242406845, 1.0]","Feature_Vector: [1.0, 1.0, 0.0, 0.3431313931941986, 0.0]",1,tweet_5897_552486
73,9843,"Feature_Vector: [1.0, 1.0, 0.0, 0.3045400083065033, 0.0]","Feature_Vector: [1.0, 1.0, 1.0, 0.4899634122848511, 0.0]",1,tweet_9843_290332
2579,2579,"Feature_Vector: [1.0, 1.0, 0.0, 0.31888797879219055, 0.0]","Feature_Vector: [1.0, 1.0, 0.0, 0.31888797879219055, 0.0]",1,tweet_2579_680322
7249,8540,"Feature_Vector: [1.0, 1.0, 0.0, 0.4997010827064514, 0.0]","Feature_Vector: [1.0, 1.0, 1.0, 0.6127685308456421, 0.0]",1,tweet_8540_907417
5241,5241,"Feature_Vector: [0.0, 0.0, 0.0, 0.5940559506416321, 0.0]","Feature_Vector: [0.0, 0.0, 0.0, 0.5940559506416321, 0.0]",1,tweet_5241_863045
3641,5295,"Feature_Vector: [1.0, 0.0, 0.0, 0.5200162529945374, 0.0]","Feature_Vector: [1.0, 1.0, 0.0, 0.3427436351776123, 0.0]",2,tweet_5295_1314138
1573,7576,"Feature_Vector: [1.0, 1.0, 0.0, 0.4553065299987793, 0.0]","Feature_Vector: [1.0, 0.0, 0.0, 0.3465060889720917, 0.0]",3,tweet_7576_1267381
3945,3945,"Feature_Vector: [0.0, 0.0, 0.0, 0.5389256477355957, 0.0]","Feature_Vector: [0.0, 0.0, 0.0, 0.5389256477355957, 0.0]",1,tweet_3945_838067
7623,5845,"Feature_Vector: [1.0, 1.0, 0.0, 0.40709277987480164, 0.0]","Feature_Vector: [1.0, 1.0, 0.0, 0.3346705436706543, 0.0]",1,tweet_5845_213540
3032,3632,"Feature_Vector: [1.0, 1.0, 0.0, 0.4313458502292633, 0.0]","Feature_Vector: [1.0, 0.0, 1.0, 1.0, 0.0]",1,tweet_3632_684511
8007,8769,"Feature_Vector: [1.0, 1.0, 0.0, 0.20371171832084656, 0.0]","Feature_Vector: [1.0, 1.0, 0.0, 0.23550012707710266, 0.0]",2,tweet_8769_1208226
6233,9686,"Feature_Vector: [1.0, 1.0, 0.0, 0.3770450949668884, 0.0]","Feature_Vector: [0.0, 0.0, 0.0, 0.3427436351776123, 0.0]",3,tweet_9686_1191659
5076,5076,"Feature_Vector: [1.0, 1.0, 0.0, 0.3846929669380188, 0.0]","Feature_Vector: [1.0, 1.0, 0.0, 0.3846929669380188, 0.0]",1,tweet_5076_860482
4524,9234,"Feature_Vector: [1.0, 0.0, 0.0, 0.6434335112571716, 0.0]","Feature_Vector: [1.0, 1.0, 0.0, 0.039104241877794266, 0.0]",3,tweet_9234_1331081
9984,8587,"Feature_Vector: [1.0, 1.0, 0.0, 0.37309733033180237, 0.0]","Feature_Vector: [1.0, 1.0, 0.0, 0.3248912990093231, 0.0]",1,tweet_8587_280336
7519,9520,"Feature_Vector: [1.0, 0.0, 0.0, 0.3619108498096466, 0.0]","Feature_Vector: [1.0, 1.0, 0.0, 0.5417155027389526, 0.0]",1,tweet_9520_560384
846,4788,"Feature_Vector: [1.0, 1.0, 0.0, 0.352704256772995, 0.0]","Feature_Vector: [1.0, 1.0, 0.0, 0.25808456540107727, 0.0]",2,tweet_4788_1072033
181,9520,"Feature_Vector: [1.0, 1.0, 0.0, 0.38093265891075134, 0.0]","Feature_Vector: [1.0, 1.0, 0.0, 0.5417155027389526, 0.0]",3,tweet_9520_1053634
2876,6847,"Feature_Vector: [1.0, 1.0, 0.0, 0.44601020216941833, 0.0]","Feature_Vector: [1.0, 1.0, 0.0, 0.32234305143356323, 1.0]",3,tweet_6847_1125570
9121,6347,"Feature_Vector: [1.0, 1.0, 0.0, 0.2671949863433838, 0.0]","Feature_Vector: [0.0, 0.0, 1.0, 0.48386338353157043, 0.0]",1,tweet_6347_743266
5944,5944,"Feature_Vector: [1.0, 1.0, 1.0, 0.6163211464881897, 0.0]","Feature_Vector: [1.0, 1.0, 1.0, 0.6163211464881897, 0.0]",1,tweet_5944_882534
7470,7519,"Feature_Vector: [1.0, 1.0, 0.0, 0.24650456011295319, 0.0]","Feature_Vector: [1.0, 0.0, 0.0, 0.3619108498096466, 0.0]",3,tweet_7519_1372879
1363,1358,"Feature_Vector: [1.0, 1.0, 0.0, 0.30942752957344055, 0.0]","Feature_Vector: [0.0, 0.0, 0.0, 0.32399436831474304, 0.0]",1,tweet_1358_34922
199,199,"Feature_Vector: [1.0, 1.0, 0.0, 0.5112609267234802, 0.0]","Feature_Vector: [1.0, 1.0, 0.0, 0.5112609267234802, 0.0]",1,tweet_199_757633
420,9526,"Feature_Vector: [1.0, 1.0, 0.0, 0.24791501462459564, 0.0]","Feature_Vector: [0.0, 0.0, 0.0, 0.4491249620914459, 0.0]",3,tweet_9526_1059323
3469,6477,"Feature_Vector: [0.0, 0.0, 0.0, 0.3128339350223541, 0.0]","Feature_Vector: [1.0, 0.0, 0.0, 0.28631845116615295, 0.0]",2,tweet_6477_1310999
5288,4685,"Feature_Vector: [1.0, 1.0, 0.0, 0.40498119592666626, 0.0]","Feature_Vector: [1.0, 1.0, 0.0, 0.3799353241920471, 0.0]",1,tweet_4685_864830
7724,9606,"Feature_Vector: [0.0, 0.0, 0.0, 0.3553583323955536, 0.0]","Feature_Vector: [1.0, 0.0, 0.0, 0.318090558052063, 0.0]",3,tweet_9606_1375336
7550,3153,"Feature_Vector: [1.0, 0.0, 0.0, 0.4779631197452545, 0.0]","Feature_Vector: [1.0, 1.0, 0.0, 0.6031721234321594, 0.0]",1,tweet_3153_561307
8480,8480,"Feature_Vector: [0.0, 0.0, 1.0, 0.6641719341278076, 0.0]","Feature_Vector: [0.0, 0.0, 1.0, 0.6641719341278076, 0.0]",1,tweet_8480_931778
7531,10075,"Feature_Vector: [1.0, 1.0, 0.0, 0.1838071197271347, 0.0]","Feature_Vector: [1.0, 1.0, 0.0, 0.36282673478126526, 0.0]",1,tweet_10075_560804
6758,6798,"Feature_Vector: [1.0, 1.0, 0.0, 0.4459894001483917, 0.0]","Feature_Vector: [1.0, 1.0, 0.0, 0.5117623209953308, 0.0]",1,tweet_6798_894798
6880,6942,"Feature_Vector: [1.0, 1.0, 0.0, 0.3877529203891754, 0.0]","Feature_Vector: [1.0, 1.0, 0.0, 0.49113425612449646, 0.0]",3,tweet_6942_1367183
5005,6191,"Feature_Vector: [1.0, 1.0, 0.0, 0.4694021940231323, 0.0]","Feature_Vector: [1.0, 1.0, 0.0, 0.3746655583381653, 0.0]",1,tweet_6191_141465
2373,9526,"Feature_Vector: [1.0, 1.0, 0.0, 0.28305232524871826, 0.0]","Feature_Vector: [0.0, 0.0, 0.0, 0.4491249620914459, 0.0]",1,tweet_9526_374425
15,5094,"Feature_Vector: [0.0, 0.0, 0.0, 0.2819201946258545, 0.0]","Feature_Vector: [1.0, 1.0, 0.0, 0.25570884346961975, 0.0]",1,tweet_5094_287927
1322,9860,"Feature_Vector: [1.0, 1.0, 0.0, 0.47167715430259705, 0.0]","Feature_Vector: [1.0, 1.0, 0.0, 0.4088074266910553, 0.0]",3,tweet_9860_1086374
566,8422,"Feature_Vector: [1.0, 1.0, 0.0, 0.31562840938568115, 0.0]","Feature_Vector: [1.0, 1.0, 0.0, 0.3706205487251282, 0.0]",1,tweet_8422_14463
3463,3714,"Feature_Vector: [1.0, 1.0, 0.0, 0.3927783966064453, 0.0]","Feature_Vector: [1.0, 1.0, 1.0, 0.5966011881828308, 0.0]",1,tweet_3714_822447
7575,2278,"Feature_Vector: [1.0, 1.0, 0.0, 0.32783839106559753, 0.0]","Feature_Vector: [1.0, 1.0, 0.0, 0.16611197590827942, 1.0]",1,tweet_2278_212454
3456,8225,"Feature_Vector: [0.0, 0.0, 0.0, 0.3290085196495056, 0.0]","Feature_Vector: [1.0, 1.0, 0.0, 0.3296664357185364, 0.0]",4,tweet_8225_1138956
8469,8469,"Feature_Vector: [0.0, 0.0, 0.0, 0.3951326608657837, 0.0]","Feature_Vector: [0.0, 0.0, 0.0, 0.3951326608657837, 0.0]",1,tweet_8469_931525
4460,7964,"Feature_Vector: [0.0, 0.0, 0.0, 0.20668163895606995, 0.0]","Feature_Vector: [0.0, 0.0, 0.0, 0.3024599552154541, 0.0]",3,tweet_7964_1329564
3084,106,"Feature_Vector: [1.0, 1.0, 0.0, 0.24996672570705414, 0.0]","Feature_Vector: [0.0, 0.0, 1.0, 0.7920801639556885, 0.0]",1,tweet_106_401604
333,4789,"Feature_Vector: [0.0, 0.0, 0.0, 0.3178894519805908, 0.0]","Feature_Vector: [1.0, 1.0, 0.0, 0.24432046711444855, 0.0]",2,tweet_4789_1227860
3514,4668,"Feature_Vector: [1.0, 1.0, 0.0, 0.3355613350868225, 0.0]","Feature_Vector: [1.0, 1.0, 0.0, 0.3956427574157715, 0.0]",1,tweet_4668_416846
2250,4662,"Feature_Vector: [0.0, 0.0, 0.0, 0.32783839106559753, 1.0]","Feature_Vector: [1.0, 1.0, 0.0, 0.3615403175354004, 0.0]",1,tweet_4662_61102
2822,2109,"Feature_Vector: [1.0, 1.0, 0.0, 0.3761913776397705, 0.0]","Feature_Vector: [0.0, 0.0, 0.0, 0.40211236476898193, 0.0]",1,tweet_2109_390974
9816,9619,"Feature_Vector: [1.0, 1.0, 0.0, 0.47644394636154175, 0.0]","Feature_Vector: [1.0, 1.0, 0.0, 0.4619846045970917, 0.0]",1,tweet_9619_643587
6511,6511,"Feature_Vector: [1.0, 1.0, 0.0, 0.466063529253006, 0.0]","Feature_Vector: [1.0, 1.0, 0.0, 0.466063529253006, 0.0]",1,tweet_6511_1020829
9531,8660,"Feature_Vector: [1.0, 1.0, 0.0, 0.2741687297821045, 1.0]","Feature_Vector: [1.0, 1.0, 0.0, 0.5584698915481567, 0.0]",1,tweet_8660_747420
7974,9659,"Feature_Vector: [1.0, 1.0, 0.0, 0.3643503487110138, 0.0]","Feature_Vector: [1.0, 1.0, 0.0, 0.36609169840812683, 0.0]",1,tweet_9659_733189
5105,7087,"Feature_Vector: [1.0, 1.0, 0.0, 0.2598029375076294, 0.0]","Feature_Vector: [1.0, 1.0, 1.0, 0.6930900812149048, 0.0]",1,tweet_7087_476143
9533,9338,"Feature_Vector: [1.0, 1.0, 0.0, 0.4570772349834442, 0.0]","Feature_Vector: [1.0, 1.0, 0.0, 0.42182081937789917, 0.0]",1,tweet_9338_264960
1833,8271,"Feature_Vector: [1.0, 1.0, 0.0, 0.3619108498096466, 0.0]","Feature_Vector: [1.0, 1.0, 0.0, 0.33758673071861267, 0.0]",1,tweet_8271_355847
2953,8540,"Feature_Vector: [1.0, 0.0, 0.0, 0.30428415536880493, 0.0]","Feature_Vector: [1.0, 1.0, 1.0, 0.6127685308456421, 0.0]",1,tweet_8540_683662
4495,3368,"Feature_Vector: [1.0, 1.0, 0.0, 0.33643826842308044, 0.0]","Feature_Vector: [1.0, 1.0, 0.0, 0.21475474536418915, 0.0]",1,tweet_3368_450254
1857,1857,"Feature_Vector: [0.0, 0.0, 1.0, 0.4934772253036499, 0.0]","Feature_Vector: [0.0, 0.0, 1.0, 0.4934772253036499, 0.0]",1,tweet_1857_788930
6332,1466,"Feature_Vector: [1.0, 1.0, 0.0, 0.4415101408958435, 0.0]","Feature_Vector: [1.0, 1.0, 0.0, 0.3945661783218384, 0.0]",1,tweet_1466_179021
310,9152,"Feature_Vector: [1.0, 1.0, 0.0, 0.327669233083725, 0.0]","Feature_Vector: [1.0, 1.0, 0.0, 0.34662726521492004, 0.0]",1,tweet_9152_299923
1669,2683,"Feature_Vector: [1.0, 1.0, 0.0, 0.27503666281700134, 0.0]","Feature_Vector: [1.0, 1.0, 0.0, 0.33829280734062195, 0.0]",3,tweet_2683_1096774
1123,9079,"Feature_Vector: [1.0, 1.0, 0.0, 0.4119739532470703, 0.0]","Feature_Vector: [1.0, 0.0, 1.0, 0.5973740220069885, 0.0]",1,tweet_9079_665734
995,6902,"Feature_Vector: [1.0, 1.0, 0.0, 0.22181588411331177, 0.0]","Feature_Vector: [1.0, 0.0, 1.0, 0.6104324460029602, 0.0]",1,tweet_6902_769669
6653,6771,"Feature_Vector: [1.0, 1.0, 0.0, 0.3710933029651642, 0.0]","Feature_Vector: [1.0, 1.0, 0.0, 0.29747888445854187, 0.0]",1,tweet_6771_187476
5440,3339,"Feature_Vector: [1.0, 1.0, 0.0, 0.3877529203891754, 1.0]","Feature_Vector: [1.0, 0.0, 1.0, 0.7193793654441833, 0.0]",1,tweet_3339_487867
598,2456,"Feature_Vector: [0.0, 0.0, 0.0, 0.341960072517395, 0.0]","Feature_Vector: [1.0, 1.0, 0.0, 0.33926671743392944, 1.0]",3,tweet_2456_1236945
6874,4175,"Feature_Vector: [0.0, 0.0, 0.0, 0.5135238766670227, 0.0]","Feature_Vector: [1.0, 0.0, 0.0, 0.5835127234458923, 0.0]",1,tweet_4175_538058
1002,4118,"Feature_Vector: [1.0, 1.0, 0.0, 0.2159947007894516, 0.0]","Feature_Vector: [1.0, 1.0, 0.0, 0.3954392671585083, 0.0]",3,tweet_4118_1077546
1931,491,"Feature_Vector: [1.0, 0.0, 0.0, 0.5853594541549683, 0.0]","Feature_Vector: [1.0, 0.0, 0.0, 0.5038406252861023, 0.0]",1,tweet_491_52859
2470,966,"Feature_Vector: [1.0, 1.0, 0.0, 0.4678705930709839, 0.0]","Feature_Vector: [1.0, 1.0, 0.0, 0.5177536010742188, 0.0]",1,tweet_966_378433
4668,8909,"Feature_Vector: [1.0, 1.0, 0.0, 0.3956427574157715, 0.0]","Feature_Vector: [1.0, 1.0, 0.0, 0.25866320729255676, 0.0]",3,tweet_8909_1166281
7519,5241,"Feature_Vector: [1.0, 0.0, 0.0, 0.3619108498096466, 0.0]","Feature_Vector: [0.0, 0.0, 0.0, 0.5940559506416321, 0.0]",1,tweet_5241_560376
3514,1816,"Feature_Vector: [1.0, 1.0, 0.0, 0.3355613350868225, 0.0]","Feature_Vector: [1.0, 1.0, 0.0, 0.45656219124794006, 0.0]",1,tweet_1816_1000389
5823,5823,"Feature_Vector: [1.0, 1.0, 0.0, 0.39245694875717163, 0.0]","Feature_Vector: [1.0, 1.0, 0.0, 0.39245694875717163, 0.0]",1,tweet_5823_874822
1216,3168,"Feature_Vector: [1.0, 1.0, 0.0, 0.24505792558193207, 0.0]","Feature_Vector: [1.0, 1.0, 0.0, 0.3296664357185364, 0.0]",1,tweet_3168_31358
1697,2366,"Feature_Vector: [1.0, 1.0, 0.0, 0.16611197590827942, 0.0]","Feature_Vector: [1.0, 1.0, 0.0, 0.2723917067050934, 0.0]",1,tweet_2366_350056
5543,7279,"Feature_Vector: [0.0, 0.0, 0.0, 0.3615403175354004, 0.0]","Feature_Vector: [1.0, 0.0, 0.0, 0.41565293073654175, 0.0]",2,tweet_7279_1349295
7647,6838,"Feature_Vector: [0.0, 0.0, 0.0, 0.4087672233581543, 0.0]","Feature_Vector: [1.0, 1.0, 0.0, 0.4204636812210083, 0.0]",1,tweet_6838_564618
3873,4507,"Feature_Vector: [1.0, 1.0, 0.0, 0.6049335598945618, 0.0]","Feature_Vector: [1.0, 0.0, 0.0, 0.5864585041999817, 0.0]",1,tweet_4507_429282
1777,6216,"Feature_Vector: [0.0, 0.0, 0.0, 0.22069871425628662, 0.0]","Feature_Vector: [1.0, 1.0, 0.0, 0.42662307620048523, 0.0]",2,tweet_6216_1272628
9686,601,"Feature_Vector: [0.0, 0.0, 0.0, 0.3427436351776123, 0.0]","Feature_Vector: [1.0, 1.0, 0.0, 0.3000243604183197, 0.0]",1,tweet_601_270338
5746,7792,"Feature_Vector: [1.0, 1.0, 0.0, 0.29006949067115784, 0.0]","Feature_Vector: [1.0, 1.0, 0.0, 0.525979220867157, 0.0]",1,tweet_7792_711774
1735,8385,"Feature_Vector: [1.0, 1.0, 0.0, 0.33299997448921204, 0.0]","Feature_Vector: [1.0, 1.0, 0.0, 0.30703669786453247, 0.0]",2,tweet_8385_1271601
8382,8296,"Feature_Vector: [1.0, 1.0, 0.0, 0.22291137278079987, 0.0]","Feature_Vector: [1.0, 0.0, 1.0, 0.8148944973945618, 0.0]",1,tweet_8296_929976
3518,3518,"Feature_Vector: [1.0, 1.0, 0.0, 0.3112698197364807, 0.0]","Feature_Vector: [1.0, 1.0, 0.0, 0.3112698197364807, 0.0]",1,tweet_3518_824431
1573,7302,"Feature_Vector: [1.0, 1.0, 0.0, 0.4553065299987793, 0.0]","Feature_Vector: [1.0, 1.0, 0.0, 0.16306175291538239, 0.0]",2,tweet_7302_1267377
2096,7465,"Feature_Vector: [1.0, 1.0, 0.0, 0.26092013716697693, 0.0]","Feature_Vector: [1.0, 1.0, 0.0, 0.3412986993789673, 0.0]",1,tweet_7465_363296
1633,1254,"Feature_Vector: [0.0, 0.0, 0.0, 0.39609792828559875, 0.0]","Feature_Vector: [0.0, 0.0, 0.0, 0.49408355355262756, 0.0]",1,tweet_1254_781502
6611,6611,"Feature_Vector: [1.0, 1.0, 0.0, 0.4385036826133728, 0.0]","Feature_Vector: [1.0, 1.0, 0.0, 0.4385036826133728, 0.0]",1,tweet_6611_720237
293,7707,"Feature_Vector: [1.0, 0.0, 0.0, 0.3339173197746277, 0.0]","Feature_Vector: [1.0, 1.0, 0.0, 0.2506343722343445, 0.0]",2,tweet_7707_1226955
2360,2605,"Feature_Vector: [1.0, 1.0, 0.0, 0.34817954897880554, 0.0]","Feature_Vector: [1.0, 1.0, 0.0, 0.2723917067050934, 0.0]",3,tweet_2605_1113800
1800,9886,"Feature_Vector: [1.0, 1.0, 0.0, 0.37279361486434937, 0.0]","Feature_Vector: [1.0, 1.0, 0.0, 0.2250405102968216, 0.0]",3,tweet_9886_1100704
8470,2102,"Feature_Vector: [1.0, 1.0, 0.0, 0.2691405415534973, 0.0]","Feature_Vector: [1.0, 1.0, 0.0, 0.3559771478176117, 0.0]",1,tweet_2102_592547
932,9782,"Feature_Vector: [1.0, 1.0, 0.0, 0.35116153955459595, 0.0]","Feature_Vector: [1.0, 1.0, 0.0, 0.4398416578769684, 0.0]",1,tweet_9782_319809
9547,4830,"Feature_Vector: [1.0, 1.0, 0.0, 0.3969973921775818, 0.0]","Feature_Vector: [1.0, 0.0, 1.0, 0.7055684924125671, 0.0]",1,tweet_4830_1042164
7539,7539,"Feature_Vector: [0.0, 0.0, 0.0, 0.5753263831138611, 0.0]","Feature_Vector: [0.0, 0.0, 0.0, 0.5753263831138611, 0.0]",1,tweet_7539_1028347
1781,3898,"Feature_Vector: [1.0, 1.0, 0.0, 0.3288428485393524, 0.0]","Feature_Vector: [1.0, 1.0, 0.0, 0.35729509592056274, 0.0]",3,tweet_3898_1099873
3544,3544,"Feature_Vector: [1.0, 0.0, 0.0, 0.4866427481174469, 0.0]","Feature_Vector: [1.0, 0.0, 0.0, 0.4866427481174469, 0.0]",1,tweet_3544_826185
4154,9880,"Feature_Vector: [1.0, 1.0, 0.0, 0.28416216373443604, 0.0]","Feature_Vector: [1.0, 1.0, 0.0, 0.34817954897880554, 0.0]",1,tweet_9880_439394
3274,5241,"Feature_Vector: [1.0, 1.0, 0.0, 0.2779734432697296, 0.0]","Feature_Vector: [0.0, 0.0, 0.0, 0.5940559506416321, 0.0]",1,tweet_5241_408829
5300,8104,"Feature_Vector: [1.0, 1.0, 0.0, 0.34049466252326965, 0.0]","Feature_Vector: [1.0, 1.0, 0.0, 0.5237593054771423, 0.0]",1,tweet_8104_483650
2360,8867,"Feature_Vector: [1.0, 1.0, 0.0, 0.34817954897880554, 0.0]","Feature_Vector: [0.0, 0.0, 0.0, 0.6081048250198364, 0.0]",1,tweet_8867_374204
3593,3593,"Feature_Vector: [1.0, 1.0, 0.0, 0.25866320729255676, 0.0]","Feature_Vector: [1.0, 1.0, 0.0, 0.25866320729255676, 0.0]",1,tweet_3593_827421
8366,1494,"Feature_Vector: [0.0, 0.0, 1.0, 0.6133937239646912, 0.0]","Feature_Vector: [0.0, 0.0, 1.0, 0.606764554977417, 0.0]",1,tweet_1494_588329
1984,6661,"Feature_Vector: [0.0, 0.0, 1.0, 0.7161551713943481, 0.0]","Feature_Vector: [1.0, 1.0, 0.0, 0.399042010307312, 0.0]",2,tweet_6661_1278675
999,1672,"Feature_Vector: [1.0, 1.0, 0.0, 0.40705132484436035, 0.0]","Feature_Vector: [1.0, 1.0, 0.0, 0.3914267420768738, 0.0]",1,tweet_1672_25508
6603,3892,"Feature_Vector: [0.0, 0.0, 0.0, 0.25631222128868103, 0.0]","Feature_Vector: [0.0, 0.0, 0.0, 0.5330501794815063, 0.0]",1,tweet_3892_720141
242,6049,"Feature_Vector: [1.0, 1.0, 0.0, 0.4232395589351654, 0.0]","Feature_Vector: [1.0, 1.0, 0.0, 0.25259116291999817, 1.0]",4,tweet_6049_1055124
4666,4666,"Feature_Vector: [1.0, 1.0, 0.0, 0.4129164218902588, 0.0]","Feature_Vector: [1.0, 1.0, 0.0, 0.4129164218902588, 0.0]",1,tweet_4666_852984
4807,3082,"Feature_Vector: [1.0, 1.0, 0.0, 0.296604186296463, 0.0]","Feature_Vector: [1.0, 0.0, 1.0, 0.5919924974441528, 0.0]",1,tweet_3082_702692
3051,7701,"Feature_Vector: [1.0, 1.0, 0.0, 0.22907190024852753, 0.0]","Feature_Vector: [1.0, 1.0, 0.0, 0.37347468733787537, 0.0]",3,tweet_7701_1130565
383,5123,"Feature_Vector: [1.0, 0.0, 0.0, 0.40179452300071716, 0.0]","Feature_Vector: [1.0, 1.0, 0.0, 0.4174751937389374, 0.0]",2,tweet_5123_1230136
369,9301,"Feature_Vector: [0.0, 0.0, 0.0, 0.3586808145046234, 0.0]","Feature_Vector: [1.0, 1.0, 0.0, 0.5602076649665833, 0.0]",1,tweet_9301_973662
4890,7404,"Feature_Vector: [1.0, 1.0, 0.0, 0.24996672570705414, 0.0]","Feature_Vector: [1.0, 1.0, 0.0, 0.10108299553394318, 0.0]",2,tweet_7404_1337716
7129,9671,"Feature_Vector: [1.0, 1.0, 0.0, 0.48933982849121094, 0.0]","Feature_Vector: [1.0, 1.0, 0.0, 0.3011198341846466, 0.0]",3,tweet_9671_1201563
6463,8290,"Feature_Vector: [1.0, 1.0, 0.0, 0.36990389227867126, 0.0]","Feature_Vector: [1.0, 1.0, 0.0, 0.25808456540107727, 0.0]",3,tweet_8290_1194561
3277,9526,"Feature_Vector: [1.0, 1.0, 0.0, 0.3410319685935974, 0.0]","Feature_Vector: [0.0, 0.0, 0.0, 0.4491249620914459, 0.0]",1,tweet_9526_408976
828,2735,"Feature_Vector: [1.0, 1.0, 0.0, 0.3780250549316406, 0.0]","Feature_Vector: [1.0, 1.0, 0.0, 0.2506343722343445, 0.0]",2,tweet_2735_1244735
5525,7055,"Feature_Vector: [1.0, 1.0, 0.0, 0.44605177640914917, 0.0]","Feature_Vector: [1.0, 1.0, 0.0, 0.3675307333469391, 0.0]",1,tweet_7055_490253
4667,7178,"Feature_Vector: [0.0, 0.0, 0.0, 0.32044973969459534, 0.0]","Feature_Vector: [1.0, 0.0, 0.0, 0.49253708124160767, 0.0]",1,tweet_7178_458319
9065,9065,"Feature_Vector: [1.0, 1.0, 0.0, 0.3630985915660858, 0.0]","Feature_Vector: [1.0, 1.0, 0.0, 0.3630985915660858, 0.0]",1,tweet_9065_742709
4319,7277,"Feature_Vector: [1.0, 1.0, 0.0, 0.3706205487251282, 0.0]","Feature_Vector: [1.0, 1.0, 0.0, 0.4428894519805908, 0.0]",3,tweet_7277_1157992
7831,7831,"Feature_Vector: [1.0, 1.0, 0.0, 0.43074944615364075, 0.0]","Feature_Vector: [1.0, 1.0, 0.0, 0.43074944615364075, 0.0]",1,tweet_7831_917760
1805,9513,"Feature_Vector: [1.0, 1.0, 0.0, 0.3516066372394562, 0.0]","Feature_Vector: [1.0, 1.0, 0.0, 0.4159371256828308, 0.0]",3,tweet_9513_1101155
4825,3380,"Feature_Vector: [1.0, 1.0, 0.0, 0.3631889522075653, 0.0]","Feature_Vector: [1.0, 1.0, 0.0, 0.39065542817115784, 0.0]",1,tweet_3380_462912
4170,7367,"Feature_Vector: [0.0, 0.0, 0.0, 0.4016121029853821, 0.0]","Feature_Vector: [1.0, 0.0, 1.0, 0.5877307653427124, 0.0]",1,tweet_7367_439852
5047,7379,"Feature_Vector: [1.0, 1.0, 0.0, 0.3984653651714325, 0.0]","Feature_Vector: [1.0, 1.0, 0.0, 0.45657944679260254, 0.0]",1,tweet_7379_142605
8593,9300,"Feature_Vector: [1.0, 0.0, 0.0, 0.4117835462093353, 0.0]","Feature_Vector: [1.0, 0.0, 1.0, 0.7272517681121826, 0.0]",1,tweet_9300_596419
9353,3113,"Feature_Vector: [1.0, 0.0, 0.0, 0.4432618319988251, 0.0]","Feature_Vector: [1.0, 1.0, 0.0, 0.5889684557914734, 0.0]",1,tweet_3113_257975
1792,8826,"Feature_Vector: [1.0, 1.0, 0.0, 0.16306175291538239, 0.0]","Feature_Vector: [1.0, 1.0, 0.0, 0.24650456011295319, 0.0]",3,tweet_8826_1100415
8141,5887,"Feature_Vector: [1.0, 1.0, 0.0, 0.43074944615364075, 0.0]","Feature_Vector: [1.0, 1.0, 0.0, 0.3489980101585388, 0.0]",1,tweet_5887_226937
9292,9976,"Feature_Vector: [0.0, 0.0, 0.0, 0.29327577352523804, 0.0]","Feature_Vector: [1.0, 1.0, 0.0, 0.5263208746910095, 0.0]",1,tweet_9976_744619
2520,2520,"Feature_Vector: [1.0, 1.0, 0.0, 0.37597593665122986, 0.0]","Feature_Vector: [1.0, 1.0, 0.0, 0.37597593665122986, 0.0]",1,tweet_2520_804979
9912,356,"Feature_Vector: [1.0, 1.0, 0.0, 0.37140628695487976, 0.0]","Feature_Vector: [1.0, 1.0, 0.0, 0.31349119544029236, 0.0]",1,tweet_356_278064
2367,2367,"Feature_Vector: [1.0, 1.0, 0.0, 0.5344723463058472, 0.0]","Feature_Vector: [1.0, 1.0, 0.0, 0.5344723463058472, 0.0]",1,tweet_2367_801157
9884,4267,"Feature_Vector: [1.0, 1.0, 0.0, 0.36487841606140137, 0.0]","Feature_Vector: [1.0, 1.0, 0.0, 0.4675308167934418, 0.0]",1,tweet_4267_645832
4208,4869,"Feature_Vector: [1.0, 1.0, 0.0, 0.3217816948890686, 0.0]","Feature_Vector: [1.0, 1.0, 0.0, 0.41525977849960327, 0.0]",3,tweet_4869_1156040
24,6589,"Feature_Vector: [1.0, 0.0, 0.0, 0.3395419120788574, 0.0]","Feature_Vector: [0.0, 0.0, 0.0, 0.43632426857948303, 0.0]",1,tweet_6589_288694
6512,1729,"Feature_Vector: [1.0, 1.0, 0.0, 0.4521700143814087, 0.0]","Feature_Vector: [1.0, 1.0, 1.0, 0.5922421813011169, 0.0]",1,tweet_1729_527065
7471,6017,"Feature_Vector: [1.0, 1.0, 0.0, 0.4045925736427307, 0.0]","Feature_Vector: [0.0, 0.0, 0.0, 0.4538053572177887, 0.0]",1,tweet_6017_559049
7831,7831,"Feature_Vector: [1.0, 1.0, 0.0, 0.43074944615364075, 0.0]","Feature_Vector: [1.0, 1.0, 0.0, 0.43074944615364075, 0.0]",1,tweet_7831_917763
1378,3632,"Feature_Vector: [1.0, 1.0, 0.0, 0.29630959033966064, 0.0]","Feature_Vector: [1.0, 0.0, 1.0, 1.0, 0.0]",1,tweet_3632_776387
10047,10047,"Feature_Vector: [1.0, 1.0, 0.0, 0.31327295303344727, 0.0]","Feature_Vector: [1.0, 1.0, 0.0, 0.31327295303344727, 0.0]",1,tweet_10047_970461
6978,2500,"Feature_Vector: [1.0, 1.0, 0.0, 0.33912861347198486, 0.0]","Feature_Vector: [1.0, 1.0, 0.0, 0.4847284257411957, 0.0]",1,tweet_2500_195727
9765,3760,"Feature_Vector: [1.0, 1.0, 0.0, 0.3954392671585083, 0.0]","Feature_Vector: [1.0, 1.0, 0.0, 0.34182843565940857, 0.0]",1,tweet_3760_640008
10176,2006,"Feature_Vector: [1.0, 1.0, 0.0, 0.25631222128868103, 0.0]","Feature_Vector: [1.0, 1.0, 0.0, 0.5827939510345459, 0.0]",1,tweet_2006_655164
1742,7723,"Feature_Vector: [1.0, 1.0, 0.0, 0.48030951619148254, 0.0]","Feature_Vector: [1.0, 1.0, 1.0, 0.709007740020752, 0.0]",1,tweet_7723_351329
9957,6954,"Feature_Vector: [1.0, 1.0, 0.0, 0.4231460690498352, 0.0]","Feature_Vector: [1.0, 1.0, 0.0, 0.4348737895488739, 0.0]",1,tweet_6954_648241
6555,9547,"Feature_Vector: [1.0, 1.0, 0.0, 0.4464039206504822, 0.0]","Feature_Vector: [1.0, 1.0, 0.0, 0.3969973921775818, 0.0]",1,tweet_9547_528097
7635,7635,"Feature_Vector: [1.0, 1.0, 0.0, 0.40119946002960205, 0.0]","Feature_Vector: [1.0, 1.0, 0.0, 0.40119946002960205, 0.0]",1,tweet_7635_914048
2584,4175,"Feature_Vector: [1.0, 1.0, 0.0, 0.5331700444221497, 0.0]","Feature_Vector: [1.0, 0.0, 0.0, 0.5835127234458923, 0.0]",1,tweet_4175_382619
5097,5487,"Feature_Vector: [1.0, 1.0, 0.0, 0.5017120838165283, 0.0]","Feature_Vector: [1.0, 1.0, 0.0, 0.29327577352523804, 1.0]",3,tweet_5487_1341532
720,4621,"Feature_Vector: [0.0, 0.0, 0.0, 0.427755206823349, 0.0]","Feature_Vector: [1.0, 1.0, 0.0, 0.3656613826751709, 0.0]",3,tweet_4621_1068698
1983,2488,"Feature_Vector: [1.0, 1.0, 0.0, 0.3152073919773102, 0.0]","Feature_Vector: [1.0, 0.0, 0.0, 0.5978919267654419, 0.0]",1,tweet_2488_359384
6391,7140,"Feature_Vector: [1.0, 0.0, 0.0, 0.4673459231853485, 0.0]","Feature_Vector: [1.0, 0.0, 0.0, 0.685858428478241, 0.0]",1,tweet_7140_180647
5365,10165,"Feature_Vector: [0.0, 0.0, 0.0, 0.3441525101661682, 0.0]","Feature_Vector: [1.0, 0.0, 0.0, 0.4697991609573364, 0.0]",2,tweet_10165_1346430
5650,6180,"Feature_Vector: [1.0, 0.0, 0.0, 0.26866039633750916, 0.0]","Feature_Vector: [1.0, 1.0, 0.0, 0.039104241877794266, 0.0]",3,tweet_6180_1350766
4248,7631,"Feature_Vector: [1.0, 1.0, 0.0, 0.5995654463768005, 0.0]","Feature_Vector: [1.0, 1.0, 0.0, 0.16900572180747986, 0.0]",2,tweet_7631_1325558
4438,2324,"Feature_Vector: [1.0, 1.0, 0.0, 0.21720798313617706, 0.0]","Feature_Vector: [1.0, 1.0, 0.0, 0.3502606749534607, 0.0]",1,tweet_2324_1006791
1000,1655,"Feature_Vector: [1.0, 1.0, 0.0, 0.41011902689933777, 0.0]","Feature_Vector: [1.0, 1.0, 0.0, 0.32715868949890137, 0.0]",1,tweet_1655_321857
7635,7635,"Feature_Vector: [1.0, 1.0, 0.0, 0.40119946002960205, 0.0]","Feature_Vector: [1.0, 1.0, 0.0, 0.40119946002960205, 0.0]",1,tweet_7635_913288
839,2619,"Feature_Vector: [1.0, 1.0, 0.0, 0.27328720688819885, 0.0]","Feature_Vector: [1.0, 0.0, 1.0, 0.7432684302330017, 0.0]",1,tweet_2619_767253
2692,5413,"Feature_Vector: [1.0, 1.0, 0.0, 0.4325993061065674, 0.0]","Feature_Vector: [1.0, 1.0, 0.0, 0.3690154254436493, 0.0]",3,tweet_5413_1122405
1464,328,"Feature_Vector: [1.0, 1.0, 0.0, 0.32524609565734863, 0.0]","Feature_Vector: [1.0, 0.0, 1.0, 0.6683395504951477, 0.0]",1,tweet_328_339159
2054,9585,"Feature_Vector: [0.0, 0.0, 0.0, 0.38242849707603455, 0.0]","Feature_Vector: [1.0, 1.0, 0.0, 0.2907254993915558, 0.0]",3,tweet_9585_1280594
3444,814,"Feature_Vector: [1.0, 1.0, 0.0, 0.356079638004303, 0.0]","Feature_Vector: [1.0, 1.0, 0.0, 0.30895739793777466, 0.0]",1,tweet_814_95325
4507,4507,"Feature_Vector: [1.0, 0.0, 0.0, 0.5864585041999817, 0.0]","Feature_Vector: [1.0, 0.0, 0.0, 0.5864585041999817, 0.0]",1,tweet_4507_849416
7266,8938,"Feature_Vector: [1.0, 1.0, 0.0, 0.40528160333633423, 0.0]","Feature_Vector: [1.0, 1.0, 0.0, 0.4468768835067749, 0.0]",4,tweet_8938_1202697
2171,5534,"Feature_Vector: [0.0, 0.0, 0.0, 0.3595539927482605, 0.0]","Feature_Vector: [0.0, 0.0, 0.0, 0.6296940445899963, 0.0]",1,tweet_5534_793737
5241,5241,"Feature_Vector: [0.0, 0.0, 0.0, 0.5940559506416321, 0.0]","Feature_Vector: [0.0, 0.0, 0.0, 0.5940559506416321, 0.0]",1,tweet_5241_863177
4395,4869,"Feature_Vector: [1.0, 1.0, 0.0, 0.31768760085105896, 0.0]","Feature_Vector: [1.0, 1.0, 0.0, 0.41525977849960327, 0.0]",3,tweet_4869_1159667
483,5912,"Feature_Vector: [1.0, 1.0, 0.0, 0.3991852402687073, 0.0]","Feature_Vector: [1.0, 1.0, 0.0, 0.47838640213012695, 0.0]",3,tweet_5912_1061199
272,9528,"Feature_Vector: [1.0, 1.0, 0.0, 0.5056105256080627, 0.0]","Feature_Vector: [1.0, 1.0, 0.0, 0.375324547290802, 0.0]",3,tweet_9528_1056488
3644,9750,"Feature_Vector: [1.0, 1.0, 0.0, 0.28452733159065247, 0.0]","Feature_Vector: [1.0, 1.0, 0.0, 0.4316953420639038, 0.0]",3,tweet_9750_1314202
5246,9765,"Feature_Vector: [1.0, 1.0, 0.0, 0.31172114610671997, 0.0]","Feature_Vector: [1.0, 1.0, 0.0, 0.3954392671585083, 0.0]",1,tweet_9765_148774
9839,5758,"Feature_Vector: [1.0, 0.0, 0.0, 0.44060203433036804, 0.0]","Feature_Vector: [1.0, 0.0, 0.0, 0.4098038375377655, 0.0]",1,tweet_5758_275336
4620,4815,"Feature_Vector: [1.0, 0.0, 0.0, 0.30192771553993225, 0.0]","Feature_Vector: [0.0, 0.0, 0.0, 0.3431313931941986, 0.0]",3,tweet_4815_1332664
8846,2660,"Feature_Vector: [1.0, 1.0, 0.0, 0.3003002405166626, 1.0]","Feature_Vector: [1.0, 1.0, 0.0, 0.3427436351776123, 0.0]",1,tweet_2660_605050
7369,1435,"Feature_Vector: [1.0, 0.0, 0.0, 0.4846026599407196, 0.0]","Feature_Vector: [0.0, 0.0, 0.0, 0.44878944754600525, 0.0]",1,tweet_1435_727780
1872,1872,"Feature_Vector: [1.0, 1.0, 0.0, 0.36237064003944397, 0.0]","Feature_Vector: [1.0, 1.0, 0.0, 0.36237064003944397, 0.0]",1,tweet_1872_789105
4953,6332,"Feature_Vector: [1.0, 1.0, 0.0, 0.4879035949707031, 0.0]","Feature_Vector: [1.0, 1.0, 0.0, 0.4415101408958435, 0.0]",1,tweet_6332_469942
1407,4230,"Feature_Vector: [1.0, 1.0, 0.0, 0.18996766209602356, 1.0]","Feature_Vector: [1.0, 1.0, 0.0, 0.44920361042022705, 0.0]",3,tweet_4230_1088795
7104,4335,"Feature_Vector: [0.0, 0.0, 0.0, 0.3478250801563263, 0.0]","Feature_Vector: [1.0, 0.0, 1.0, 0.6169676184654236, 0.0]",1,tweet_4335_546165
710,9744,"Feature_Vector: [1.0, 1.0, 0.0, 0.4293700158596039, 0.0]","Feature_Vector: [1.0, 1.0, 0.0, 0.45268961787223816, 0.0]",3,tweet_9744_1068455
9631,7552,"Feature_Vector: [1.0, 1.0, 0.0, 0.44967326521873474, 0.0]","Feature_Vector: [1.0, 1.0, 0.0, 0.39549019932746887, 1.0]",1,tweet_7552_635138
4397,6455,"Feature_Vector: [1.0, 1.0, 0.0, 0.30752304196357727, 0.0]","Feature_Vector: [1.0, 1.0, 0.0, 0.22181588411331177, 0.0]",3,tweet_6455_1159911
923,9686,"Feature_Vector: [1.0, 1.0, 0.0, 0.40206706523895264, 0.0]","Feature_Vector: [0.0, 0.0, 0.0, 0.3427436351776123, 0.0]",3,tweet_9686_1074875
643,643,"Feature_Vector: [0.0, 0.0, 1.0, 0.6559633016586304, 0.0]","Feature_Vector: [0.0, 0.0, 1.0, 0.6559633016586304, 0.0]",1,tweet_643_763879
1828,3049,"Feature_Vector: [1.0, 1.0, 0.0, 0.34169647097587585, 0.0]","Feature_Vector: [1.0, 1.0, 0.0, 0.49255532026290894, 0.0]",1,tweet_3049_788192
6030,9484,"Feature_Vector: [1.0, 1.0, 0.0, 0.3585829436779022, 0.0]","Feature_Vector: [1.0, 1.0, 0.0, 0.3816530108451843, 0.0]",2,tweet_9484_1188389
2712,8540,"Feature_Vector: [1.0, 1.0, 0.0, 0.28525060415267944, 0.0]","Feature_Vector: [1.0, 1.0, 1.0, 0.6127685308456421, 0.0]",1,tweet_8540_681493
3678,8322,"Feature_Vector: [1.0, 1.0, 0.0, 0.3630081117153168, 0.0]","Feature_Vector: [1.0, 1.0, 0.0, 0.2250405102968216, 0.0]",1,tweet_8322_422781
2948,5944,"Feature_Vector: [0.0, 0.0, 1.0, 0.5202063322067261, 0.0]","Feature_Vector: [1.0, 1.0, 1.0, 0.6163211464881897, 0.0]",1,tweet_5944_995450
2741,7770,"Feature_Vector: [1.0, 1.0, 0.0, 0.2472141981124878, 1.0]","Feature_Vector: [1.0, 1.0, 0.0, 0.43354088068008423, 0.0]",1,tweet_7770_388365
7331,106,"Feature_Vector: [1.0, 1.0, 0.0, 0.2646647095680237, 0.0]","Feature_Vector: [0.0, 0.0, 1.0, 0.7920801639556885, 0.0]",1,tweet_106_908198
4000,10186,"Feature_Vector: [1.0, 0.0, 0.0, 0.3633691668510437, 0.0]","Feature_Vector: [1.0, 1.0, 0.0, 0.2758914530277252, 0.0]",3,tweet_10186_1321179
7802,1392,"Feature_Vector: [1.0, 1.0, 0.0, 0.2328343242406845, 1.0]","Feature_Vector: [1.0, 1.0, 0.0, 0.3184906840324402, 0.0]",1,tweet_1392_568623
9811,4393,"Feature_Vector: [1.0, 1.0, 0.0, 0.44920361042022705, 0.0]","Feature_Vector: [1.0, 1.0, 0.0, 0.3609798848628998, 0.0]",1,tweet_4393_274343
375,3711,"Feature_Vector: [1.0, 1.0, 0.0, 0.1838071197271347, 0.0]","Feature_Vector: [1.0, 1.0, 0.0, 0.22398598492145538, 0.0]",2,tweet_3711_1058398
9350,9301,"Feature_Vector: [1.0, 1.0, 0.0, 0.29137393832206726, 0.0]","Feature_Vector: [1.0, 1.0, 0.0, 0.5602076649665833, 0.0]",1,tweet_9301_947874
8721,10043,"Feature_Vector: [1.0, 1.0, 0.0, 0.43620067834854126, 0.0]","Feature_Vector: [1.0, 1.0, 0.0, 0.2741687297821045, 0.0]",3,tweet_10043_1212474
6208,8956,"Feature_Vector: [1.0, 1.0, 0.0, 0.296604186296463, 0.0]","Feature_Vector: [1.0, 1.0, 0.0, 0.4347723722457886, 0.0]",1,tweet_8956_515898
1438,3156,"Feature_Vector: [1.0, 1.0, 0.0, 0.32867667078971863, 0.0]","Feature_Vector: [1.0, 1.0, 0.0, 0.33715879917144775, 0.0]",1,tweet_3156_337558
2986,9782,"Feature_Vector: [1.0, 1.0, 0.0, 0.39299169182777405, 0.0]","Feature_Vector: [1.0, 1.0, 0.0, 0.4398416578769684, 0.0]",1,tweet_9782_82198
96,6433,"Feature_Vector: [1.0, 1.0, 0.0, 0.27958542108535767, 0.0]","Feature_Vector: [0.0, 0.0, 0.0, 0.43510133028030396, 0.0]",1,tweet_6433_291719
4633,6118,"Feature_Vector: [1.0, 1.0, 0.0, 0.46397024393081665, 0.0]","Feature_Vector: [1.0, 1.0, 0.0, 0.34722936153411865, 0.0]",1,tweet_6118_455924
1025,1535,"Feature_Vector: [1.0, 1.0, 0.0, 0.3615403175354004, 0.0]","Feature_Vector: [1.0, 1.0, 0.0, 0.4402576684951782, 0.0]",1,tweet_1535_25943
1541,3635,"Feature_Vector: [1.0, 1.0, 0.0, 0.27673348784446716, 0.0]","Feature_Vector: [1.0, 1.0, 0.0, 0.3184906840324402, 0.0]",3,tweet_3635_1092623
2424,6385,"Feature_Vector: [1.0, 1.0, 0.0, 0.36390647292137146, 0.0]","Feature_Vector: [1.0, 1.0, 0.0, 0.3024599552154541, 0.0]",1,tweet_6385_376980
7951,10193,"Feature_Vector: [1.0, 1.0, 0.0, 0.2894057631492615, 0.0]","Feature_Vector: [0.0, 0.0, 0.0, 0.47165074944496155, 0.0]",1,tweet_10193_1030728
2923,3765,"Feature_Vector: [1.0, 1.0, 0.0, 0.32999253273010254, 0.0]","Feature_Vector: [1.0, 1.0, 0.0, 0.32159334421157837, 0.0]",3,tweet_3765_1126794
9953,9953,"Feature_Vector: [1.0, 1.0, 0.0, 0.13527844846248627, 0.0]","Feature_Vector: [1.0, 1.0, 0.0, 0.13527844846248627, 0.0]",1,tweet_9953_964813
6786,6191,"Feature_Vector: [1.0, 1.0, 0.0, 0.43137282133102417, 0.0]","Feature_Vector: [1.0, 1.0, 0.0, 0.3746655583381653, 0.0]",1,tweet_6191_535159
3544,276,"Feature_Vector: [1.0, 0.0, 0.0, 0.4866427481174469, 0.0]","Feature_Vector: [1.0, 1.0, 0.0, 0.3408981263637543, 0.0]",1,tweet_276_98148
2943,5786,"Feature_Vector: [1.0, 1.0, 0.0, 0.20950300991535187, 0.0]","Feature_Vector: [1.0, 1.0, 0.0, 0.28973859548568726, 0.0]",3,tweet_5786_1299900
2355,2908,"Feature_Vector: [1.0, 1.0, 0.0, 0.2859647274017334, 0.0]","Feature_Vector: [1.0, 1.0, 0.0, 0.4058777093887329, 0.0]",1,tweet_2908_374031
5871,5871,"Feature_Vector: [1.0, 1.0, 0.0, 0.486001580953598, 0.0]","Feature_Vector: [1.0, 1.0, 0.0, 0.486001580953598, 0.0]",1,tweet_5871_878784
861,9342,"Feature_Vector: [1.0, 1.0, 0.0, 0.2728412449359894, 0.0]","Feature_Vector: [1.0, 1.0, 0.0, 0.34698930382728577, 0.0]",1,tweet_9342_22299
3475,4027,"Feature_Vector: [1.0, 1.0, 0.0, 0.32783839106559753, 0.0]","Feature_Vector: [1.0, 1.0, 0.0, 0.3993281424045563, 0.0]",3,tweet_4027_1139283
3714,10064,"Feature_Vector: [1.0, 1.0, 1.0, 0.5966011881828308, 0.0]","Feature_Vector: [1.0, 1.0, 0.0, 0.44487595558166504, 0.0]",1,tweet_10064_104286
6285,9999,"Feature_Vector: [1.0, 1.0, 0.0, 0.325949102640152, 0.0]","Feature_Vector: [1.0, 1.0, 0.0, 0.18593627214431763, 1.0]",3,tweet_9999_1192466
3579,4368,"Feature_Vector: [1.0, 1.0, 0.0, 0.2779734432697296, 0.0]","Feature_Vector: [1.0, 0.0, 0.0, 0.424835741519928, 0.0]",1,tweet_4368_827269
9631,8141,"Feature_Vector: [1.0, 1.0, 0.0, 0.44967326521873474, 0.0]","Feature_Vector: [1.0, 1.0, 0.0, 0.43074944615364075, 0.0]",1,tweet_8141_635158
7243,7243,"Feature_Vector: [1.0, 1.0, 0.0, 0.5445482134819031, 0.0]","Feature_Vector: [1.0, 1.0, 0.0, 0.5445482134819031, 0.0]",1,tweet_7243_906102
5912,2395,"Feature_Vector: [1.0, 1.0, 0.0, 0.47838640213012695, 0.0]","Feature_Vector: [0.0, 0.0, 0.0, 0.48408618569374084, 0.0]",1,tweet_2395_713778
7496,2046,"Feature_Vector: [1.0, 1.0, 0.0, 0.36069756746292114, 0.0]","Feature_Vector: [1.0, 1.0, 0.0, 0.3162540793418884, 0.0]",1,tweet_2046_210332
931,1083,"Feature_Vector: [1.0, 0.0, 0.0, 0.5119370818138123, 0.0]","Feature_Vector: [1.0, 1.0, 0.0, 0.2681761384010315, 0.0]",3,tweet_1083_1248146
3736,3736,"Feature_Vector: [0.0, 0.0, 0.0, 0.6534807682037354, 0.0]","Feature_Vector: [0.0, 0.0, 0.0, 0.6534807682037354, 0.0]",1,tweet_3736_1002789
4601,7035,"Feature_Vector: [1.0, 0.0, 1.0, 0.4790964722633362, 0.0]","Feature_Vector: [1.0, 1.0, 1.0, 0.4686276614665985, 0.0]",1,tweet_7035_454305
601,710,"Feature_Vector: [1.0, 1.0, 0.0, 0.3000243604183197, 0.0]","Feature_Vector: [1.0, 1.0, 0.0, 0.4293700158596039, 0.0]",3,tweet_710_1065941
3327,10064,"Feature_Vector: [1.0, 1.0, 0.0, 0.5032330751419067, 0.0]","Feature_Vector: [1.0, 1.0, 0.0, 0.44487595558166504, 0.0]",1,tweet_10064_92942
24,3028,"Feature_Vector: [1.0, 0.0, 0.0, 0.3395419120788574, 0.0]","Feature_Vector: [0.0, 0.0, 0.0, 0.4539681077003479, 0.0]",1,tweet_3028_288709
841,7971,"Feature_Vector: [1.0, 1.0, 0.0, 0.2328343242406845, 1.0]","Feature_Vector: [1.0, 0.0, 0.0, 0.4395392835140228, 0.0]",3,tweet_7971_1245323
2313,6303,"Feature_Vector: [1.0, 1.0, 0.0, 0.4022480249404907, 0.0]","Feature_Vector: [1.0, 1.0, 0.0, 0.45841148495674133, 0.0]",1,tweet_6303_800286
4699,1213,"Feature_Vector: [1.0, 1.0, 0.0, 0.3331539034843445, 0.0]","Feature_Vector: [1.0, 1.0, 0.0, 0.3689339756965637, 0.0]",1,tweet_1213_459983
2158,4699,"Feature_Vector: [1.0, 1.0, 0.0, 0.38463127613067627, 0.0]","Feature_Vector: [1.0, 1.0, 0.0, 0.3331539034843445, 0.0]",1,tweet_4699_58628
9678,9678,"Feature_Vector: [1.0, 1.0, 1.0, 0.5225569009780884, 0.0]","Feature_Vector: [1.0, 1.0, 1.0, 0.5225569009780884, 0.0]",1,tweet_9678_955757
7654,5972,"Feature_Vector: [1.0, 1.0, 0.0, 0.1838071197271347, 0.0]","Feature_Vector: [0.0, 0.0, 1.0, 0.7603167295455933, 0.0]",1,tweet_5972_730472
6201,4093,"Feature_Vector: [1.0, 0.0, 0.0, 0.3502606749534607, 0.0]","Feature_Vector: [1.0, 1.0, 0.0, 0.309192955493927, 0.0]",1,tweet_4093_175406
7769,7978,"Feature_Vector: [1.0, 0.0, 0.0, 0.6097517609596252, 0.0]","Feature_Vector: [1.0, 1.0, 0.0, 0.5891216397285461, 0.0]",2,tweet_7978_1375588
7701,8589,"Feature_Vector: [1.0, 1.0, 0.0, 0.37347468733787537, 0.0]","Feature_Vector: [1.0, 1.0, 0.0, 0.42984282970428467, 0.0]",1,tweet_8589_215265
9953,9953,"Feature_Vector: [1.0, 1.0, 0.0, 0.13527844846248627, 0.0]","Feature_Vector: [1.0, 1.0, 0.0, 0.13527844846248627, 0.0]",1,tweet_9953_966638
5913,6085,"Feature_Vector: [1.0, 1.0, 0.0, 0.39734333753585815, 0.0]","Feature_Vector: [0.0, 0.0, 0.0, 0.46936097741127014, 0.0]",1,tweet_6085_881245
3646,3646,"Feature_Vector: [1.0, 1.0, 0.0, 0.4886994957923889, 0.0]","Feature_Vector: [1.0, 1.0, 0.0, 0.4886994957923889, 0.0]",1,tweet_3646_830675
5176,5099,"Feature_Vector: [1.0, 1.0, 0.0, 0.4202014207839966, 0.0]","Feature_Vector: [1.0, 1.0, 1.0, 0.6446264982223511, 0.0]",1,tweet_5099_706519
6710,3848,"Feature_Vector: [1.0, 1.0, 0.0, 0.4343392848968506, 0.0]","Feature_Vector: [1.0, 1.0, 0.0, 0.4702474772930145, 0.0]",1,tweet_3848_894175
1535,1459,"Feature_Vector: [1.0, 1.0, 0.0, 0.4402576684951782, 0.0]","Feature_Vector: [1.0, 1.0, 0.0, 0.39604753255844116, 0.0]",1,tweet_1459_343453
8686,9338,"Feature_Vector: [1.0, 1.0, 0.0, 0.38722485303878784, 0.0]","Feature_Vector: [1.0, 1.0, 0.0, 0.42182081937789917, 0.0]",1,tweet_9338_599686
2173,7435,"Feature_Vector: [1.0, 1.0, 0.0, 0.34638461470603943, 0.0]","Feature_Vector: [1.0, 1.0, 0.0, 0.4266816973686218, 0.0]",1,tweet_7435_366110
8818,7838,"Feature_Vector: [1.0, 1.0, 0.0, 0.516193151473999, 0.0]","Feature_Vector: [0.0, 0.0, 1.0, 0.5069748163223267, 0.0]",1,tweet_7838_936363
1685,4755,"Feature_Vector: [1.0, 1.0, 0.0, 0.4553065299987793, 0.0]","Feature_Vector: [1.0, 1.0, 0.0, 0.5802642703056335, 0.0]",1,tweet_4755_349255
8777,7006,"Feature_Vector: [1.0, 0.0, 0.0, 0.5656849145889282, 0.0]","Feature_Vector: [1.0, 0.0, 1.0, 0.5962151288986206, 0.0]",1,tweet_7006_1036531
3775,9334,"Feature_Vector: [1.0, 0.0, 0.0, 0.32064196467399597, 0.0]","Feature_Vector: [1.0, 1.0, 0.0, 0.10108299553394318, 0.0]",2,tweet_9334_1316937
3545,2108,"Feature_Vector: [1.0, 1.0, 0.0, 0.37488609552383423, 0.0]","Feature_Vector: [1.0, 0.0, 1.0, 0.5527974963188171, 0.0]",1,tweet_2108_418477
1252,6780,"Feature_Vector: [1.0, 0.0, 0.0, 0.2250405102968216, 0.0]","Feature_Vector: [1.0, 1.0, 0.0, 0.4892529249191284, 0.0]",1,tweet_6780_330677
4602,9762,"Feature_Vector: [1.0, 0.0, 1.0, 0.7039992809295654, 0.0]","Feature_Vector: [0.0, 0.0, 0.0, 0.28230011463165283, 0.0]",2,tweet_9762_1332451
1724,5663,"Feature_Vector: [1.0, 1.0, 0.0, 0.3647029399871826, 0.0]","Feature_Vector: [1.0, 1.0, 0.0, 0.4322553873062134, 0.0]",1,tweet_5663_672111
1028,8540,"Feature_Vector: [1.0, 1.0, 0.0, 0.3555653691291809, 0.0]","Feature_Vector: [1.0, 1.0, 1.0, 0.6127685308456421, 0.0]",1,tweet_8540_665198
3831,6644,"Feature_Vector: [0.0, 0.0, 0.0, 0.3554619550704956, 0.0]","Feature_Vector: [1.0, 1.0, 0.0, 0.3227142095565796, 0.0]",2,tweet_6644_1317916
9539,9539,"Feature_Vector: [1.0, 1.0, 0.0, 0.5386404991149902, 0.0]","Feature_Vector: [1.0, 1.0, 0.0, 0.5386404991149902, 0.0]",1,tweet_9539_951988
59,9022,"Feature_Vector: [1.0, 0.0, 0.0, 0.5562865734100342, 0.0]","Feature_Vector: [1.0, 0.0, 0.0, 0.24860724806785583, 0.0]",2,tweet_9022_1219252
255,8741,"Feature_Vector: [0.0, 0.0, 0.0, 0.456974595785141, 0.0]","Feature_Vector: [1.0, 0.0, 0.0, 0.42717745900154114, 0.0]",1,tweet_8741_7105
6449,3550,"Feature_Vector: [1.0, 1.0, 0.0, 0.3478250801563263, 0.0]","Feature_Vector: [1.0, 1.0, 0.0, 0.4441499412059784, 0.0]",1,tweet_3550_524410
8636,4809,"Feature_Vector: [0.0, 0.0, 0.0, 0.3584849238395691, 0.0]","Feature_Vector: [1.0, 1.0, 0.0, 0.24996672570705414, 1.0]",1,tweet_4809_239029
1333,1333,"Feature_Vector: [1.0, 1.0, 0.0, 0.30504825711250305, 0.0]","Feature_Vector: [1.0, 1.0, 0.0, 0.30504825711250305, 0.0]",1,tweet_1333_980485
9561,4702,"Feature_Vector: [1.0, 1.0, 0.0, 0.2472141981124878, 0.0]","Feature_Vector: [1.0, 1.0, 0.0, 0.36479073762893677, 0.0]",1,tweet_4702_747714
8618,3393,"Feature_Vector: [1.0, 1.0, 0.0, 0.20810995995998383, 0.0]","Feature_Vector: [0.0, 0.0, 0.0, 0.46129104495048523, 0.0]",1,tweet_3393_597081
7789,9613,"Feature_Vector: [1.0, 1.0, 0.0, 0.3254226744174957, 0.0]","Feature_Vector: [0.0, 0.0, 0.0, 0.22291137278079987, 0.0]",2,tweet_9613_1375822
4158,10193,"Feature_Vector: [1.0, 1.0, 0.0, 0.2887341380119324, 0.0]","Feature_Vector: [0.0, 0.0, 0.0, 0.47165074944496155, 0.0]",1,tweet_10193_439690
1133,2158,"Feature_Vector: [1.0, 1.0, 0.0, 0.35709431767463684, 0.0]","Feature_Vector: [1.0, 1.0, 0.0, 0.38463127613067627, 0.0]",1,tweet_2158_28843
8709,4896,"Feature_Vector: [1.0, 1.0, 0.0, 0.33159536123275757, 0.0]","Feature_Vector: [1.0, 1.0, 0.0, 0.43439042568206787, 0.0]",1,tweet_4896_241347
3525,3525,"Feature_Vector: [1.0, 1.0, 0.0, 0.41964009404182434, 0.0]","Feature_Vector: [1.0, 1.0, 0.0, 0.41964009404182434, 0.0]",1,tweet_3525_1000555
9052,3315,"Feature_Vector: [1.0, 1.0, 0.0, 0.3974418044090271, 0.0]","Feature_Vector: [1.0, 1.0, 0.0, 0.41035425662994385, 0.0]",1,tweet_3315_250872
821,8660,"Feature_Vector: [0.0, 0.0, 0.0, 0.40193095803260803, 0.0]","Feature_Vector: [1.0, 1.0, 0.0, 0.5584698915481567, 0.0]",2,tweet_8660_1244574
7465,6624,"Feature_Vector: [1.0, 1.0, 0.0, 0.3412986993789673, 0.0]","Feature_Vector: [1.0, 1.0, 0.0, 0.35441717505455017, 0.0]",1,tweet_6624_558484
1901,1152,"Feature_Vector: [1.0, 1.0, 0.0, 0.3323800265789032, 0.0]","Feature_Vector: [1.0, 1.0, 0.0, 0.5033385753631592, 0.0]",1,tweet_1152_357689
2047,4335,"Feature_Vector: [1.0, 0.0, 0.0, 0.3241748809814453, 0.0]","Feature_Vector: [1.0, 0.0, 1.0, 0.6169676184654236, 0.0]",1,tweet_4335_361586
8365,1681,"Feature_Vector: [0.0, 0.0, 0.0, 0.3988983929157257, 0.0]","Feature_Vector: [1.0, 1.0, 0.0, 0.4343392848968506, 0.0]",1,tweet_1681_231939
541,7940,"Feature_Vector: [0.0, 0.0, 0.0, 0.4258257746696472, 0.0]","Feature_Vector: [1.0, 1.0, 0.0, 0.34710946679115295, 0.0]",3,tweet_7940_1063686
6449,4702,"Feature_Vector: [1.0, 1.0, 0.0, 0.3478250801563263, 0.0]","Feature_Vector: [1.0, 1.0, 0.0, 0.36479073762893677, 0.0]",1,tweet_4702_524514
4279,1053,"Feature_Vector: [1.0, 1.0, 0.0, 0.312391459941864, 0.0]","Feature_Vector: [1.0, 1.0, 0.0, 0.3024599552154541, 0.0]",1,tweet_1053_442232
9891,8104,"Feature_Vector: [1.0, 1.0, 0.0, 0.22291137278079987, 0.0]","Feature_Vector: [1.0, 1.0, 0.0, 0.5237593054771423, 0.0]",1,tweet_8104_1044150
8269,5042,"Feature_Vector: [1.0, 0.0, 0.0, 0.45623353123664856, 0.0]","Feature_Vector: [1.0, 1.0, 0.0, 0.5757200121879578, 0.0]",1,tweet_5042_230286
4470,9613,"Feature_Vector: [1.0, 1.0, 0.0, 0.25129419565200806, 0.0]","Feature_Vector: [0.0, 0.0, 0.0, 0.22291137278079987, 0.0]",2,tweet_9613_1329697
3217,10136,"Feature_Vector: [1.0, 1.0, 0.0, 0.3578931391239166, 0.0]","Feature_Vector: [1.0, 1.0, 0.0, 0.36237064003944397, 0.0]",1,tweet_10136_406081
6066,8389,"Feature_Vector: [1.0, 1.0, 0.0, 0.4276113212108612, 0.0]","Feature_Vector: [1.0, 1.0, 0.0, 0.37843987345695496, 0.0]",2,tweet_8389_1356336
2847,8703,"Feature_Vector: [1.0, 1.0, 0.0, 0.30376896262168884, 0.0]","Feature_Vector: [1.0, 1.0, 0.0, 0.35048723220825195, 0.0]",1,tweet_8703_78153
9626,10193,"Feature_Vector: [1.0, 1.0, 0.0, 0.3027241826057434, 0.0]","Feature_Vector: [0.0, 0.0, 0.0, 0.47165074944496155, 0.0]",1,tweet_10193_634605
2255,1307,"Feature_Vector: [1.0, 0.0, 0.0, 0.3773970603942871, 0.0]","Feature_Vector: [0.0, 0.0, 1.0, 0.6844823360443115, 0.0]",1,tweet_1307_61143
9258,6903,"Feature_Vector: [1.0, 1.0, 0.0, 0.44137483835220337, 0.0]","Feature_Vector: [1.0, 1.0, 0.0, 0.5009790658950806, 0.0]",1,tweet_6903_618686
3030,3030,"Feature_Vector: [1.0, 1.0, 0.0, 0.2887341380119324, 0.0]","Feature_Vector: [1.0, 1.0, 0.0, 0.2887341380119324, 0.0]",1,tweet_3030_812889
1378,5474,"Feature_Vector: [1.0, 1.0, 0.0, 0.29630959033966064, 0.0]","Feature_Vector: [1.0, 1.0, 0.0, 0.41604334115982056, 0.0]",1,tweet_5474_668569
3639,3639,"Feature_Vector: [1.0, 1.0, 0.0, 0.3891374468803406, 0.0]","Feature_Vector: [1.0, 1.0, 0.0, 0.3891374468803406, 0.0]",1,tweet_3639_829225
3240,8768,"Feature_Vector: [1.0, 1.0, 0.0, 0.37926048040390015, 0.0]","Feature_Vector: [1.0, 1.0, 0.0, 0.19894136488437653, 0.0]",3,tweet_8768_1134627
3571,4957,"Feature_Vector: [0.0, 0.0, 0.0, 0.30895739793777466, 0.0]","Feature_Vector: [1.0, 0.0, 1.0, 0.5693870782852173, 0.0]",1,tweet_4957_419530
1811,8660,"Feature_Vector: [1.0, 1.0, 0.0, 0.39694780111312866, 0.0]","Feature_Vector: [1.0, 1.0, 0.0, 0.5584698915481567, 0.0]",1,tweet_8660_786549
1478,4111,"Feature_Vector: [1.0, 1.0, 0.0, 0.34076395630836487, 0.0]","Feature_Vector: [1.0, 1.0, 1.0, 0.5312617421150208, 0.0]",3,tweet_4111_1264453
2512,6433,"Feature_Vector: [1.0, 1.0, 0.0, 0.4429333806037903, 0.0]","Feature_Vector: [0.0, 0.0, 0.0, 0.43510133028030396, 0.0]",1,tweet_6433_69048
5950,6250,"Feature_Vector: [1.0, 1.0, 0.0, 0.0, 0.0]","Feature_Vector: [1.0, 1.0, 0.0, 0.2270922064781189, 0.0]",3,tweet_6250_1187526
9953,9953,"Feature_Vector: [1.0, 1.0, 0.0, 0.13527844846248627, 0.0]","Feature_Vector: [1.0, 1.0, 0.0, 0.13527844846248627, 0.0]",1,tweet_9953_963678
861,5845,"Feature_Vector: [1.0, 1.0, 0.0, 0.2728412449359894, 0.0]","Feature_Vector: [1.0, 1.0, 0.0, 0.3346705436706543, 0.0]",3,tweet_5845_1073033
9689,1429,"Feature_Vector: [1.0, 1.0, 0.0, 0.3103561997413635, 0.0]","Feature_Vector: [0.0, 0.0, 0.0, 0.47569945454597473, 0.0]",1,tweet_1429_637800
1483,2466,"Feature_Vector: [1.0, 1.0, 0.0, 0.42804187536239624, 0.0]","Feature_Vector: [1.0, 1.0, 0.0, 0.38740143179893494, 0.0]",1,tweet_2466_39220
1464,1915,"Feature_Vector: [1.0, 1.0, 0.0, 0.32524609565734863, 0.0]","Feature_Vector: [1.0, 1.0, 0.0, 0.32215654850006104, 0.0]",1,tweet_1915_38327
4953,311,"Feature_Vector: [1.0, 1.0, 0.0, 0.4879035949707031, 0.0]","Feature_Vector: [1.0, 1.0, 1.0, 0.742438018321991, 0.0]",1,tweet_311_469857
6152,9860,"Feature_Vector: [1.0, 1.0, 0.0, 0.444364458322525, 0.0]","Feature_Vector: [1.0, 1.0, 0.0, 0.4088074266910553, 0.0]",3,tweet_9860_1190488
9953,9953,"Feature_Vector: [1.0, 1.0, 0.0, 0.13527844846248627, 0.0]","Feature_Vector: [1.0, 1.0, 0.0, 0.13527844846248627, 0.0]",1,tweet_9953_963561
2496,1729,"Feature_Vector: [0.0, 0.0, 0.0, 0.283794641494751, 0.0]","Feature_Vector: [1.0, 1.0, 1.0, 0.5922421813011169, 0.0]",1,tweet_1729_379238
5372,9514,"Feature_Vector: [1.0, 1.0, 0.0, 0.2907254993915558, 0.0]","Feature_Vector: [1.0, 1.0, 0.0, 0.28560879826545715, 0.0]",1,tweet_9514_151827
3579,5245,"Feature_Vector: [1.0, 1.0, 0.0, 0.2779734432697296, 0.0]","Feature_Vector: [1.0, 1.0, 0.0, 0.3212147057056427, 0.0]",1,tweet_5245_690301
4737,1800,"Feature_Vector: [1.0, 1.0, 0.0, 0.45145705342292786, 0.0]","Feature_Vector: [1.0, 1.0, 0.0, 0.37279361486434937, 0.0]",1,tweet_1800_460870
8411,1525,"Feature_Vector: [1.0, 1.0, 0.0, 0.22291137278079987, 0.0]","Feature_Vector: [0.0, 0.0, 0.0, 0.5500404238700867, 0.0]",1,tweet_1525_930380
9684,9759,"Feature_Vector: [1.0, 1.0, 0.0, 0.21839572489261627, 0.0]","Feature_Vector: [1.0, 1.0, 0.0, 0.24204838275909424, 0.0]",2,tweet_9759_1216199
2260,2488,"Feature_Vector: [1.0, 1.0, 0.0, 0.3388513922691345, 0.0]","Feature_Vector: [1.0, 0.0, 0.0, 0.5978919267654419, 0.0]",1,tweet_2488_795230
3285,2458,"Feature_Vector: [1.0, 1.0, 0.0, 0.5939518213272095, 0.0]","Feature_Vector: [1.0, 0.0, 0.0, 0.5667100548744202, 0.0]",1,tweet_2458_409212
5946,5364,"Feature_Vector: [1.0, 0.0, 0.0, 0.4799688458442688, 0.0]","Feature_Vector: [0.0, 0.0, 0.0, 0.513793408870697, 0.0]",1,tweet_5364_167120
1541,832,"Feature_Vector: [1.0, 1.0, 0.0, 0.27673348784446716, 0.0]","Feature_Vector: [1.0, 0.0, 1.0, 0.7062491774559021, 0.0]",1,tweet_832_670235
3894,8777,"Feature_Vector: [1.0, 0.0, 0.0, 0.4022931754589081, 0.0]","Feature_Vector: [1.0, 0.0, 0.0, 0.5656849145889282, 0.0]",1,tweet_8777_429539
2382,6786,"Feature_Vector: [1.0, 1.0, 0.0, 0.2472141981124878, 0.0]","Feature_Vector: [1.0, 1.0, 0.0, 0.43137282133102417, 0.0]",1,tweet_6786_374885
4807,652,"Feature_Vector: [1.0, 1.0, 0.0, 0.296604186296463, 0.0]","Feature_Vector: [1.0, 0.0, 1.0, 0.6229747533798218, 0.0]",1,tweet_652_1010049
1129,6116,"Feature_Vector: [1.0, 1.0, 0.0, 0.313925176858902, 0.0]","Feature_Vector: [1.0, 0.0, 0.0, 0.5322172045707703, 0.0]",1,tweet_6116_325583
1996,9688,"Feature_Vector: [1.0, 1.0, 0.0, 0.3309597074985504, 0.0]","Feature_Vector: [1.0, 1.0, 0.0, 0.34453070163726807, 0.0]",1,tweet_9688_53703
7930,326,"Feature_Vector: [1.0, 1.0, 0.0, 0.5318914651870728, 0.0]","Feature_Vector: [0.0, 0.0, 0.0, 0.4835435748100281, 0.0]",1,tweet_326_573432
2269,9671,"Feature_Vector: [1.0, 1.0, 0.0, 0.4489278495311737, 0.0]","Feature_Vector: [1.0, 1.0, 0.0, 0.3011198341846466, 0.0]",1,tweet_9671_61641
1270,7895,"Feature_Vector: [1.0, 1.0, 0.0, 0.3578931391239166, 0.0]","Feature_Vector: [1.0, 1.0, 0.0, 0.35378092527389526, 0.0]",1,tweet_7895_331047
3531,6603,"Feature_Vector: [0.0, 0.0, 0.0, 0.5074666738510132, 0.0]","Feature_Vector: [0.0, 0.0, 0.0, 0.25631222128868103, 0.0]",1,tweet_6603_97554
179,179,"Feature_Vector: [1.0, 0.0, 0.0, 0.36479073762893677, 0.0]","Feature_Vector: [1.0, 0.0, 0.0, 0.36479073762893677, 0.0]",1,tweet_179_757129
4987,4956,"Feature_Vector: [1.0, 1.0, 0.0, 0.4200369119644165, 0.0]","Feature_Vector: [1.0, 1.0, 0.0, 0.41216370463371277, 0.0]",1,tweet_4956_140819
533,644,"Feature_Vector: [1.0, 1.0, 0.0, 0.4038071930408478, 0.0]","Feature_Vector: [1.0, 0.0, 1.0, 0.5555992126464844, 0.0]",1,tweet_644_305475
790,1473,"Feature_Vector: [1.0, 1.0, 0.0, 0.27958542108535767, 0.0]","Feature_Vector: [1.0, 1.0, 0.0, 0.3225289285182953, 0.0]",1,tweet_1473_19562
2757,7618,"Feature_Vector: [1.0, 0.0, 0.0, 0.4581773281097412, 0.0]","Feature_Vector: [1.0, 0.0, 0.0, 0.44048747420310974, 0.0]",3,tweet_7618_1295912
9519,5172,"Feature_Vector: [1.0, 1.0, 0.0, 0.4670172929763794, 0.0]","Feature_Vector: [1.0, 1.0, 0.0, 0.4614177644252777, 0.0]",1,tweet_5172_629087
5633,5633,"Feature_Vector: [1.0, 0.0, 1.0, 0.5882093906402588, 0.0]","Feature_Vector: [1.0, 0.0, 1.0, 0.5882093906402588, 0.0]",1,tweet_5633_872279
2874,5274,"Feature_Vector: [1.0, 1.0, 0.0, 0.31349119544029236, 0.0]","Feature_Vector: [1.0, 1.0, 0.0, 0.2506343722343445, 1.0]",1,tweet_5274_78661
2062,1535,"Feature_Vector: [1.0, 1.0, 0.0, 0.3675307333469391, 0.0]","Feature_Vector: [1.0, 1.0, 0.0, 0.4402576684951782, 0.0]",1,tweet_1535_362265
3700,3700,"Feature_Vector: [1.0, 0.0, 0.0, 0.3457733988761902, 0.0]","Feature_Vector: [1.0, 0.0, 0.0, 0.3457733988761902, 0.0]",1,tweet_3700_831523
8846,6276,"Feature_Vector: [1.0, 1.0, 0.0, 0.3003002405166626, 1.0]","Feature_Vector: [1.0, 1.0, 0.0, 0.35709431767463684, 0.0]",1,tweet_6276_605114
9525,9525,"Feature_Vector: [1.0, 1.0, 1.0, 0.5232909321784973, 0.0]","Feature_Vector: [1.0, 1.0, 1.0, 0.5232909321784973, 0.0]",1,tweet_9525_1041492
7473,9446,"Feature_Vector: [1.0, 1.0, 0.0, 0.2396809607744217, 0.0]","Feature_Vector: [1.0, 1.0, 0.0, 0.3869885504245758, 0.0]",2,tweet_9446_1372958
4991,5367,"Feature_Vector: [0.0, 0.0, 0.0, 0.30350956320762634, 0.0]","Feature_Vector: [1.0, 1.0, 0.0, 0.3631889522075653, 0.0]",3,tweet_5367_1172855
1394,5571,"Feature_Vector: [1.0, 0.0, 0.0, 0.5169491767883301, 0.0]","Feature_Vector: [1.0, 1.0, 0.0, 0.3523772060871124, 0.0]",2,tweet_5571_1262125
6902,6902,"Feature_Vector: [1.0, 0.0, 1.0, 0.6104324460029602, 0.0]","Feature_Vector: [1.0, 0.0, 1.0, 0.6104324460029602, 0.0]",1,tweet_6902_896852
1580,7723,"Feature_Vector: [0.0, 0.0, 0.0, 0.36548832058906555, 0.0]","Feature_Vector: [1.0, 1.0, 1.0, 0.709007740020752, 0.0]",1,tweet_7723_670776
5971,4080,"Feature_Vector: [1.0, 1.0, 0.0, 0.2719385623931885, 0.0]","Feature_Vector: [1.0, 1.0, 0.0, 0.32851001620292664, 0.0]",1,tweet_4080_505880
1252,3049,"Feature_Vector: [1.0, 0.0, 0.0, 0.2250405102968216, 0.0]","Feature_Vector: [1.0, 1.0, 0.0, 0.49255532026290894, 0.0]",1,tweet_3049_667003
9864,6976,"Feature_Vector: [1.0, 1.0, 0.0, 0.3357084393501282, 0.0]","Feature_Vector: [1.0, 1.0, 0.0, 0.44685637950897217, 0.0]",1,tweet_6976_644929
2397,6152,"Feature_Vector: [1.0, 1.0, 0.0, 0.30605122447013855, 0.0]","Feature_Vector: [1.0, 1.0, 0.0, 0.444364458322525, 0.0]",3,tweet_6152_1115238
321,4878,"Feature_Vector: [1.0, 0.0, 0.0, 0.4835328757762909, 0.0]","Feature_Vector: [1.0, 1.0, 0.0, 0.039104241877794266, 0.0]",3,tweet_4878_1227591
9748,9748,"Feature_Vector: [1.0, 1.0, 0.0, 0.47416770458221436, 0.0]","Feature_Vector: [1.0, 1.0, 0.0, 0.47416770458221436, 0.0]",1,tweet_9748_956674
7949,1127,"Feature_Vector: [1.0, 1.0, 0.0, 0.3620031177997589, 0.0]","Feature_Vector: [1.0, 1.0, 0.0, 0.4533507525920868, 0.0]",1,tweet_1127_222046
4807,9030,"Feature_Vector: [1.0, 1.0, 0.0, 0.296604186296463, 0.0]","Feature_Vector: [1.0, 1.0, 0.0, 0.41254132986068726, 0.0]",3,tweet_9030_1168777
1378,2972,"Feature_Vector: [1.0, 1.0, 0.0, 0.29630959033966064, 0.0]","Feature_Vector: [1.0, 1.0, 0.0, 0.2592359483242035, 0.0]",3,tweet_2972_1088054
4454,4454,"Feature_Vector: [1.0, 1.0, 0.0, 0.1097794845700264, 1.0]","Feature_Vector: [1.0, 1.0, 0.0, 0.1097794845700264, 1.0]",1,tweet_4454_1006896
7348,2020,"Feature_Vector: [1.0, 1.0, 0.0, 0.3711717128753662, 0.0]","Feature_Vector: [0.0, 0.0, 0.0, 0.5084308385848999, 0.0]",1,tweet_2020_554760
9171,8721,"Feature_Vector: [1.0, 1.0, 0.0, 0.44777077436447144, 0.0]","Feature_Vector: [1.0, 1.0, 0.0, 0.43620067834854126, 0.0]",1,tweet_8721_253523
6408,9327,"Feature_Vector: [1.0, 1.0, 0.0, 0.48257309198379517, 0.0]","Feature_Vector: [1.0, 1.0, 0.0, 0.3902098834514618, 0.0]",1,tweet_9327_181069
7089,4615,"Feature_Vector: [1.0, 1.0, 0.0, 0.3989463150501251, 0.0]","Feature_Vector: [1.0, 1.0, 0.0, 0.41051051020622253, 0.0]",1,tweet_4615_545626
5407,652,"Feature_Vector: [1.0, 1.0, 0.0, 0.14018723368644714, 1.0]","Feature_Vector: [1.0, 0.0, 1.0, 0.6229747533798218, 0.0]",1,tweet_652_486394
4150,4150,"Feature_Vector: [1.0, 1.0, 0.0, 0.3293384611606598, 0.0]","Feature_Vector: [1.0, 1.0, 0.0, 0.3293384611606598, 0.0]",1,tweet_4150_841710
3730,2396,"Feature_Vector: [1.0, 1.0, 0.0, 0.2807649075984955, 0.0]","Feature_Vector: [1.0, 1.0, 0.0, 0.2714817523956299, 0.0]",1,tweet_2396_104738
9953,9953,"Feature_Vector: [1.0, 1.0, 0.0, 0.13527844846248627, 0.0]","Feature_Vector: [1.0, 1.0, 0.0, 0.13527844846248627, 0.0]",1,tweet_9953_960840
7868,4804,"Feature_Vector: [0.0, 0.0, 0.0, 0.3410319685935974, 0.0]","Feature_Vector: [1.0, 1.0, 0.0, 0.41047149896621704, 0.0]",1,tweet_4804_570655
9787,3302,"Feature_Vector: [1.0, 1.0, 0.0, 0.3908768892288208, 0.0]","Feature_Vector: [1.0, 1.0, 0.0, 0.4583613872528076, 0.0]",1,tweet_3302_273544
5322,5322,"Feature_Vector: [0.0, 0.0, 0.0, 0.29511559009552, 0.0]","Feature_Vector: [0.0, 0.0, 0.0, 0.29511559009552, 0.0]",1,tweet_5322_1013506
7892,9961,"Feature_Vector: [1.0, 1.0, 0.0, 0.4731100797653198, 0.0]","Feature_Vector: [1.0, 0.0, 0.0, 0.41646620631217957, 0.0]",1,tweet_9961_572392
6789,7575,"Feature_Vector: [1.0, 1.0, 0.0, 0.3219694495201111, 0.0]","Feature_Vector: [1.0, 1.0, 0.0, 0.32783839106559753, 0.0]",1,tweet_7575_721832
6330,5972,"Feature_Vector: [1.0, 1.0, 0.0, 0.29264894127845764, 0.0]","Feature_Vector: [0.0, 0.0, 1.0, 0.7603167295455933, 0.0]",1,tweet_5972_717811
7796,3900,"Feature_Vector: [1.0, 1.0, 0.0, 0.442025750875473, 0.0]","Feature_Vector: [1.0, 1.0, 0.0, 0.5528789162635803, 0.0]",1,tweet_3900_568553
6846,8366,"Feature_Vector: [1.0, 1.0, 0.0, 0.34758755564689636, 0.0]","Feature_Vector: [0.0, 0.0, 1.0, 0.6133937239646912, 0.0]",1,tweet_8366_537105
566,423,"Feature_Vector: [1.0, 1.0, 0.0, 0.31562840938568115, 0.0]","Feature_Vector: [1.0, 1.0, 0.0, 0.3337654769420624, 0.0]",1,tweet_423_307592
8388,1183,"Feature_Vector: [1.0, 1.0, 0.0, 0.2799813449382782, 0.0]","Feature_Vector: [1.0, 1.0, 0.0, 0.3499191105365753, 0.0]",1,tweet_1183_232235
2936,3095,"Feature_Vector: [1.0, 1.0, 0.0, 0.3307996392250061, 0.0]","Feature_Vector: [1.0, 1.0, 1.0, 0.5488268733024597, 0.0]",1,tweet_3095_811187
2058,7965,"Feature_Vector: [1.0, 1.0, 0.0, 0.20668163895606995, 0.0]","Feature_Vector: [1.0, 1.0, 0.0, 0.1299014687538147, 1.0]",3,tweet_7965_1106269
5300,1467,"Feature_Vector: [1.0, 1.0, 0.0, 0.34049466252326965, 0.0]","Feature_Vector: [1.0, 1.0, 0.0, 0.3168729245662689, 0.0]",1,tweet_1467_483621
5881,3020,"Feature_Vector: [1.0, 1.0, 0.0, 0.37939608097076416, 0.0]","Feature_Vector: [1.0, 1.0, 0.0, 0.23550012707710266, 0.0]",1,tweet_3020_164128
8873,8070,"Feature_Vector: [0.0, 0.0, 0.0, 0.37669095396995544, 0.0]","Feature_Vector: [1.0, 1.0, 0.0, 0.23720981180667877, 0.0]",1,tweet_8070_245915
2611,9303,"Feature_Vector: [1.0, 1.0, 0.0, 0.3750326335430145, 0.0]","Feature_Vector: [1.0, 1.0, 0.0, 0.16306175291538239, 0.0]",3,tweet_9303_1120847
10033,204,"Feature_Vector: [1.0, 1.0, 0.0, 0.36479073762893677, 0.0]","Feature_Vector: [1.0, 1.0, 0.0, 0.4435449540615082, 0.0]",1,tweet_204_282398
505,4985,"Feature_Vector: [1.0, 0.0, 0.0, 0.35936111211776733, 0.0]","Feature_Vector: [1.0, 0.0, 0.0, 0.4276113212108612, 0.0]",1,tweet_4985_304989
6663,1570,"Feature_Vector: [1.0, 1.0, 0.0, 0.23373699188232422, 1.0]","Feature_Vector: [1.0, 1.0, 0.0, 0.5107550024986267, 0.0]",1,tweet_1570_532027
6813,4018,"Feature_Vector: [1.0, 1.0, 0.0, 0.3311192989349365, 0.0]","Feature_Vector: [1.0, 1.0, 0.0, 0.2799813449382782, 0.0]",1,tweet_4018_722088
7714,8938,"Feature_Vector: [1.0, 1.0, 0.0, 0.48234423995018005, 0.0]","Feature_Vector: [1.0, 1.0, 0.0, 0.4468768835067749, 0.0]",4,tweet_8938_1206266
38,38,"Feature_Vector: [1.0, 1.0, 0.0, 0.3212147057056427, 0.0]","Feature_Vector: [1.0, 1.0, 0.0, 0.3212147057056427, 0.0]",1,tweet_38_755384
6345,3559,"Feature_Vector: [1.0, 0.0, 0.0, 0.40318867564201355, 0.0]","Feature_Vector: [1.0, 1.0, 0.0, 0.3619108498096466, 0.0]",1,tweet_3559_179400
4102,4996,"Feature_Vector: [1.0, 1.0, 0.0, 0.226075679063797, 0.0]","Feature_Vector: [1.0, 1.0, 0.0, 0.32506898045539856, 0.0]",3,tweet_4996_1154114
44,7075,"Feature_Vector: [1.0, 1.0, 0.0, 0.30942752957344055, 0.0]","Feature_Vector: [1.0, 1.0, 0.0, 0.31562840938568115, 0.0]",1,tweet_7075_656453
9525,1028,"Feature_Vector: [1.0, 1.0, 1.0, 0.5232909321784973, 0.0]","Feature_Vector: [1.0, 1.0, 0.0, 0.3555653691291809, 0.0]",1,tweet_1028_629606
8502,9472,"Feature_Vector: [1.0, 1.0, 0.0, 0.21086247265338898, 0.0]","Feature_Vector: [1.0, 0.0, 0.0, 0.46747398376464844, 0.0]",2,tweet_9472_1380809
5005,4102,"Feature_Vector: [1.0, 1.0, 0.0, 0.4694021940231323, 0.0]","Feature_Vector: [1.0, 1.0, 0.0, 0.226075679063797, 0.0]",1,tweet_4102_471948
4593,1815,"Feature_Vector: [1.0, 0.0, 1.0, 0.5308657884597778, 0.0]","Feature_Vector: [1.0, 0.0, 0.0, 0.5288525819778442, 0.0]",1,tweet_1815_127767
6615,3113,"Feature_Vector: [1.0, 1.0, 0.0, 0.3890233337879181, 0.0]","Feature_Vector: [1.0, 1.0, 0.0, 0.5889684557914734, 0.0]",1,tweet_3113_530581
1830,3171,"Feature_Vector: [1.0, 1.0, 0.0, 0.3219694495201111, 0.0]","Feature_Vector: [1.0, 1.0, 0.0, 0.42804187536239624, 0.0]",1,tweet_3171_355308
3977,3487,"Feature_Vector: [1.0, 1.0, 0.0, 0.3168729245662689, 0.0]","Feature_Vector: [1.0, 1.0, 1.0, 0.6530749797821045, 0.0]",1,tweet_3487_1003961
7540,8583,"Feature_Vector: [0.0, 0.0, 0.0, 0.30752304196357727, 0.0]","Feature_Vector: [1.0, 0.0, 0.0, 0.5019362568855286, 0.0]",3,tweet_8583_1373482
5036,6610,"Feature_Vector: [1.0, 1.0, 0.0, 0.3032490015029907, 0.0]","Feature_Vector: [1.0, 1.0, 0.0, 0.234625443816185, 1.0]",2,tweet_6610_1173735
8326,5002,"Feature_Vector: [1.0, 1.0, 0.0, 0.4364475905895233, 0.0]","Feature_Vector: [1.0, 1.0, 0.0, 0.34035953879356384, 0.0]",1,tweet_5002_587281
8321,898,"Feature_Vector: [1.0, 1.0, 0.0, 0.41373297572135925, 0.0]","Feature_Vector: [1.0, 0.0, 1.0, 0.5635563731193542, 0.0]",1,tweet_898_736016
9881,5460,"Feature_Vector: [1.0, 1.0, 0.0, 0.32399436831474304, 0.0]","Feature_Vector: [1.0, 1.0, 0.0, 0.3126131296157837, 0.0]",1,tweet_5460_645600
505,738,"Feature_Vector: [1.0, 0.0, 0.0, 0.35936111211776733, 0.0]","Feature_Vector: [1.0, 1.0, 0.0, 0.41373297572135925, 0.0]",1,tweet_738_304947
9583,9583,"Feature_Vector: [1.0, 1.0, 0.0, 0.41671139001846313, 0.0]","Feature_Vector: [1.0, 1.0, 0.0, 0.41671139001846313, 0.0]",1,tweet_9583_953552
608,3226,"Feature_Vector: [0.0, 0.0, 0.0, 0.5090532302856445, 0.0]","Feature_Vector: [0.0, 0.0, 0.0, 0.33940446376800537, 0.0]",3,tweet_3226_1237296
1468,9313,"Feature_Vector: [1.0, 1.0, 0.0, 0.27503666281700134, 0.0]","Feature_Vector: [1.0, 1.0, 0.0, 0.27631404995918274, 0.0]",1,tweet_9313_38837
749,4214,"Feature_Vector: [1.0, 1.0, 0.0, 0.42671099305152893, 0.0]","Feature_Vector: [0.0, 0.0, 0.0, 0.5142170786857605, 0.0]",1,tweet_4214_18573
5761,3898,"Feature_Vector: [1.0, 1.0, 0.0, 0.3507128953933716, 0.0]","Feature_Vector: [1.0, 1.0, 0.0, 0.35729509592056274, 0.0]",1,tweet_3898_496509
4460,8012,"Feature_Vector: [0.0, 0.0, 0.0, 0.20668163895606995, 0.0]","Feature_Vector: [1.0, 0.0, 0.0, 0.4174061715602875, 0.0]",2,tweet_8012_1329566
1126,4830,"Feature_Vector: [1.0, 1.0, 0.0, 0.23636144399642944, 0.0]","Feature_Vector: [1.0, 0.0, 1.0, 0.7055684924125671, 0.0]",1,tweet_4830_665801
2740,7558,"Feature_Vector: [0.0, 0.0, 0.0, 0.3400883078575134, 0.0]","Feature_Vector: [0.0, 0.0, 0.0, 0.4032774567604065, 0.0]",2,tweet_7558_1295533
4488,1000,"Feature_Vector: [1.0, 1.0, 0.0, 0.41960689425468445, 0.0]","Feature_Vector: [1.0, 1.0, 0.0, 0.41011902689933777, 0.0]",1,tweet_1000_123820
9572,6903,"Feature_Vector: [1.0, 1.0, 0.0, 0.3984653651714325, 0.0]","Feature_Vector: [1.0, 1.0, 0.0, 0.5009790658950806, 0.0]",1,tweet_6903_266864
7955,7465,"Feature_Vector: [0.0, 0.0, 0.0, 0.5409671664237976, 0.0]","Feature_Vector: [1.0, 1.0, 0.0, 0.3412986993789673, 0.0]",1,tweet_7465_222283
2878,5417,"Feature_Vector: [1.0, 0.0, 0.0, 0.4414425492286682, 0.0]","Feature_Vector: [1.0, 0.0, 1.0, 0.8675563335418701, 0.0]",1,tweet_5417_682862
9630,1716,"Feature_Vector: [1.0, 1.0, 0.0, 0.378783255815506, 0.0]","Feature_Vector: [1.0, 1.0, 0.0, 0.3727174401283264, 0.0]",1,tweet_1716_634727
7622,12,"Feature_Vector: [1.0, 1.0, 0.0, 0.4539681077003479, 0.0]","Feature_Vector: [1.0, 1.0, 0.0, 0.47015267610549927, 0.0]",1,tweet_12_213438
6002,5248,"Feature_Vector: [1.0, 1.0, 0.0, 0.3626447319984436, 0.0]","Feature_Vector: [1.0, 1.0, 0.0, 0.40296614170074463, 0.0]",1,tweet_5248_507216
9195,9195,"Feature_Vector: [1.0, 0.0, 0.0, 0.495847225189209, 0.0]","Feature_Vector: [1.0, 0.0, 0.0, 0.495847225189209, 0.0]",1,tweet_9195_944518
7587,8027,"Feature_Vector: [1.0, 1.0, 0.0, 0.45597270131111145, 0.0]","Feature_Vector: [1.0, 1.0, 0.0, 0.38000234961509705, 0.0]",1,tweet_8027_212874
5902,8366,"Feature_Vector: [1.0, 1.0, 0.0, 0.25749996304512024, 0.0]","Feature_Vector: [0.0, 0.0, 1.0, 0.6133937239646912, 0.0]",1,tweet_8366_713659
8943,4728,"Feature_Vector: [1.0, 1.0, 0.0, 0.20371171832084656, 0.0]","Feature_Vector: [1.0, 0.0, 1.0, 0.5780017971992493, 0.0]",1,tweet_4728_741885
6182,8521,"Feature_Vector: [1.0, 1.0, 0.0, 0.3529212176799774, 0.0]","Feature_Vector: [1.0, 1.0, 0.0, 0.29201504588127136, 0.0]",1,tweet_8521_514795
4852,2158,"Feature_Vector: [1.0, 1.0, 0.0, 0.2877114713191986, 0.0]","Feature_Vector: [1.0, 1.0, 0.0, 0.38463127613067627, 0.0]",1,tweet_2158_135469
5965,8674,"Feature_Vector: [1.0, 1.0, 0.0, 0.4354032874107361, 0.0]","Feature_Vector: [1.0, 1.0, 0.0, 0.3706205487251282, 0.0]",1,tweet_8674_505181
6152,9816,"Feature_Vector: [1.0, 1.0, 0.0, 0.444364458322525, 0.0]","Feature_Vector: [1.0, 1.0, 0.0, 0.47644394636154175, 0.0]",1,tweet_9816_173964
5409,6904,"Feature_Vector: [1.0, 1.0, 0.0, 0.2646647095680237, 0.0]","Feature_Vector: [1.0, 0.0, 0.0, 0.6397289037704468, 0.0]",2,tweet_6904_1347220
7644,7629,"Feature_Vector: [1.0, 1.0, 0.0, 0.2671949863433838, 0.0]","Feature_Vector: [1.0, 1.0, 0.0, 0.3523772060871124, 0.0]",1,tweet_7629_214058
9550,9550,"Feature_Vector: [1.0, 1.0, 0.0, 0.3815879225730896, 0.0]","Feature_Vector: [1.0, 1.0, 0.0, 0.3815879225730896, 0.0]",1,tweet_9550_1042217
8000,8000,"Feature_Vector: [1.0, 1.0, 0.0, 0.4358532130718231, 0.0]","Feature_Vector: [1.0, 1.0, 0.0, 0.4358532130718231, 0.0]",1,tweet_8000_921891
2571,2979,"Feature_Vector: [1.0, 1.0, 0.0, 0.3786461353302002, 0.0]","Feature_Vector: [1.0, 1.0, 0.0, 0.3029871881008148, 0.0]",1,tweet_2979_382252
4008,4665,"Feature_Vector: [1.0, 1.0, 0.0, 0.4207572638988495, 0.0]","Feature_Vector: [1.0, 1.0, 0.0, 0.37225815653800964, 0.0]",2,tweet_4665_1321262
923,6347,"Feature_Vector: [1.0, 1.0, 0.0, 0.40206706523895264, 0.0]","Feature_Vector: [0.0, 0.0, 1.0, 0.48386338353157043, 0.0]",1,tweet_6347_768825
854,1835,"Feature_Vector: [1.0, 1.0, 0.0, 0.32399436831474304, 0.0]","Feature_Vector: [1.0, 0.0, 0.0, 0.6634116172790527, 0.0]",1,tweet_1835_21742
5615,1494,"Feature_Vector: [0.0, 0.0, 0.0, 0.42846915125846863, 0.0]","Feature_Vector: [0.0, 0.0, 1.0, 0.606764554977417, 0.0]",1,tweet_1494_870704
572,5735,"Feature_Vector: [1.0, 1.0, 0.0, 0.3800693154335022, 0.0]","Feature_Vector: [1.0, 1.0, 0.0, 0.3130538761615753, 0.0]",1,tweet_5735_14634
7493,9678,"Feature_Vector: [1.0, 1.0, 0.0, 0.3513845205307007, 0.0]","Feature_Vector: [1.0, 1.0, 1.0, 0.5225569009780884, 0.0]",1,tweet_9678_729043
9287,9287,"Feature_Vector: [1.0, 1.0, 0.0, 0.43819403648376465, 0.0]","Feature_Vector: [1.0, 1.0, 0.0, 0.43819403648376465, 0.0]",1,tweet_9287_945464
3224,2395,"Feature_Vector: [1.0, 1.0, 0.0, 0.4357036352157593, 0.0]","Feature_Vector: [0.0, 0.0, 0.0, 0.48408618569374084, 0.0]",1,tweet_2395_406809
1167,8540,"Feature_Vector: [1.0, 1.0, 0.0, 0.3130538761615753, 0.0]","Feature_Vector: [1.0, 1.0, 1.0, 0.6127685308456421, 0.0]",3,tweet_8540_1081129
4741,9843,"Feature_Vector: [1.0, 1.0, 0.0, 0.2859647274017334, 0.0]","Feature_Vector: [1.0, 1.0, 1.0, 0.4899634122848511, 0.0]",1,tweet_9843_461053
9301,4030,"Feature_Vector: [1.0, 1.0, 0.0, 0.5602076649665833, 0.0]","Feature_Vector: [1.0, 1.0, 0.0, 0.12395750731229782, 0.0]",1,tweet_4030_946922
9765,1219,"Feature_Vector: [1.0, 1.0, 0.0, 0.3954392671585083, 0.0]","Feature_Vector: [1.0, 1.0, 0.0, 0.33643826842308044, 0.0]",1,tweet_1219_272385
2313,3224,"Feature_Vector: [1.0, 1.0, 0.0, 0.4022480249404907, 0.0]","Feature_Vector: [1.0, 1.0, 0.0, 0.4357036352157593, 0.0]",1,tweet_3224_989588
8705,8771,"Feature_Vector: [1.0, 1.0, 0.0, 0.2195589691400528, 0.0]","Feature_Vector: [1.0, 1.0, 0.0, 0.3638172745704651, 0.0]",3,tweet_8771_1212249
4132,6639,"Feature_Vector: [1.0, 1.0, 0.0, 0.30703669786453247, 0.0]","Feature_Vector: [1.0, 1.0, 0.0, 0.2945089638233185, 0.0]",2,tweet_6639_1155405
6104,6104,"Feature_Vector: [1.0, 0.0, 0.0, 0.4204309582710266, 0.0]","Feature_Vector: [1.0, 0.0, 0.0, 0.4204309582710266, 0.0]",1,tweet_6104_885341
3543,106,"Feature_Vector: [1.0, 1.0, 0.0, 0.3980776071548462, 0.0]","Feature_Vector: [0.0, 0.0, 1.0, 0.7920801639556885, 0.0]",1,tweet_106_826073
2470,5176,"Feature_Vector: [1.0, 1.0, 0.0, 0.4678705930709839, 0.0]","Feature_Vector: [1.0, 1.0, 0.0, 0.4202014207839966, 0.0]",1,tweet_5176_67547
6838,22,"Feature_Vector: [1.0, 1.0, 0.0, 0.4204636812210083, 0.0]","Feature_Vector: [1.0, 0.0, 1.0, 0.5629552006721497, 0.0]",1,tweet_22_536720
8819,10150,"Feature_Vector: [1.0, 1.0, 0.0, 0.4119359254837036, 0.0]","Feature_Vector: [1.0, 1.0, 0.0, 0.45826107263565063, 0.0]",2,tweet_10150_1213043
1573,6850,"Feature_Vector: [1.0, 1.0, 0.0, 0.4553065299987793, 0.0]","Feature_Vector: [0.0, 0.0, 0.0, 0.3304781913757324, 0.0]",1,tweet_6850_43080
8271,6481,"Feature_Vector: [1.0, 1.0, 0.0, 0.33758673071861267, 0.0]","Feature_Vector: [1.0, 1.0, 0.0, 0.13527844846248627, 0.0]",1,tweet_6481_585902
3126,6575,"Feature_Vector: [1.0, 1.0, 0.0, 0.3998018205165863, 0.0]","Feature_Vector: [1.0, 0.0, 0.0, 0.30376896262168884, 0.0]",2,tweet_6575_1303939
7048,4377,"Feature_Vector: [1.0, 1.0, 0.0, 0.40283218026161194, 0.0]","Feature_Vector: [1.0, 1.0, 0.0, 0.36461499333381653, 0.0]",1,tweet_4377_544439
571,5594,"Feature_Vector: [1.0, 1.0, 0.0, 0.29233288764953613, 1.0]","Feature_Vector: [1.0, 1.0, 0.0, 0.5511059165000916, 0.0]",1,tweet_5594_661126
2036,9572,"Feature_Vector: [1.0, 1.0, 0.0, 0.4022480249404907, 0.0]","Feature_Vector: [1.0, 1.0, 0.0, 0.3984653651714325, 0.0]",1,tweet_9572_361127
6426,10043,"Feature_Vector: [1.0, 1.0, 0.0, 0.45854485034942627, 0.0]","Feature_Vector: [1.0, 1.0, 0.0, 0.2741687297821045, 0.0]",3,tweet_10043_1194312
9678,4005,"Feature_Vector: [1.0, 1.0, 1.0, 0.5225569009780884, 0.0]","Feature_Vector: [1.0, 0.0, 1.0, 0.5488537549972534, 0.0]",1,tweet_4005_270098
4132,8592,"Feature_Vector: [1.0, 1.0, 0.0, 0.30703669786453247, 0.0]","Feature_Vector: [1.0, 1.0, 0.0, 0.2819201946258545, 0.0]",1,tweet_8592_438165
6555,5889,"Feature_Vector: [1.0, 1.0, 0.0, 0.4464039206504822, 0.0]","Feature_Vector: [1.0, 1.0, 0.0, 0.434441477060318, 0.0]",1,tweet_5889_184490
8521,876,"Feature_Vector: [1.0, 1.0, 0.0, 0.29201504588127136, 0.0]","Feature_Vector: [1.0, 0.0, 1.0, 0.5956830382347107, 0.0]",1,tweet_876_593627
3274,6678,"Feature_Vector: [1.0, 1.0, 0.0, 0.2779734432697296, 0.0]","Feature_Vector: [1.0, 1.0, 1.0, 0.700996458530426, 0.0]",1,tweet_6678_687176
4446,8486,"Feature_Vector: [1.0, 1.0, 0.0, 0.46577128767967224, 0.0]","Feature_Vector: [1.0, 1.0, 0.0, 0.4063836932182312, 0.0]",1,tweet_8486_447586
8538,8538,"Feature_Vector: [1.0, 1.0, 0.0, 0.2380456179380417, 0.0]","Feature_Vector: [1.0, 1.0, 0.0, 0.2380456179380417, 0.0]",1,tweet_8538_932410
2012,6114,"Feature_Vector: [0.0, 0.0, 0.0, 0.37302157282829285, 0.0]","Feature_Vector: [0.0, 0.0, 0.0, 0.47126665711402893, 0.0]",1,tweet_6114_360303
3055,10050,"Feature_Vector: [0.0, 0.0, 0.0, 0.4273224472999573, 0.0]","Feature_Vector: [1.0, 1.0, 0.0, 0.27372968196868896, 0.0]",1,tweet_10050_401039
2358,6710,"Feature_Vector: [0.0, 0.0, 0.0, 0.49897387623786926, 0.0]","Feature_Vector: [1.0, 1.0, 0.0, 0.4343392848968506, 0.0]",1,tweet_6710_64301
8516,106,"Feature_Vector: [1.0, 1.0, 0.0, 0.171758234500885, 0.0]","Feature_Vector: [0.0, 0.0, 1.0, 0.7920801639556885, 0.0]",1,tweet_106_932136
9174,4145,"Feature_Vector: [1.0, 1.0, 0.0, 0.29511559009552, 0.0]","Feature_Vector: [1.0, 1.0, 0.0, 0.32681572437286377, 0.0]",1,tweet_4145_616242
6902,3299,"Feature_Vector: [1.0, 0.0, 1.0, 0.6104324460029602, 0.0]","Feature_Vector: [1.0, 1.0, 0.0, 0.34758755564689636, 0.0]",1,tweet_3299_193813
7496,9313,"Feature_Vector: [1.0, 1.0, 0.0, 0.36069756746292114, 0.0]","Feature_Vector: [1.0, 1.0, 0.0, 0.27631404995918274, 0.0]",1,tweet_9313_210104
7136,4976,"Feature_Vector: [0.0, 0.0, 0.0, 0.4118216633796692, 0.0]","Feature_Vector: [1.0, 0.0, 1.0, 0.6902287602424622, 0.0]",1,tweet_4976_200096
960,994,"Feature_Vector: [1.0, 1.0, 1.0, 0.5941839218139648, 0.0]","Feature_Vector: [1.0, 1.0, 0.0, 0.4938614070415497, 0.0]",1,tweet_994_664593
3487,3487,"Feature_Vector: [1.0, 1.0, 1.0, 0.6530749797821045, 0.0]","Feature_Vector: [1.0, 1.0, 1.0, 0.6530749797821045, 0.0]",1,tweet_3487_1000259
2932,6845,"Feature_Vector: [1.0, 1.0, 0.0, 0.3248912990093231, 0.0]","Feature_Vector: [1.0, 1.0, 0.0, 0.3168729245662689, 0.0]",3,tweet_6845_1299628
1718,4236,"Feature_Vector: [1.0, 1.0, 0.0, 0.2728412449359894, 0.0]","Feature_Vector: [1.0, 1.0, 0.0, 0.3773268461227417, 0.0]",3,tweet_4236_1098097
24,7510,"Feature_Vector: [1.0, 0.0, 0.0, 0.3395419120788574, 0.0]","Feature_Vector: [1.0, 1.0, 0.0, 0.4386223256587982, 0.0]",3,tweet_7510_1047846
6673,8226,"Feature_Vector: [1.0, 0.0, 0.0, 0.32834285497665405, 0.0]","Feature_Vector: [1.0, 0.0, 0.0, 0.33299997448921204, 0.0]",2,tweet_8226_1364775
2118,5859,"Feature_Vector: [0.0, 0.0, 0.0, 0.45599013566970825, 0.0]","Feature_Vector: [0.0, 0.0, 0.0, 0.5518944263458252, 0.0]",2,tweet_5859_1282356
638,7700,"Feature_Vector: [1.0, 0.0, 0.0, 0.49963682889938354, 0.0]","Feature_Vector: [1.0, 1.0, 1.0, 0.888723611831665, 0.0]",1,tweet_7700_309211
1161,4157,"Feature_Vector: [1.0, 1.0, 0.0, 0.25631222128868103, 0.0]","Feature_Vector: [0.0, 0.0, 0.0, 0.42156481742858887, 0.0]",3,tweet_4157_1255528
4737,7702,"Feature_Vector: [1.0, 1.0, 0.0, 0.45145705342292786, 0.0]","Feature_Vector: [1.0, 1.0, 0.0, 0.3485317826271057, 0.0]",3,tweet_7702_1167628
9468,9468,"Feature_Vector: [1.0, 1.0, 0.0, 0.4958128333091736, 0.0]","Feature_Vector: [1.0, 1.0, 0.0, 0.4958128333091736, 0.0]",1,tweet_9468_1040268
6789,1533,"Feature_Vector: [1.0, 1.0, 0.0, 0.3219694495201111, 0.0]","Feature_Vector: [1.0, 1.0, 0.0, 0.35346007347106934, 0.0]",1,tweet_1533_191070
5245,5245,"Feature_Vector: [1.0, 1.0, 0.0, 0.3212147057056427, 0.0]","Feature_Vector: [1.0, 1.0, 0.0, 0.3212147057056427, 0.0]",1,tweet_5245_863779
5418,8296,"Feature_Vector: [1.0, 1.0, 0.0, 0.34527960419654846, 0.0]","Feature_Vector: [1.0, 0.0, 1.0, 0.8148944973945618, 0.0]",1,tweet_8296_867500
3785,7880,"Feature_Vector: [1.0, 1.0, 0.0, 0.41328904032707214, 0.0]","Feature_Vector: [1.0, 0.0, 1.0, 0.5543941855430603, 0.0]",3,tweet_7880_1147083
9405,8326,"Feature_Vector: [0.0, 0.0, 0.0, 0.37753722071647644, 0.0]","Feature_Vector: [1.0, 1.0, 0.0, 0.4364475905895233, 0.0]",1,tweet_8326_745828
2280,2516,"Feature_Vector: [1.0, 1.0, 0.0, 0.4252278506755829, 0.0]","Feature_Vector: [1.0, 1.0, 0.0, 0.40671849250793457, 0.0]",2,tweet_2516_1111236
2636,5739,"Feature_Vector: [1.0, 0.0, 0.0, 0.3388513922691345, 0.0]","Feature_Vector: [0.0, 0.0, 0.0, 0.23720981180667877, 0.0]",2,tweet_5739_1293611
4472,9079,"Feature_Vector: [1.0, 1.0, 0.0, 0.17689046263694763, 0.0]","Feature_Vector: [1.0, 0.0, 1.0, 0.5973740220069885, 0.0]",1,tweet_9079_699349
841,841,"Feature_Vector: [1.0, 1.0, 0.0, 0.2328343242406845, 1.0]","Feature_Vector: [1.0, 1.0, 0.0, 0.2328343242406845, 1.0]",1,tweet_841_767285
4444,6839,"Feature_Vector: [1.0, 1.0, 0.0, 0.16611197590827942, 0.0]","Feature_Vector: [1.0, 1.0, 0.0, 0.30504825711250305, 0.0]",2,tweet_6839_1329170
1086,8696,"Feature_Vector: [0.0, 0.0, 1.0, 0.7599032521247864, 0.0]","Feature_Vector: [1.0, 1.0, 0.0, 0.3077646493911743, 0.0]",2,tweet_8696_1253573
143,6002,"Feature_Vector: [1.0, 1.0, 0.0, 0.27673348784446716, 0.0]","Feature_Vector: [1.0, 1.0, 0.0, 0.3626447319984436, 0.0]",1,tweet_6002_294360
5474,3019,"Feature_Vector: [1.0, 1.0, 0.0, 0.41604334115982056, 0.0]","Feature_Vector: [0.0, 0.0, 0.0, 0.39549019932746887, 0.0]",1,tweet_3019_153687
1792,7741,"Feature_Vector: [1.0, 1.0, 0.0, 0.16306175291538239, 0.0]","Feature_Vector: [1.0, 1.0, 0.0, 0.16611197590827942, 0.0]",4,tweet_7741_1100400
4633,5856,"Feature_Vector: [1.0, 1.0, 0.0, 0.46397024393081665, 0.0]","Feature_Vector: [1.0, 1.0, 0.0, 0.379463791847229, 0.0]",1,tweet_5856_455778
237,9951,"Feature_Vector: [1.0, 0.0, 0.0, 0.41373297572135925, 0.0]","Feature_Vector: [1.0, 0.0, 0.0, 0.30728039145469666, 0.0]",3,tweet_9951_1225315
8480,1166,"Feature_Vector: [0.0, 0.0, 1.0, 0.6641719341278076, 0.0]","Feature_Vector: [0.0, 0.0, 0.0, 0.5013701319694519, 0.0]",1,tweet_1166_1033991
8070,813,"Feature_Vector: [1.0, 1.0, 0.0, 0.23720981180667877, 0.0]","Feature_Vector: [1.0, 1.0, 0.0, 0.30057477951049805, 0.0]",1,tweet_813_577696
5927,6006,"Feature_Vector: [1.0, 1.0, 0.0, 0.32982972264289856, 0.0]","Feature_Vector: [1.0, 1.0, 0.0, 0.20950300991535187, 0.0]",1,tweet_6006_166520
1109,9127,"Feature_Vector: [1.0, 1.0, 0.0, 0.3301548957824707, 0.0]","Feature_Vector: [1.0, 1.0, 0.0, 0.27372968196868896, 0.0]",1,tweet_9127_324547
2458,3054,"Feature_Vector: [1.0, 0.0, 0.0, 0.5667100548744202, 0.0]","Feature_Vector: [1.0, 1.0, 0.0, 0.3829396367073059, 0.0]",2,tweet_3054_1289932
3400,8940,"Feature_Vector: [1.0, 1.0, 0.0, 0.26414474844932556, 0.0]","Feature_Vector: [1.0, 1.0, 1.0, 0.5120919942855835, 0.0]",1,tweet_8940_414371
1896,9892,"Feature_Vector: [1.0, 1.0, 0.0, 0.2681761384010315, 0.0]","Feature_Vector: [1.0, 1.0, 0.0, 0.26569047570228577, 0.0]",3,tweet_9892_1103636
9407,3632,"Feature_Vector: [1.0, 0.0, 0.0, 0.4175785481929779, 0.0]","Feature_Vector: [1.0, 0.0, 1.0, 1.0, 0.0]",1,tweet_3632_745865
2108,8085,"Feature_Vector: [1.0, 0.0, 1.0, 0.5527974963188171, 0.0]","Feature_Vector: [1.0, 1.0, 0.0, 0.3624621629714966, 0.0]",1,tweet_8085_363694
7568,1591,"Feature_Vector: [1.0, 1.0, 0.0, 0.38942164182662964, 0.0]","Feature_Vector: [1.0, 0.0, 1.0, 0.48910781741142273, 0.0]",1,tweet_1591_1028729
5486,5224,"Feature_Vector: [1.0, 1.0, 0.0, 0.45349663496017456, 0.0]","Feature_Vector: [1.0, 1.0, 0.0, 0.4832434356212616, 0.0]",1,tweet_5224_154196
6276,8149,"Feature_Vector: [1.0, 1.0, 0.0, 0.35709431767463684, 0.0]","Feature_Vector: [0.0, 0.0, 0.0, 0.37898826599121094, 0.0]",1,tweet_8149_177714
6658,6818,"Feature_Vector: [1.0, 1.0, 0.0, 0.14470288157463074, 0.0]","Feature_Vector: [0.0, 0.0, 0.0, 0.4001310467720032, 0.0]",3,tweet_6818_1364548
10004,8867,"Feature_Vector: [1.0, 1.0, 0.0, 0.3395419120788574, 0.0]","Feature_Vector: [0.0, 0.0, 0.0, 0.6081048250198364, 0.0]",1,tweet_8867_649962
222,5019,"Feature_Vector: [1.0, 1.0, 0.0, 0.2907254993915558, 0.0]","Feature_Vector: [1.0, 1.0, 0.0, 0.2328343242406845, 1.0]",1,tweet_5019_6101
6520,7457,"Feature_Vector: [1.0, 1.0, 0.0, 0.2986243963241577, 0.0]","Feature_Vector: [1.0, 1.0, 0.0, 0.37510573863983154, 0.0]",1,tweet_7457_183864
3527,2066,"Feature_Vector: [1.0, 1.0, 0.0, 0.45504137873649597, 0.0]","Feature_Vector: [1.0, 1.0, 0.0, 0.32834285497665405, 0.0]",1,tweet_2066_417452
9461,4965,"Feature_Vector: [1.0, 1.0, 0.0, 0.2728412449359894, 0.0]","Feature_Vector: [1.0, 1.0, 0.0, 0.42358100414276123, 0.0]",1,tweet_4965_746437
7129,1843,"Feature_Vector: [1.0, 1.0, 0.0, 0.48933982849121094, 0.0]","Feature_Vector: [1.0, 1.0, 0.0, 0.3974418044090271, 0.0]",1,tweet_1843_546549
1637,7574,"Feature_Vector: [1.0, 1.0, 0.0, 0.3622789978981018, 0.0]","Feature_Vector: [1.0, 1.0, 0.0, 0.42413529753685, 0.0]",1,tweet_7574_671272
8573,1500,"Feature_Vector: [1.0, 1.0, 0.0, 0.3241748809814453, 0.0]","Feature_Vector: [1.0, 1.0, 0.0, 0.3480616509914398, 0.0]",1,tweet_1500_236614
855,4771,"Feature_Vector: [1.0, 1.0, 0.0, 0.310125470161438, 0.0]","Feature_Vector: [1.0, 1.0, 0.0, 0.4932616651058197, 0.0]",3,tweet_4771_1072340
8417,6978,"Feature_Vector: [1.0, 1.0, 0.0, 0.38786962628364563, 0.0]","Feature_Vector: [1.0, 1.0, 0.0, 0.33912861347198486, 0.0]",1,tweet_6978_589817
9903,4957,"Feature_Vector: [1.0, 1.0, 0.0, 0.29511559009552, 0.0]","Feature_Vector: [1.0, 0.0, 1.0, 0.5693870782852173, 0.0]",1,tweet_4957_959039
3785,1317,"Feature_Vector: [1.0, 1.0, 0.0, 0.41328904032707214, 0.0]","Feature_Vector: [1.0, 1.0, 0.0, 0.40791580080986023, 0.0]",1,tweet_1317_426894
9738,8685,"Feature_Vector: [1.0, 1.0, 0.0, 0.45278191566467285, 0.0]","Feature_Vector: [1.0, 1.0, 0.0, 0.3679471015930176, 0.0]",1,tweet_8685_271096
3487,3487,"Feature_Vector: [1.0, 1.0, 1.0, 0.6530749797821045, 0.0]","Feature_Vector: [1.0, 1.0, 1.0, 0.6530749797821045, 0.0]",1,tweet_3487_822764
9440,2373,"Feature_Vector: [1.0, 1.0, 0.0, 0.3178894519805908, 0.0]","Feature_Vector: [1.0, 1.0, 0.0, 0.28305232524871826, 0.0]",1,tweet_2373_625638
8314,2415,"Feature_Vector: [1.0, 1.0, 0.0, 0.39234939217567444, 0.0]","Feature_Vector: [1.0, 1.0, 0.0, 0.4527265727519989, 0.0]",1,tweet_2415_586822
5795,3095,"Feature_Vector: [1.0, 1.0, 0.0, 0.18996766209602356, 0.0]","Feature_Vector: [1.0, 1.0, 1.0, 0.5488268733024597, 0.0]",1,tweet_3095_874036
4621,5215,"Feature_Vector: [1.0, 1.0, 0.0, 0.3656613826751709, 0.0]","Feature_Vector: [1.0, 1.0, 0.0, 0.3679471015930176, 1.0]",4,tweet_5215_1164852
5176,8540,"Feature_Vector: [1.0, 1.0, 0.0, 0.4202014207839966, 0.0]","Feature_Vector: [1.0, 1.0, 1.0, 0.6127685308456421, 0.0]",1,tweet_8540_1012216
9540,8940,"Feature_Vector: [1.0, 1.0, 0.0, 0.4228333532810211, 0.0]","Feature_Vector: [1.0, 1.0, 1.0, 0.5120919942855835, 0.0]",1,tweet_8940_747541
5588,8938,"Feature_Vector: [1.0, 1.0, 0.0, 0.325949102640152, 0.0]","Feature_Vector: [1.0, 1.0, 0.0, 0.4468768835067749, 0.0]",4,tweet_8938_1181552
834,8867,"Feature_Vector: [1.0, 1.0, 0.0, 0.4117835462093353, 0.0]","Feature_Vector: [0.0, 0.0, 0.0, 0.6081048250198364, 0.0]",3,tweet_8867_1071872
2692,5645,"Feature_Vector: [1.0, 1.0, 0.0, 0.4325993061065674, 0.0]","Feature_Vector: [1.0, 1.0, 1.0, 0.6468755006790161, 0.0]",1,tweet_5645_681292
6484,1759,"Feature_Vector: [1.0, 1.0, 0.0, 0.3883339464664459, 0.0]","Feature_Vector: [1.0, 1.0, 0.0, 0.4628397524356842, 0.0]",1,tweet_1759_1020520
11,9779,"Feature_Vector: [1.0, 1.0, 0.0, 0.3141409158706665, 0.0]","Feature_Vector: [1.0, 1.0, 0.0, 0.3368716835975647, 0.0]",3,tweet_9779_1047057
6859,2278,"Feature_Vector: [1.0, 1.0, 0.0, 0.33406877517700195, 0.0]","Feature_Vector: [1.0, 1.0, 0.0, 0.16611197590827942, 1.0]",1,tweet_2278_192751
7895,7405,"Feature_Vector: [1.0, 1.0, 0.0, 0.35378092527389526, 0.0]","Feature_Vector: [1.0, 1.0, 0.0, 0.3886222243309021, 0.0]",1,tweet_7405_221061
6003,4462,"Feature_Vector: [1.0, 1.0, 0.0, 0.2250405102968216, 0.0]","Feature_Vector: [1.0, 1.0, 0.0, 0.37488609552383423, 0.0]",1,tweet_4462_507327
4413,2078,"Feature_Vector: [0.0, 0.0, 0.0, 0.39104241132736206, 0.0]","Feature_Vector: [0.0, 0.0, 0.0, 0.3681127727031708, 0.0]",1,tweet_2078_121655
6701,1374,"Feature_Vector: [1.0, 1.0, 0.0, 0.48115232586860657, 0.0]","Feature_Vector: [0.0, 0.0, 0.0, 0.433045893907547, 0.0]",1,tweet_1374_188489
7586,4804,"Feature_Vector: [1.0, 1.0, 1.0, 0.45550018548965454, 0.0]","Feature_Vector: [1.0, 1.0, 0.0, 0.41047149896621704, 0.0]",1,tweet_4804_212830
5772,7308,"Feature_Vector: [1.0, 1.0, 0.0, 0.14018723368644714, 0.0]","Feature_Vector: [1.0, 1.0, 0.0, 0.36069756746292114, 0.0]",2,tweet_7308_1184439
2395,7622,"Feature_Vector: [0.0, 0.0, 0.0, 0.48408618569374084, 0.0]","Feature_Vector: [1.0, 1.0, 0.0, 0.4539681077003479, 0.0]",1,tweet_7622_65156
4764,7895,"Feature_Vector: [1.0, 0.0, 0.0, 0.20371171832084656, 0.0]","Feature_Vector: [1.0, 1.0, 0.0, 0.35378092527389526, 0.0]",1,tweet_7895_1009767
6813,9135,"Feature_Vector: [1.0, 1.0, 0.0, 0.3311192989349365, 0.0]","Feature_Vector: [1.0, 1.0, 0.0, 0.34076395630836487, 0.0]",3,tweet_9135_1197978
3370,3370,"Feature_Vector: [1.0, 1.0, 0.0, 0.48336154222488403, 0.0]","Feature_Vector: [1.0, 1.0, 0.0, 0.48336154222488403, 0.0]",1,tweet_3370_999143
479,10171,"Feature_Vector: [1.0, 1.0, 0.0, 0.23003628849983215, 0.0]","Feature_Vector: [1.0, 1.0, 0.0, 0.38407301902770996, 0.0]",1,tweet_10171_304182
5748,4601,"Feature_Vector: [1.0, 1.0, 1.0, 0.49100327491760254, 0.0]","Feature_Vector: [1.0, 0.0, 1.0, 0.4790964722633362, 0.0]",1,tweet_4601_160288
140,8296,"Feature_Vector: [1.0, 1.0, 0.0, 0.30402714014053345, 0.0]","Feature_Vector: [1.0, 0.0, 1.0, 0.8148944973945618, 0.0]",1,tweet_8296_657343
5252,8353,"Feature_Vector: [0.0, 0.0, 1.0, 0.5689771175384521, 0.0]","Feature_Vector: [1.0, 1.0, 0.0, 0.4971977174282074, 0.0]",1,tweet_8353_149127
2,1736,"Feature_Vector: [1.0, 1.0, 0.0, 0.24127022922039032, 0.0]","Feature_Vector: [0.0, 0.0, 0.0, 0.32834285497665405, 0.0]",2,tweet_1736_1216883
6365,4462,"Feature_Vector: [1.0, 1.0, 0.0, 0.3800693154335022, 0.0]","Feature_Vector: [1.0, 1.0, 0.0, 0.37488609552383423, 0.0]",1,tweet_4462_521337
5944,5944,"Feature_Vector: [1.0, 1.0, 1.0, 0.6163211464881897, 0.0]","Feature_Vector: [1.0, 1.0, 1.0, 0.6163211464881897, 0.0]",1,tweet_5944_882570
7421,7572,"Feature_Vector: [1.0, 0.0, 0.0, 0.25322863459587097, 0.0]","Feature_Vector: [1.0, 1.0, 0.0, 0.43991121649742126, 0.0]",2,tweet_7572_1372364
9064,6610,"Feature_Vector: [1.0, 1.0, 0.0, 0.2948130667209625, 0.0]","Feature_Vector: [1.0, 1.0, 0.0, 0.234625443816185, 1.0]",1,tweet_6610_251294
77,7483,"Feature_Vector: [1.0, 1.0, 0.0, 0.44625917077064514, 0.0]","Feature_Vector: [1.0, 0.0, 0.0, 0.4630553722381592, 0.0]",1,tweet_7483_290799
10105,1500,"Feature_Vector: [1.0, 1.0, 0.0, 0.31172114610671997, 0.0]","Feature_Vector: [1.0, 1.0, 0.0, 0.3480616509914398, 0.0]",1,tweet_1500_283861
8660,8660,"Feature_Vector: [1.0, 1.0, 0.0, 0.5584698915481567, 0.0]","Feature_Vector: [1.0, 1.0, 0.0, 0.5584698915481567, 0.0]",1,tweet_8660_933625
8253,8479,"Feature_Vector: [1.0, 0.0, 1.0, 0.4717825949192047, 0.0]","Feature_Vector: [1.0, 0.0, 1.0, 0.5086915493011475, 0.0]",1,tweet_8479_927292
9271,8268,"Feature_Vector: [0.0, 0.0, 0.0, 0.4993548095226288, 0.0]","Feature_Vector: [1.0, 1.0, 0.0, 0.37286970019340515, 0.0]",1,tweet_8268_256212
4042,7770,"Feature_Vector: [1.0, 1.0, 0.0, 0.12395750731229782, 1.0]","Feature_Vector: [1.0, 1.0, 0.0, 0.43354088068008423, 0.0]",1,tweet_7770_695006
6511,6511,"Feature_Vector: [1.0, 1.0, 0.0, 0.466063529253006, 0.0]","Feature_Vector: [1.0, 1.0, 0.0, 0.466063529253006, 0.0]",1,tweet_6511_1020858
9181,9181,"Feature_Vector: [1.0, 1.0, 0.0, 0.19373008608818054, 0.0]","Feature_Vector: [1.0, 1.0, 0.0, 0.19373008608818054, 0.0]",1,tweet_9181_943649
2354,7853,"Feature_Vector: [1.0, 1.0, 0.0, 0.3170776963233948, 0.0]","Feature_Vector: [1.0, 0.0, 0.0, 0.37583181262016296, 0.0]",1,tweet_7853_64092
1191,242,"Feature_Vector: [1.0, 1.0, 0.0, 0.38936492800712585, 0.0]","Feature_Vector: [1.0, 1.0, 0.0, 0.4232395589351654, 0.0]",1,tweet_242_30486
8253,8253,"Feature_Vector: [1.0, 0.0, 1.0, 0.4717825949192047, 0.0]","Feature_Vector: [1.0, 0.0, 1.0, 0.4717825949192047, 0.0]",1,tweet_8253_927284
4906,2500,"Feature_Vector: [1.0, 1.0, 0.0, 0.3082447648048401, 0.0]","Feature_Vector: [1.0, 1.0, 0.0, 0.4847284257411957, 0.0]",1,tweet_2500_138172
2014,5628,"Feature_Vector: [1.0, 1.0, 0.0, 0.36827796697616577, 0.0]","Feature_Vector: [1.0, 1.0, 0.0, 0.26517993211746216, 0.0]",1,tweet_5628_54273
1177,1177,"Feature_Vector: [1.0, 0.0, 0.0, 0.6398541927337646, 0.0]","Feature_Vector: [1.0, 0.0, 0.0, 0.6398541927337646, 0.0]",1,tweet_1177_772619
3119,6589,"Feature_Vector: [1.0, 1.0, 0.0, 0.3746655583381653, 0.0]","Feature_Vector: [0.0, 0.0, 0.0, 0.43632426857948303, 0.0]",1,tweet_6589_402537
3666,3493,"Feature_Vector: [1.0, 1.0, 1.0, 0.49721449613571167, 0.0]","Feature_Vector: [1.0, 0.0, 0.0, 0.3082447648048401, 0.0]",1,tweet_3493_102364
9583,9583,"Feature_Vector: [1.0, 1.0, 0.0, 0.41671139001846313, 0.0]","Feature_Vector: [1.0, 1.0, 0.0, 0.41671139001846313, 0.0]",1,tweet_9583_953235
6204,3316,"Feature_Vector: [1.0, 1.0, 0.0, 0.4204309582710266, 0.0]","Feature_Vector: [1.0, 1.0, 0.0, 0.38099852204322815, 0.0]",1,tweet_3316_515684
4038,4446,"Feature_Vector: [1.0, 1.0, 0.0, 0.4497900605201721, 0.0]","Feature_Vector: [1.0, 1.0, 0.0, 0.46577128767967224, 0.0]",1,tweet_4446_434724
9338,7578,"Feature_Vector: [1.0, 1.0, 0.0, 0.42182081937789917, 0.0]","Feature_Vector: [1.0, 1.0, 0.0, 0.31149595975875854, 0.0]",1,tweet_7578_257165
2986,8938,"Feature_Vector: [1.0, 1.0, 0.0, 0.39299169182777405, 0.0]","Feature_Vector: [1.0, 1.0, 0.0, 0.4468768835067749, 0.0]",4,tweet_8938_1128533
4319,10043,"Feature_Vector: [1.0, 1.0, 0.0, 0.3706205487251282, 0.0]","Feature_Vector: [1.0, 1.0, 0.0, 0.2741687297821045, 0.0]",3,tweet_10043_1158060
7748,6984,"Feature_Vector: [1.0, 1.0, 0.0, 0.30895739793777466, 0.0]","Feature_Vector: [1.0, 1.0, 0.0, 0.28666993975639343, 0.0]",1,tweet_6984_731171
6512,4492,"Feature_Vector: [1.0, 1.0, 0.0, 0.4521700143814087, 0.0]","Feature_Vector: [1.0, 1.0, 0.0, 0.48578622937202454, 0.0]",1,tweet_4492_527160
1133,7292,"Feature_Vector: [1.0, 1.0, 0.0, 0.35709431767463684, 0.0]","Feature_Vector: [1.0, 1.0, 0.0, 0.30728039145469666, 0.0]",1,tweet_7292_28806
1372,3726,"Feature_Vector: [1.0, 1.0, 0.0, 0.37939608097076416, 0.0]","Feature_Vector: [1.0, 1.0, 0.0, 0.3174850344657898, 0.0]",1,tweet_3726_35284
7243,7243,"Feature_Vector: [1.0, 1.0, 0.0, 0.5445482134819031, 0.0]","Feature_Vector: [1.0, 1.0, 0.0, 0.5445482134819031, 0.0]",1,tweet_7243_906685
4896,4896,"Feature_Vector: [1.0, 1.0, 0.0, 0.43439042568206787, 0.0]","Feature_Vector: [1.0, 1.0, 0.0, 0.43439042568206787, 0.0]",1,tweet_4896_856795
4552,8304,"Feature_Vector: [1.0, 0.0, 0.0, 0.33787021040916443, 0.0]","Feature_Vector: [0.0, 0.0, 0.0, 0.344404935836792, 0.0]",2,tweet_8304_1331485
5519,8154,"Feature_Vector: [1.0, 1.0, 0.0, 0.32783839106559753, 0.0]","Feature_Vector: [1.0, 1.0, 0.0, 0.35462769865989685, 0.0]",1,tweet_8154_490051
67,2617,"Feature_Vector: [1.0, 1.0, 0.0, 0.43017417192459106, 0.0]","Feature_Vector: [1.0, 0.0, 0.0, 0.31728172302246094, 0.0]",2,tweet_2617_1219418
5823,5823,"Feature_Vector: [1.0, 1.0, 0.0, 0.39245694875717163, 0.0]","Feature_Vector: [1.0, 1.0, 0.0, 0.39245694875717163, 0.0]",1,tweet_5823_1016563
1414,1213,"Feature_Vector: [1.0, 1.0, 0.0, 0.40124547481536865, 0.0]","Feature_Vector: [1.0, 1.0, 0.0, 0.3689339756965637, 0.0]",1,tweet_1213_36775
6798,8940,"Feature_Vector: [1.0, 1.0, 0.0, 0.5117623209953308, 0.0]","Feature_Vector: [1.0, 1.0, 1.0, 0.5120919942855835, 0.0]",1,tweet_8940_721967
4236,7023,"Feature_Vector: [1.0, 1.0, 0.0, 0.3773268461227417, 0.0]","Feature_Vector: [1.0, 1.0, 0.0, 0.30989378690719604, 0.0]",3,tweet_7023_1156797
7844,7844,"Feature_Vector: [1.0, 0.0, 0.0, 0.49426066875457764, 0.0]","Feature_Vector: [1.0, 0.0, 0.0, 0.49426066875457764, 0.0]",1,tweet_7844_918707
3169,10167,"Feature_Vector: [1.0, 1.0, 0.0, 0.3550463616847992, 0.0]","Feature_Vector: [1.0, 1.0, 0.0, 0.5090328454971313, 0.0]",3,tweet_10167_1304799
4923,6710,"Feature_Vector: [1.0, 1.0, 0.0, 0.4348737895488739, 0.0]","Feature_Vector: [1.0, 1.0, 0.0, 0.4343392848968506, 0.0]",1,tweet_6710_138511
2328,6978,"Feature_Vector: [1.0, 1.0, 0.0, 0.3940984308719635, 0.0]","Feature_Vector: [1.0, 1.0, 0.0, 0.33912861347198486, 0.0]",1,tweet_6978_677922
3019,3019,"Feature_Vector: [0.0, 0.0, 0.0, 0.39549019932746887, 0.0]","Feature_Vector: [0.0, 0.0, 0.0, 0.39549019932746887, 0.0]",1,tweet_3019_812285
2328,8233,"Feature_Vector: [1.0, 1.0, 0.0, 0.3940984308719635, 0.0]","Feature_Vector: [1.0, 1.0, 0.0, 0.425077348947525, 0.0]",3,tweet_8233_1112871
3663,9739,"Feature_Vector: [1.0, 1.0, 0.0, 0.3789200186729431, 0.0]","Feature_Vector: [1.0, 1.0, 0.0, 0.5267648696899414, 0.0]",1,tweet_9739_691306
4560,4985,"Feature_Vector: [0.0, 0.0, 0.0, 0.3058021664619446, 0.0]","Feature_Vector: [1.0, 0.0, 0.0, 0.4276113212108612, 0.0]",2,tweet_4985_1331724
4218,4956,"Feature_Vector: [0.0, 0.0, 0.0, 0.2945089638233185, 0.0]","Feature_Vector: [1.0, 1.0, 0.0, 0.41216370463371277, 0.0]",3,tweet_4956_1324948
4832,7206,"Feature_Vector: [1.0, 1.0, 0.0, 0.4646766781806946, 0.0]","Feature_Vector: [0.0, 0.0, 0.0, 0.3996601402759552, 0.0]",2,tweet_7206_1336935
1690,5229,"Feature_Vector: [1.0, 1.0, 0.0, 0.2877114713191986, 0.0]","Feature_Vector: [1.0, 1.0, 0.0, 0.28560879826545715, 0.0]",1,tweet_5229_349438
2893,9884,"Feature_Vector: [1.0, 1.0, 0.0, 0.6793380975723267, 0.0]","Feature_Vector: [1.0, 1.0, 0.0, 0.36487841606140137, 0.0]",1,tweet_9884_79508
2125,516,"Feature_Vector: [1.0, 0.0, 0.0, 0.5008140206336975, 0.0]","Feature_Vector: [1.0, 1.0, 0.0, 0.3433884084224701, 0.0]",1,tweet_516_57281
7629,6365,"Feature_Vector: [1.0, 1.0, 0.0, 0.3523772060871124, 0.0]","Feature_Vector: [1.0, 1.0, 0.0, 0.3800693154335022, 0.0]",1,tweet_6365_213949
7208,4830,"Feature_Vector: [0.0, 0.0, 1.0, 0.4330981969833374, 0.0]","Feature_Vector: [1.0, 0.0, 1.0, 0.7055684924125671, 0.0]",1,tweet_4830_202177
9469,3370,"Feature_Vector: [1.0, 1.0, 0.0, 0.4337221682071686, 0.0]","Feature_Vector: [1.0, 1.0, 0.0, 0.48336154222488403, 0.0]",1,tweet_3370_627108
4446,6056,"Feature_Vector: [1.0, 1.0, 0.0, 0.46577128767967224, 0.0]","Feature_Vector: [1.0, 1.0, 0.0, 0.521015465259552, 0.0]",1,tweet_6056_447618
6052,7075,"Feature_Vector: [1.0, 1.0, 0.0, 0.38413530588150024, 0.0]","Feature_Vector: [1.0, 1.0, 0.0, 0.31562840938568115, 0.0]",3,tweet_7075_1189092
6418,9764,"Feature_Vector: [0.0, 0.0, 0.0, 0.4295373558998108, 0.0]","Feature_Vector: [1.0, 1.0, 0.0, 0.658027708530426, 0.0]",1,tweet_9764_523059
4173,7881,"Feature_Vector: [1.0, 1.0, 0.0, 0.3931511342525482, 0.0]","Feature_Vector: [1.0, 0.0, 0.0, 0.3281751871109009, 0.0]",2,tweet_7881_1324183
1450,9779,"Feature_Vector: [1.0, 1.0, 0.0, 0.4346707761287689, 0.0]","Feature_Vector: [1.0, 1.0, 0.0, 0.3368716835975647, 0.0]",3,tweet_9779_1090119
4368,4368,"Feature_Vector: [1.0, 0.0, 0.0, 0.424835741519928, 0.0]","Feature_Vector: [1.0, 0.0, 0.0, 0.424835741519928, 0.0]",1,tweet_4368_845449
6408,5690,"Feature_Vector: [1.0, 1.0, 0.0, 0.48257309198379517, 0.0]","Feature_Vector: [1.0, 1.0, 0.0, 0.4323614239692688, 0.0]",1,tweet_5690_522618
505,2918,"Feature_Vector: [1.0, 0.0, 0.0, 0.35936111211776733, 0.0]","Feature_Vector: [1.0, 0.0, 0.0, 0.34478145837783813, 0.0]",1,tweet_2918_304869
3703,1672,"Feature_Vector: [1.0, 1.0, 0.0, 0.4472239315509796, 0.0]","Feature_Vector: [1.0, 1.0, 0.0, 0.3914267420768738, 0.0]",1,tweet_1672_424254
5199,242,"Feature_Vector: [1.0, 1.0, 0.0, 0.4007374346256256, 0.0]","Feature_Vector: [1.0, 1.0, 0.0, 0.4232395589351654, 0.0]",1,tweet_242_147173
1683,9227,"Feature_Vector: [1.0, 0.0, 0.0, 0.3507128953933716, 0.0]","Feature_Vector: [1.0, 1.0, 0.0, 0.4040701985359192, 0.0]",2,tweet_9227_1270148
2614,4538,"Feature_Vector: [1.0, 1.0, 0.0, 0.3776770234107971, 0.0]","Feature_Vector: [1.0, 1.0, 0.0, 0.2890709638595581, 0.0]",1,tweet_4538_993610
3646,3646,"Feature_Vector: [1.0, 1.0, 0.0, 0.4886994957923889, 0.0]","Feature_Vector: [1.0, 1.0, 0.0, 0.4886994957923889, 0.0]",1,tweet_3646_830112
7465,9780,"Feature_Vector: [1.0, 1.0, 0.0, 0.3412986993789673, 0.0]","Feature_Vector: [1.0, 1.0, 0.0, 0.23098446428775787, 0.0]",3,tweet_9780_1203982
9256,2299,"Feature_Vector: [1.0, 1.0, 0.0, 0.29511559009552, 0.0]","Feature_Vector: [1.0, 1.0, 0.0, 0.30376896262168884, 0.0]",1,tweet_2299_618570
234,7595,"Feature_Vector: [1.0, 1.0, 0.0, 0.4613068997859955, 0.0]","Feature_Vector: [1.0, 0.0, 0.0, 0.5008533596992493, 0.0]",1,tweet_7595_6396
1560,5036,"Feature_Vector: [1.0, 1.0, 0.0, 0.3326908349990845, 0.0]","Feature_Vector: [1.0, 1.0, 0.0, 0.3032490015029907, 0.0]",1,tweet_5036_344584
80,8443,"Feature_Vector: [1.0, 1.0, 0.0, 0.36942100524902344, 0.0]","Feature_Vector: [1.0, 1.0, 0.0, 0.25322863459587097, 0.0]",1,tweet_8443_291134
4130,9984,"Feature_Vector: [1.0, 1.0, 0.0, 0.35367417335510254, 0.0]","Feature_Vector: [1.0, 1.0, 0.0, 0.37309733033180237, 0.0]",1,tweet_9984_438096
3895,8010,"Feature_Vector: [1.0, 1.0, 0.0, 0.3938368856906891, 0.0]","Feature_Vector: [1.0, 1.0, 0.0, 0.4665279686450958, 0.0]",3,tweet_8010_1149813
2998,932,"Feature_Vector: [1.0, 1.0, 0.0, 0.4467743933200836, 0.0]","Feature_Vector: [1.0, 1.0, 0.0, 0.35116153955459595, 0.0]",1,tweet_932_82802
1202,2096,"Feature_Vector: [1.0, 1.0, 0.0, 0.3983202576637268, 0.0]","Feature_Vector: [1.0, 1.0, 0.0, 0.26092013716697693, 0.0]",1,tweet_2096_30597
4737,10126,"Feature_Vector: [1.0, 1.0, 0.0, 0.45145705342292786, 0.0]","Feature_Vector: [1.0, 1.0, 0.0, 0.4034103453159332, 0.0]",1,tweet_10126_132815
2080,9633,"Feature_Vector: [1.0, 1.0, 0.0, 0.3166674077510834, 0.0]","Feature_Vector: [1.0, 1.0, 0.0, 0.4273224472999573, 0.0]",2,tweet_9633_1281326
3646,3646,"Feature_Vector: [1.0, 1.0, 0.0, 0.4886994957923889, 0.0]","Feature_Vector: [1.0, 1.0, 0.0, 0.4886994957923889, 0.0]",1,tweet_3646_830023
2684,9677,"Feature_Vector: [1.0, 1.0, 0.0, 0.2380456179380417, 0.0]","Feature_Vector: [0.0, 0.0, 0.0, 0.3766198754310608, 0.0]",2,tweet_9677_1294592
6433,3695,"Feature_Vector: [0.0, 0.0, 0.0, 0.43510133028030396, 0.0]","Feature_Vector: [1.0, 1.0, 0.0, 0.4325729012489319, 0.0]",1,tweet_3695_523779
2162,913,"Feature_Vector: [1.0, 1.0, 0.0, 0.3902098834514618, 0.0]","Feature_Vector: [1.0, 0.0, 0.0, 0.6019206047058105, 0.0]",1,tweet_913_365958
2582,9604,"Feature_Vector: [1.0, 1.0, 0.0, 0.1838071197271347, 0.0]","Feature_Vector: [1.0, 1.0, 0.0, 0.23191697895526886, 0.0]",3,tweet_9604_1292562
8554,7552,"Feature_Vector: [1.0, 1.0, 0.0, 0.3162540793418884, 0.0]","Feature_Vector: [1.0, 1.0, 0.0, 0.39549019932746887, 1.0]",1,tweet_7552_594873
9079,9079,"Feature_Vector: [1.0, 0.0, 1.0, 0.5973740220069885, 0.0]","Feature_Vector: [1.0, 0.0, 1.0, 0.5973740220069885, 0.0]",1,tweet_9079_941196
3997,10044,"Feature_Vector: [0.0, 0.0, 0.0, 0.464572012424469, 0.0]","Feature_Vector: [1.0, 1.0, 0.0, 0.6037755608558655, 0.0]",1,tweet_10044_838767
2168,3631,"Feature_Vector: [1.0, 1.0, 0.0, 0.15641696751117706, 0.0]","Feature_Vector: [1.0, 0.0, 0.0, 0.38936492800712585, 0.0]",2,tweet_3631_1283598
4292,9757,"Feature_Vector: [0.0, 0.0, 0.0, 0.18996766209602356, 0.0]","Feature_Vector: [0.0, 0.0, 0.0, 0.5052915215492249, 0.0]",2,tweet_9757_1326611
5034,9526,"Feature_Vector: [1.0, 1.0, 0.0, 0.1792914718389511, 1.0]","Feature_Vector: [0.0, 0.0, 0.0, 0.4491249620914459, 0.0]",1,tweet_9526_473635
994,7604,"Feature_Vector: [1.0, 1.0, 0.0, 0.4938614070415497, 0.0]","Feature_Vector: [1.0, 0.0, 0.0, 0.49798116087913513, 0.0]",1,tweet_7604_25277
4985,1872,"Feature_Vector: [1.0, 0.0, 0.0, 0.4276113212108612, 0.0]","Feature_Vector: [1.0, 1.0, 0.0, 0.36237064003944397, 0.0]",1,tweet_1872_140719
714,8393,"Feature_Vector: [0.0, 0.0, 0.0, 0.39559194445610046, 0.0]","Feature_Vector: [1.0, 1.0, 0.0, 0.15983712673187256, 0.0]",2,tweet_8393_1241586
8124,6639,"Feature_Vector: [1.0, 1.0, 0.0, 0.3412986993789673, 0.0]","Feature_Vector: [1.0, 1.0, 0.0, 0.2945089638233185, 0.0]",1,tweet_6639_226650
5492,23,"Feature_Vector: [1.0, 1.0, 0.0, 0.3243548572063446, 0.0]","Feature_Vector: [1.0, 1.0, 0.0, 0.27958542108535767, 0.0]",1,tweet_23_154475
4064,8327,"Feature_Vector: [1.0, 1.0, 0.0, 0.33361318707466125, 0.0]","Feature_Vector: [1.0, 0.0, 0.0, 0.24860724806785583, 0.0]",3,tweet_8327_1322304
1822,9377,"Feature_Vector: [1.0, 1.0, 0.0, 0.4266816973686218, 0.0]","Feature_Vector: [1.0, 0.0, 1.0, 0.7887343764305115, 0.0]",2,tweet_9377_1273930
4233,4233,"Feature_Vector: [0.0, 0.0, 1.0, 0.45695748925209045, 0.0]","Feature_Vector: [0.0, 0.0, 1.0, 0.45695748925209045, 0.0]",1,tweet_4233_843909
9014,7845,"Feature_Vector: [1.0, 1.0, 0.0, 0.29105064272880554, 0.0]","Feature_Vector: [1.0, 1.0, 0.0, 0.5020750164985657, 0.0]",1,tweet_7845_249746
4737,5865,"Feature_Vector: [1.0, 1.0, 0.0, 0.45145705342292786, 0.0]","Feature_Vector: [1.0, 1.0, 0.0, 0.39446258544921875, 0.0]",1,tweet_5865_132637
1079,9556,"Feature_Vector: [1.0, 1.0, 0.0, 0.4266816973686218, 0.0]","Feature_Vector: [1.0, 1.0, 0.0, 0.43718186020851135, 0.0]",1,tweet_9556_323906
2396,2234,"Feature_Vector: [1.0, 1.0, 0.0, 0.2714817523956299, 0.0]","Feature_Vector: [1.0, 1.0, 0.0, 0.3460186719894409, 0.0]",1,tweet_2234_375537
5859,5859,"Feature_Vector: [0.0, 0.0, 0.0, 0.5518944263458252, 0.0]","Feature_Vector: [0.0, 0.0, 0.0, 0.5518944263458252, 0.0]",1,tweet_5859_1017378
3994,2180,"Feature_Vector: [1.0, 0.0, 0.0, 0.3433884084224701, 0.0]","Feature_Vector: [1.0, 0.0, 1.0, 0.8602653741836548, 0.0]",1,tweet_2180_433584
7462,4879,"Feature_Vector: [1.0, 1.0, 0.0, 0.20371171832084656, 0.0]","Feature_Vector: [1.0, 1.0, 0.0, 0.3458961844444275, 0.0]",1,tweet_4879_209340
8417,7087,"Feature_Vector: [1.0, 1.0, 0.0, 0.38786962628364563, 0.0]","Feature_Vector: [1.0, 1.0, 1.0, 0.6930900812149048, 0.0]",1,tweet_7087_930643
1803,1803,"Feature_Vector: [1.0, 1.0, 0.0, 0.3454034626483917, 0.0]","Feature_Vector: [1.0, 1.0, 0.0, 0.3454034626483917, 0.0]",1,tweet_1803_785175
8253,8186,"Feature_Vector: [1.0, 0.0, 1.0, 0.4717825949192047, 0.0]","Feature_Vector: [1.0, 0.0, 1.0, 0.5432462096214294, 0.0]",1,tweet_8186_230032
125,6758,"Feature_Vector: [1.0, 1.0, 0.0, 0.35838672518730164, 0.0]","Feature_Vector: [1.0, 1.0, 0.0, 0.4459894001483917, 0.0]",1,tweet_6758_4076
4676,10015,"Feature_Vector: [1.0, 1.0, 0.0, 0.30057477951049805, 0.0]","Feature_Vector: [1.0, 0.0, 1.0, 0.6219579577445984, 0.0]",1,tweet_10015_458687
3765,1759,"Feature_Vector: [1.0, 1.0, 0.0, 0.32159334421157837, 0.0]","Feature_Vector: [1.0, 1.0, 0.0, 0.4628397524356842, 0.0]",1,tweet_1759_426557
10139,4670,"Feature_Vector: [1.0, 1.0, 0.0, 0.28305232524871826, 0.0]","Feature_Vector: [0.0, 0.0, 1.0, 0.5267648696899414, 0.0]",1,tweet_4670_1046307
3311,9291,"Feature_Vector: [1.0, 0.0, 0.0, 0.25570884346961975, 0.0]","Feature_Vector: [1.0, 1.0, 0.0, 0.14018723368644714, 0.0]",2,tweet_9291_1307977
1608,1608,"Feature_Vector: [1.0, 1.0, 0.0, 0.23886920511722565, 0.0]","Feature_Vector: [1.0, 1.0, 0.0, 0.23886920511722565, 0.0]",1,tweet_1608_781183
7209,7209,"Feature_Vector: [1.0, 1.0, 0.0, 0.4315612018108368, 0.0]","Feature_Vector: [1.0, 1.0, 0.0, 0.4315612018108368, 0.0]",1,tweet_7209_904862
2302,2302,"Feature_Vector: [1.0, 1.0, 0.0, 0.5559972524642944, 0.0]","Feature_Vector: [1.0, 1.0, 0.0, 0.5559972524642944, 0.0]",1,tweet_2302_799728
199,199,"Feature_Vector: [1.0, 1.0, 0.0, 0.5112609267234802, 0.0]","Feature_Vector: [1.0, 1.0, 0.0, 0.5112609267234802, 0.0]",1,tweet_199_757528
6289,6289,"Feature_Vector: [0.0, 0.0, 0.0, 0.44310879707336426, 0.0]","Feature_Vector: [0.0, 0.0, 0.0, 0.44310879707336426, 0.0]",1,tweet_6289_887931
7852,7852,"Feature_Vector: [1.0, 1.0, 0.0, 0.22181588411331177, 0.0]","Feature_Vector: [1.0, 1.0, 0.0, 0.22181588411331177, 0.0]",1,tweet_7852_918870
2977,6928,"Feature_Vector: [1.0, 1.0, 0.0, 0.2671949863433838, 0.0]","Feature_Vector: [1.0, 1.0, 0.0, 0.4022480249404907, 0.0]",2,tweet_6928_1300788
5523,6215,"Feature_Vector: [0.0, 0.0, 0.0, 0.2714817523956299, 0.0]","Feature_Vector: [1.0, 0.0, 0.0, 0.30703669786453247, 0.0]",3,tweet_6215_1349084
9954,9800,"Feature_Vector: [1.0, 1.0, 0.0, 0.3130538761615753, 0.0]","Feature_Vector: [1.0, 1.0, 0.0, 0.23636144399642944, 0.0]",1,tweet_9800_279187
4928,4868,"Feature_Vector: [1.0, 1.0, 0.0, 0.44689735770225525, 0.0]","Feature_Vector: [1.0, 1.0, 0.0, 0.3710147738456726, 0.0]",1,tweet_4868_138831
7876,6146,"Feature_Vector: [1.0, 1.0, 0.0, 0.437930703163147, 0.0]","Feature_Vector: [1.0, 1.0, 0.0, 0.4303940236568451, 0.0]",1,tweet_6146_919199
9528,9528,"Feature_Vector: [1.0, 1.0, 0.0, 0.375324547290802, 0.0]","Feature_Vector: [1.0, 1.0, 0.0, 0.375324547290802, 0.0]",1,tweet_9528_951724
9338,4533,"Feature_Vector: [1.0, 1.0, 0.0, 0.42182081937789917, 0.0]","Feature_Vector: [1.0, 1.0, 0.0, 0.3865726590156555, 0.0]",1,tweet_4533_257183
4438,7249,"Feature_Vector: [1.0, 1.0, 0.0, 0.21720798313617706, 0.0]","Feature_Vector: [1.0, 1.0, 0.0, 0.4997010827064514, 0.0]",1,tweet_7249_698717
5067,6093,"Feature_Vector: [1.0, 1.0, 0.0, 0.40119946002960205, 0.0]","Feature_Vector: [0.0, 0.0, 0.0, 0.30350956320762634, 0.0]",2,tweet_6093_1340899
546,6542,"Feature_Vector: [1.0, 1.0, 0.0, 0.20668163895606995, 0.0]","Feature_Vector: [1.0, 1.0, 0.0, 0.18593627214431763, 0.0]",2,tweet_6542_1235250
710,2313,"Feature_Vector: [1.0, 1.0, 0.0, 0.4293700158596039, 0.0]","Feature_Vector: [1.0, 1.0, 0.0, 0.4022480249404907, 0.0]",3,tweet_2313_1068171
3370,4666,"Feature_Vector: [1.0, 1.0, 0.0, 0.48336154222488403, 0.0]","Feature_Vector: [1.0, 1.0, 0.0, 0.4129164218902588, 0.0]",1,tweet_4666_413289
1473,7974,"Feature_Vector: [1.0, 1.0, 0.0, 0.3225289285182953, 0.0]","Feature_Vector: [1.0, 1.0, 0.0, 0.3643503487110138, 0.0]",1,tweet_7974_339888
4923,8453,"Feature_Vector: [1.0, 1.0, 0.0, 0.4348737895488739, 0.0]","Feature_Vector: [1.0, 1.0, 0.0, 0.3482971787452698, 0.0]",3,tweet_8453_1171721
6678,6678,"Feature_Vector: [1.0, 1.0, 1.0, 0.700996458530426, 0.0]","Feature_Vector: [1.0, 1.0, 1.0, 0.700996458530426, 0.0]",1,tweet_6678_893688
6183,272,"Feature_Vector: [1.0, 1.0, 0.0, 0.44742706418037415, 0.0]","Feature_Vector: [1.0, 1.0, 0.0, 0.5056105256080627, 0.0]",1,tweet_272_174878
2302,2302,"Feature_Vector: [1.0, 1.0, 0.0, 0.5559972524642944, 0.0]","Feature_Vector: [1.0, 1.0, 0.0, 0.5559972524642944, 0.0]",1,tweet_2302_797689
632,1889,"Feature_Vector: [1.0, 1.0, 0.0, 0.3112698197364807, 0.0]","Feature_Vector: [1.0, 0.0, 0.0, 0.24650456011295319, 0.0]",2,tweet_1889_1238721
5093,2614,"Feature_Vector: [1.0, 1.0, 0.0, 0.3630985915660858, 0.0]","Feature_Vector: [1.0, 1.0, 0.0, 0.3776770234107971, 0.0]",1,tweet_2614_1011795
736,6345,"Feature_Vector: [1.0, 1.0, 0.0, 0.52010577917099, 0.0]","Feature_Vector: [1.0, 0.0, 0.0, 0.40318867564201355, 0.0]",1,tweet_6345_312866
4010,4377,"Feature_Vector: [1.0, 1.0, 0.0, 0.2328343242406845, 0.0]","Feature_Vector: [1.0, 1.0, 0.0, 0.36461499333381653, 0.0]",1,tweet_4377_110680
8662,2692,"Feature_Vector: [1.0, 1.0, 0.0, 0.3907662630081177, 0.0]","Feature_Vector: [1.0, 1.0, 0.0, 0.4325993061065674, 0.0]",1,tweet_2692_239757
8116,1801,"Feature_Vector: [1.0, 0.0, 0.0, 0.45307621359825134, 0.0]","Feature_Vector: [1.0, 1.0, 0.0, 0.5805771350860596, 0.0]",1,tweet_1801_579674
242,6954,"Feature_Vector: [1.0, 1.0, 0.0, 0.4232395589351654, 0.0]","Feature_Vector: [1.0, 1.0, 0.0, 0.4348737895488739, 0.0]",1,tweet_6954_297165
431,8717,"Feature_Vector: [1.0, 0.0, 0.0, 0.29974713921546936, 0.0]","Feature_Vector: [1.0, 0.0, 0.0, 0.3771156668663025, 0.0]",2,tweet_8717_1231277
5748,10015,"Feature_Vector: [1.0, 1.0, 1.0, 0.49100327491760254, 0.0]","Feature_Vector: [1.0, 0.0, 1.0, 0.6219579577445984, 0.0]",1,tweet_10015_496129
5927,6139,"Feature_Vector: [1.0, 1.0, 0.0, 0.32982972264289856, 0.0]","Feature_Vector: [1.0, 1.0, 0.0, 0.25749996304512024, 0.0]",2,tweet_6139_1187154
4807,4457,"Feature_Vector: [1.0, 1.0, 0.0, 0.296604186296463, 0.0]","Feature_Vector: [1.0, 1.0, 0.0, 0.4762009084224701, 0.0]",1,tweet_4457_702691
4836,5697,"Feature_Vector: [1.0, 1.0, 0.0, 0.38798606395721436, 0.0]","Feature_Vector: [1.0, 0.0, 1.0, 0.4785618484020233, 0.0]",1,tweet_5697_463610
4073,3009,"Feature_Vector: [1.0, 0.0, 0.0, 0.3186896741390228, 0.0]","Feature_Vector: [0.0, 0.0, 0.0, 0.3103561997413635, 0.0]",1,tweet_3009_435959
6979,901,"Feature_Vector: [1.0, 1.0, 0.0, 0.3456503450870514, 0.0]","Feature_Vector: [1.0, 1.0, 0.0, 0.48563191294670105, 0.0]",1,tweet_901_541397
10152,643,"Feature_Vector: [0.0, 0.0, 0.0, 0.29264894127845764, 0.0]","Feature_Vector: [0.0, 0.0, 1.0, 0.6559633016586304, 0.0]",1,tweet_643_654556
6275,6275,"Feature_Vector: [1.0, 0.0, 0.0, 0.26768767833709717, 0.0]","Feature_Vector: [1.0, 0.0, 0.0, 0.26768767833709717, 0.0]",1,tweet_6275_887795
2108,2108,"Feature_Vector: [1.0, 0.0, 1.0, 0.5527974963188171, 0.0]","Feature_Vector: [1.0, 0.0, 1.0, 0.5527974963188171, 0.0]",1,tweet_2108_793395
1488,10030,"Feature_Vector: [1.0, 1.0, 0.0, 0.44871020317077637, 0.0]","Feature_Vector: [1.0, 1.0, 0.0, 0.2887341380119324, 0.0]",1,tweet_10030_39588
2619,4821,"Feature_Vector: [1.0, 0.0, 1.0, 0.7432684302330017, 0.0]","Feature_Vector: [1.0, 1.0, 0.0, 0.24127022922039032, 0.0]",2,tweet_4821_1293298
9886,6105,"Feature_Vector: [1.0, 1.0, 0.0, 0.2250405102968216, 0.0]","Feature_Vector: [1.0, 1.0, 0.0, 0.3355613350868225, 0.0]",1,tweet_6105_645899
2996,2996,"Feature_Vector: [1.0, 0.0, 0.0, 0.4312649071216583, 0.0]","Feature_Vector: [1.0, 0.0, 0.0, 0.4312649071216583, 0.0]",1,tweet_2996_811973
1525,1525,"Feature_Vector: [0.0, 0.0, 0.0, 0.5500404238700867, 0.0]","Feature_Vector: [0.0, 0.0, 0.0, 0.5500404238700867, 0.0]",1,tweet_1525_778531
5275,4563,"Feature_Vector: [1.0, 1.0, 0.0, 0.27878519892692566, 0.0]","Feature_Vector: [1.0, 1.0, 0.0, 0.3281751871109009, 0.0]",1,tweet_4563_482689
9052,1234,"Feature_Vector: [1.0, 1.0, 0.0, 0.3974418044090271, 0.0]","Feature_Vector: [1.0, 1.0, 0.0, 0.4846760630607605, 0.0]",1,tweet_1234_612455
1926,7978,"Feature_Vector: [1.0, 1.0, 0.0, 0.49035322666168213, 0.0]","Feature_Vector: [1.0, 1.0, 0.0, 0.5891216397285461, 0.0]",3,tweet_7978_1277201
2987,114,"Feature_Vector: [1.0, 1.0, 0.0, 0.3522677719593048, 0.0]","Feature_Vector: [1.0, 1.0, 0.0, 0.2710212171077728, 0.0]",1,tweet_114_397261
4586,1393,"Feature_Vector: [1.0, 0.0, 0.0, 0.5549607276916504, 0.0]","Feature_Vector: [1.0, 1.0, 0.0, 0.6285858750343323, 0.0]",1,tweet_1393_127631
9267,4335,"Feature_Vector: [1.0, 1.0, 0.0, 0.37510573863983154, 0.0]","Feature_Vector: [1.0, 0.0, 1.0, 0.6169676184654236, 0.0]",1,tweet_4335_744461
5912,9115,"Feature_Vector: [1.0, 1.0, 0.0, 0.47838640213012695, 0.0]","Feature_Vector: [1.0, 1.0, 0.0, 0.2506343722343445, 0.0]",3,tweet_9115_1186747
1675,1675,"Feature_Vector: [0.0, 0.0, 0.0, 0.47117355465888977, 0.0]","Feature_Vector: [0.0, 0.0, 0.0, 0.47117355465888977, 0.0]",1,tweet_1675_782565
7810,8704,"Feature_Vector: [1.0, 1.0, 0.0, 0.23191697895526886, 0.0]","Feature_Vector: [1.0, 1.0, 0.0, 0.2270922064781189, 0.0]",2,tweet_8704_1376026
3575,3575,"Feature_Vector: [0.0, 0.0, 0.0, 0.4013832211494446, 0.0]","Feature_Vector: [0.0, 0.0, 0.0, 0.4013832211494446, 0.0]",1,tweet_3575_1001124
8142,8148,"Feature_Vector: [1.0, 1.0, 0.0, 0.27878519892692566, 0.0]","Feature_Vector: [1.0, 1.0, 0.0, 0.4502934217453003, 0.0]",1,tweet_8148_581234
6798,5645,"Feature_Vector: [1.0, 1.0, 0.0, 0.5117623209953308, 0.0]","Feature_Vector: [1.0, 1.0, 1.0, 0.6468755006790161, 0.0]",1,tweet_5645_535986
5750,7997,"Feature_Vector: [1.0, 0.0, 0.0, 0.6121757626533508, 0.0]","Feature_Vector: [1.0, 1.0, 0.0, 0.2328343242406845, 0.0]",3,tweet_7997_1352351
3055,8272,"Feature_Vector: [0.0, 0.0, 0.0, 0.4273224472999573, 0.0]","Feature_Vector: [1.0, 1.0, 0.0, 0.1299014687538147, 0.0]",1,tweet_8272_85101
6769,3446,"Feature_Vector: [1.0, 1.0, 0.0, 0.3024599552154541, 0.0]","Feature_Vector: [1.0, 0.0, 0.0, 0.2880544364452362, 0.0]",1,tweet_3446_534690
5042,5938,"Feature_Vector: [1.0, 1.0, 0.0, 0.5757200121879578, 0.0]","Feature_Vector: [0.0, 0.0, 0.0, 0.3776770234107971, 0.0]",2,tweet_5938_1340610
5005,1191,"Feature_Vector: [1.0, 1.0, 0.0, 0.4694021940231323, 0.0]","Feature_Vector: [1.0, 1.0, 0.0, 0.38936492800712585, 0.0]",1,tweet_1191_141462
2302,2302,"Feature_Vector: [1.0, 1.0, 0.0, 0.5559972524642944, 0.0]","Feature_Vector: [1.0, 1.0, 0.0, 0.5559972524642944, 0.0]",1,tweet_2302_796465
3983,6407,"Feature_Vector: [1.0, 1.0, 0.0, 0.38249263167381287, 0.0]","Feature_Vector: [1.0, 1.0, 0.0, 0.5106427073478699, 0.0]",1,tweet_6407_432878
1307,8341,"Feature_Vector: [0.0, 0.0, 1.0, 0.6844823360443115, 0.0]","Feature_Vector: [1.0, 1.0, 0.0, 0.14018723368644714, 0.0]",2,tweet_8341_1260060
9631,6347,"Feature_Vector: [1.0, 1.0, 0.0, 0.44967326521873474, 0.0]","Feature_Vector: [0.0, 0.0, 1.0, 0.48386338353157043, 0.0]",1,tweet_6347_955023
2422,2422,"Feature_Vector: [1.0, 0.0, 0.0, 0.44938018918037415, 0.0]","Feature_Vector: [1.0, 0.0, 0.0, 0.44938018918037415, 0.0]",1,tweet_2422_802881
6808,8471,"Feature_Vector: [1.0, 1.0, 0.0, 0.39503008127212524, 0.0]","Feature_Vector: [1.0, 1.0, 0.0, 0.3196742534637451, 0.0]",2,tweet_8471_1366442
1669,1213,"Feature_Vector: [1.0, 1.0, 0.0, 0.27503666281700134, 0.0]","Feature_Vector: [1.0, 1.0, 0.0, 0.3689339756965637, 0.0]",1,tweet_1213_45163
8585,6484,"Feature_Vector: [1.0, 1.0, 0.0, 0.40156638622283936, 0.0]","Feature_Vector: [1.0, 1.0, 0.0, 0.3883339464664459, 0.0]",1,tweet_6484_595323
6191,4457,"Feature_Vector: [1.0, 1.0, 0.0, 0.3746655583381653, 0.0]","Feature_Vector: [1.0, 1.0, 0.0, 0.4762009084224701, 0.0]",1,tweet_4457_175036
1786,9370,"Feature_Vector: [1.0, 1.0, 0.0, 0.37850871682167053, 0.0]","Feature_Vector: [1.0, 1.0, 0.0, 0.27503666281700134, 0.0]",1,tweet_9370_49203
6500,6500,"Feature_Vector: [1.0, 1.0, 0.0, 0.27958542108535767, 0.0]","Feature_Vector: [1.0, 1.0, 0.0, 0.27958542108535767, 0.0]",1,tweet_6500_891014
7825,7825,"Feature_Vector: [1.0, 0.0, 0.0, 0.2834247052669525, 0.0]","Feature_Vector: [1.0, 0.0, 0.0, 0.2834247052669525, 0.0]",1,tweet_7825_916616
7634,10146,"Feature_Vector: [1.0, 1.0, 0.0, 0.10108299553394318, 0.0]","Feature_Vector: [1.0, 1.0, 0.0, 0.2538589835166931, 0.0]",2,tweet_10146_1205633
3834,3929,"Feature_Vector: [1.0, 1.0, 0.0, 0.20371171832084656, 0.0]","Feature_Vector: [1.0, 1.0, 0.0, 0.21720798313617706, 0.0]",1,tweet_3929_428329
9398,8296,"Feature_Vector: [1.0, 1.0, 0.0, 0.3273293673992157, 0.0]","Feature_Vector: [1.0, 0.0, 1.0, 0.8148944973945618, 0.0]",1,tweet_8296_745610
5761,8426,"Feature_Vector: [1.0, 1.0, 0.0, 0.3507128953933716, 0.0]","Feature_Vector: [1.0, 1.0, 0.0, 0.3346705436706543, 0.0]",1,tweet_8426_160551
4869,4826,"Feature_Vector: [1.0, 1.0, 0.0, 0.41525977849960327, 0.0]","Feature_Vector: [1.0, 1.0, 0.0, 0.4472035765647888, 0.0]",1,tweet_4826_465271
3656,3656,"Feature_Vector: [0.0, 0.0, 0.0, 0.4846760630607605, 0.0]","Feature_Vector: [0.0, 0.0, 0.0, 0.4846760630607605, 0.0]",1,tweet_3656_831179
8810,10105,"Feature_Vector: [1.0, 1.0, 0.0, 0.33940446376800537, 0.0]","Feature_Vector: [1.0, 1.0, 0.0, 0.31172114610671997, 0.0]",1,tweet_10105_244435
5238,9912,"Feature_Vector: [1.0, 1.0, 0.0, 0.42298993468284607, 0.0]","Feature_Vector: [1.0, 1.0, 0.0, 0.37140628695487976, 0.0]",2,tweet_9912_1177916
5719,7008,"Feature_Vector: [1.0, 1.0, 0.0, 0.09079723805189133, 0.0]","Feature_Vector: [1.0, 1.0, 0.0, 0.171758234500885, 0.0]",2,tweet_7008_1351901
7815,4368,"Feature_Vector: [1.0, 1.0, 0.0, 0.27631404995918274, 0.0]","Feature_Vector: [1.0, 0.0, 0.0, 0.424835741519928, 0.0]",1,tweet_4368_731767
3096,3096,"Feature_Vector: [1.0, 1.0, 0.0, 0.5278476476669312, 0.0]","Feature_Vector: [1.0, 1.0, 0.0, 0.5278476476669312, 0.0]",1,tweet_3096_814932
9953,9953,"Feature_Vector: [1.0, 1.0, 0.0, 0.13527844846248627, 0.0]","Feature_Vector: [1.0, 1.0, 0.0, 0.13527844846248627, 0.0]",1,tweet_9953_967223
5985,5985,"Feature_Vector: [1.0, 1.0, 0.0, 0.5068618059158325, 0.0]","Feature_Vector: [1.0, 1.0, 0.0, 0.5068618059158325, 0.0]",1,tweet_5985_883576
3095,6553,"Feature_Vector: [1.0, 1.0, 1.0, 0.5488268733024597, 0.0]","Feature_Vector: [1.0, 1.0, 0.0, 0.4271484315395355, 0.0]",1,tweet_6553_86201
1628,2313,"Feature_Vector: [1.0, 1.0, 0.0, 0.3184906840324402, 0.0]","Feature_Vector: [1.0, 1.0, 0.0, 0.4022480249404907, 0.0]",3,tweet_2313_1095373
2494,3514,"Feature_Vector: [1.0, 1.0, 0.0, 0.3152073919773102, 0.0]","Feature_Vector: [1.0, 1.0, 0.0, 0.3355613350868225, 0.0]",3,tweet_3514_1117443
10140,10140,"Feature_Vector: [1.0, 1.0, 0.0, 0.14018723368644714, 0.0]","Feature_Vector: [1.0, 1.0, 0.0, 0.14018723368644714, 0.0]",1,tweet_10140_754057
6908,7224,"Feature_Vector: [1.0, 1.0, 0.0, 0.40402644872665405, 0.0]","Feature_Vector: [1.0, 0.0, 0.0, 0.6673486232757568, 0.0]",3,tweet_7224_1367470
9953,9953,"Feature_Vector: [1.0, 1.0, 0.0, 0.13527844846248627, 0.0]","Feature_Vector: [1.0, 1.0, 0.0, 0.13527844846248627, 0.0]",1,tweet_9953_961274
9048,7466,"Feature_Vector: [0.0, 0.0, 0.0, 0.3668581247329712, 0.0]","Feature_Vector: [1.0, 1.0, 0.0, 0.3676142394542694, 0.0]",1,tweet_7466_612378
9848,3292,"Feature_Vector: [1.0, 1.0, 0.0, 0.3304781913757324, 0.0]","Feature_Vector: [0.0, 0.0, 0.0, 0.5857887268066406, 0.0]",1,tweet_3292_644367
915,10014,"Feature_Vector: [1.0, 1.0, 0.0, 0.39875441789627075, 0.0]","Feature_Vector: [1.0, 1.0, 0.0, 0.5324827432632446, 0.0]",1,tweet_10014_318887
9850,8429,"Feature_Vector: [1.0, 0.0, 0.0, 0.5803412199020386, 0.0]","Feature_Vector: [1.0, 0.0, 0.0, 0.5549185276031494, 0.0]",1,tweet_8429_276111
1562,5164,"Feature_Vector: [1.0, 1.0, 0.0, 0.40008413791656494, 0.0]","Feature_Vector: [1.0, 0.0, 0.0, 0.438764363527298, 0.0]",1,tweet_5164_344786
2328,2397,"Feature_Vector: [1.0, 1.0, 0.0, 0.3940984308719635, 0.0]","Feature_Vector: [1.0, 1.0, 0.0, 0.30605122447013855, 0.0]",3,tweet_2397_1112706
7688,8579,"Feature_Vector: [1.0, 0.0, 0.0, 0.5964366793632507, 0.0]","Feature_Vector: [1.0, 1.0, 0.0, 0.31947872042655945, 0.0]",1,tweet_8579_215100
5851,5851,"Feature_Vector: [0.0, 0.0, 1.0, 0.49843454360961914, 0.0]","Feature_Vector: [0.0, 0.0, 1.0, 0.49843454360961914, 0.0]",1,tweet_5851_875917
6492,7913,"Feature_Vector: [1.0, 1.0, 0.0, 0.22069871425628662, 0.0]","Feature_Vector: [1.0, 0.0, 0.0, 0.4678705930709839, 0.0]",3,tweet_7913_1362135
2527,70,"Feature_Vector: [1.0, 1.0, 0.0, 0.48962849378585815, 0.0]","Feature_Vector: [1.0, 1.0, 0.0, 0.39851364493370056, 0.0]",1,tweet_70_381093
1995,8417,"Feature_Vector: [1.0, 1.0, 0.0, 0.25509893894195557, 0.0]","Feature_Vector: [1.0, 1.0, 0.0, 0.38786962628364563, 0.0]",3,tweet_8417_1104739
4942,4942,"Feature_Vector: [1.0, 1.0, 0.0, 0.13527844846248627, 1.0]","Feature_Vector: [1.0, 1.0, 0.0, 0.13527844846248627, 1.0]",1,tweet_4942_857614
2011,5865,"Feature_Vector: [1.0, 1.0, 0.0, 0.4469587206840515, 0.0]","Feature_Vector: [1.0, 1.0, 0.0, 0.39446258544921875, 0.0]",1,tweet_5865_360073
2184,4570,"Feature_Vector: [1.0, 1.0, 0.0, 0.33658310770988464, 0.0]","Feature_Vector: [0.0, 0.0, 0.0, 0.48757606744766235, 0.0]",1,tweet_4570_366551
5572,5572,"Feature_Vector: [1.0, 0.0, 0.0, 0.5968986749649048, 0.0]","Feature_Vector: [1.0, 0.0, 0.0, 0.5968986749649048, 0.0]",1,tweet_5572_869559
8326,736,"Feature_Vector: [1.0, 1.0, 0.0, 0.4364475905895233, 0.0]","Feature_Vector: [1.0, 1.0, 0.0, 0.52010577917099, 0.0]",1,tweet_736_231248
7405,9258,"Feature_Vector: [1.0, 1.0, 0.0, 0.3886222243309021, 0.0]","Feature_Vector: [1.0, 1.0, 0.0, 0.44137483835220337, 0.0]",3,tweet_9258_1203604
5720,8540,"Feature_Vector: [1.0, 1.0, 0.0, 0.42978739738464355, 0.0]","Feature_Vector: [1.0, 1.0, 1.0, 0.6127685308456421, 0.0]",3,tweet_8540_1183697
8588,8585,"Feature_Vector: [1.0, 1.0, 0.0, 0.40193095803260803, 0.0]","Feature_Vector: [1.0, 1.0, 0.0, 0.40156638622283936, 0.0]",1,tweet_8585_595732
7827,1435,"Feature_Vector: [1.0, 1.0, 0.0, 0.4127291738986969, 0.0]","Feature_Vector: [0.0, 0.0, 0.0, 0.44878944754600525, 0.0]",1,tweet_1435_218860
4450,6421,"Feature_Vector: [1.0, 1.0, 0.0, 0.4428674578666687, 0.0]","Feature_Vector: [1.0, 1.0, 0.0, 0.407299667596817, 0.0]",1,tweet_6421_448064
9469,1854,"Feature_Vector: [1.0, 1.0, 0.0, 0.4337221682071686, 0.0]","Feature_Vector: [1.0, 1.0, 0.0, 0.3913171887397766, 1.0]",1,tweet_1854_627000
8847,5872,"Feature_Vector: [1.0, 1.0, 0.0, 0.35462769865989685, 0.0]","Feature_Vector: [1.0, 1.0, 0.0, 0.25194641947746277, 0.0]",1,tweet_5872_605259
6183,10014,"Feature_Vector: [1.0, 1.0, 0.0, 0.44742706418037415, 0.0]","Feature_Vector: [1.0, 1.0, 0.0, 0.5324827432632446, 0.0]",1,tweet_10014_175008
9738,915,"Feature_Vector: [1.0, 1.0, 0.0, 0.45278191566467285, 0.0]","Feature_Vector: [1.0, 1.0, 0.0, 0.39875441789627075, 0.0]",1,tweet_915_638884
2453,6553,"Feature_Vector: [1.0, 1.0, 0.0, 0.4237046539783478, 0.0]","Feature_Vector: [1.0, 1.0, 0.0, 0.4271484315395355, 0.0]",1,tweet_6553_66905
9519,999,"Feature_Vector: [1.0, 1.0, 0.0, 0.4670172929763794, 0.0]","Feature_Vector: [1.0, 1.0, 0.0, 0.40705132484436035, 0.0]",1,tweet_999_263626
8336,8336,"Feature_Vector: [1.0, 1.0, 0.0, 0.4108993411064148, 0.0]","Feature_Vector: [1.0, 1.0, 0.0, 0.4108993411064148, 0.0]",1,tweet_8336_928481
1110,7669,"Feature_Vector: [1.0, 1.0, 0.0, 0.45521828532218933, 0.0]","Feature_Vector: [0.0, 0.0, 0.0, 0.36917802691459656, 0.0]",3,tweet_7669_1254197
656,3133,"Feature_Vector: [0.0, 0.0, 0.0, 0.2870192527770996, 0.0]","Feature_Vector: [1.0, 0.0, 0.0, 0.4033218026161194, 0.0]",2,tweet_3133_1239244
4266,4674,"Feature_Vector: [1.0, 1.0, 0.0, 0.15983712673187256, 0.0]","Feature_Vector: [1.0, 0.0, 0.0, 0.5027027130126953, 0.0]",3,tweet_4674_1326032
1489,5760,"Feature_Vector: [1.0, 1.0, 0.0, 0.3013904392719269, 0.0]","Feature_Vector: [1.0, 0.0, 0.0, 0.3058021664619446, 0.0]",2,tweet_5760_1264976
9011,8378,"Feature_Vector: [1.0, 1.0, 0.0, 0.2538589835166931, 0.0]","Feature_Vector: [1.0, 1.0, 0.0, 0.2980545461177826, 0.0]",1,tweet_8378_611077
4814,1152,"Feature_Vector: [1.0, 1.0, 0.0, 0.3377286493778229, 0.0]","Feature_Vector: [1.0, 1.0, 0.0, 0.5033385753631592, 0.0]",1,tweet_1152_1010064
3428,5300,"Feature_Vector: [1.0, 1.0, 0.0, 0.3266434669494629, 0.0]","Feature_Vector: [1.0, 1.0, 0.0, 0.34049466252326965, 0.0]",1,tweet_5300_95095
9267,1473,"Feature_Vector: [1.0, 1.0, 0.0, 0.37510573863983154, 0.0]","Feature_Vector: [1.0, 1.0, 0.0, 0.3225289285182953, 0.0]",1,tweet_1473_619126
5202,5202,"Feature_Vector: [1.0, 1.0, 0.0, 0.2691405415534973, 0.0]","Feature_Vector: [1.0, 1.0, 0.0, 0.2691405415534973, 0.0]",1,tweet_5202_862463
3703,3632,"Feature_Vector: [1.0, 1.0, 0.0, 0.4472239315509796, 0.0]","Feature_Vector: [1.0, 0.0, 1.0, 1.0, 0.0]",1,tweet_3632_831720
6937,6937,"Feature_Vector: [1.0, 0.0, 0.0, 0.5574291944503784, 0.0]","Feature_Vector: [1.0, 0.0, 0.0, 0.5574291944503784, 0.0]",1,tweet_6937_1023515
1288,2180,"Feature_Vector: [1.0, 1.0, 0.0, 0.171758234500885, 1.0]","Feature_Vector: [1.0, 0.0, 1.0, 0.8602653741836548, 0.0]",1,tweet_2180_331739
4353,913,"Feature_Vector: [1.0, 1.0, 0.0, 0.27328720688819885, 0.0]","Feature_Vector: [1.0, 0.0, 0.0, 0.6019206047058105, 0.0]",1,tweet_913_443982
8417,8417,"Feature_Vector: [1.0, 1.0, 0.0, 0.38786962628364563, 0.0]","Feature_Vector: [1.0, 1.0, 0.0, 0.38786962628364563, 0.0]",1,tweet_8417_930712
4469,4807,"Feature_Vector: [0.0, 0.0, 0.0, 0.30728039145469666, 0.0]","Feature_Vector: [1.0, 1.0, 0.0, 0.296604186296463, 0.0]",4,tweet_4807_1161890
4153,1143,"Feature_Vector: [1.0, 0.0, 0.0, 0.4125036597251892, 0.0]","Feature_Vector: [1.0, 0.0, 0.0, 0.26517993211746216, 0.0]",1,tweet_1143_115122
5975,7229,"Feature_Vector: [1.0, 1.0, 0.0, 0.07820848375558853, 0.0]","Feature_Vector: [1.0, 1.0, 0.0, 0.32044973969459534, 0.0]",2,tweet_7229_1355149
3785,3712,"Feature_Vector: [1.0, 1.0, 0.0, 0.41328904032707214, 0.0]","Feature_Vector: [1.0, 1.0, 0.0, 0.5203679800033569, 0.0]",1,tweet_3712_105501
10059,7006,"Feature_Vector: [1.0, 0.0, 1.0, 0.5017430186271667, 0.0]","Feature_Vector: [1.0, 0.0, 1.0, 0.5962151288986206, 0.0]",1,tweet_7006_652032
9311,5974,"Feature_Vector: [0.0, 0.0, 0.0, 0.27673348784446716, 0.0]","Feature_Vector: [1.0, 0.0, 0.0, 0.7158392667770386, 0.0]",1,tweet_5974_619914
5159,7949,"Feature_Vector: [1.0, 1.0, 0.0, 0.4482324421405792, 0.0]","Feature_Vector: [1.0, 1.0, 0.0, 0.3620031177997589, 0.0]",3,tweet_7949_1175466
3363,7669,"Feature_Vector: [1.0, 0.0, 0.0, 0.3769037127494812, 0.0]","Feature_Vector: [0.0, 0.0, 0.0, 0.36917802691459656, 0.0]",3,tweet_7669_1309121
6886,6886,"Feature_Vector: [1.0, 0.0, 0.0, 0.47362226247787476, 0.0]","Feature_Vector: [1.0, 0.0, 0.0, 0.47362226247787476, 0.0]",1,tweet_6886_722868
9310,8296,"Feature_Vector: [1.0, 1.0, 0.0, 0.21475474536418915, 0.0]","Feature_Vector: [1.0, 0.0, 1.0, 0.8148944973945618, 0.0]",1,tweet_8296_619888
9832,8540,"Feature_Vector: [0.0, 0.0, 0.0, 0.29233288764953613, 0.0]","Feature_Vector: [1.0, 1.0, 1.0, 0.6127685308456421, 0.0]",1,tweet_8540_1043891
6743,6743,"Feature_Vector: [1.0, 1.0, 0.0, 0.4123150408267975, 0.0]","Feature_Vector: [1.0, 1.0, 0.0, 0.4123150408267975, 0.0]",1,tweet_6743_894725
2750,4921,"Feature_Vector: [1.0, 1.0, 0.0, 0.14888373017311096, 0.0]","Feature_Vector: [1.0, 1.0, 0.0, 0.6478599309921265, 0.0]",1,tweet_4921_807584
1324,6139,"Feature_Vector: [1.0, 1.0, 0.0, 0.2666979134082794, 0.0]","Feature_Vector: [1.0, 1.0, 0.0, 0.25749996304512024, 0.0]",3,tweet_6139_1086459
1781,4630,"Feature_Vector: [1.0, 1.0, 0.0, 0.3288428485393524, 0.0]","Feature_Vector: [1.0, 1.0, 0.0, 0.3704620599746704, 0.0]",1,tweet_4630_48911
3983,7510,"Feature_Vector: [1.0, 1.0, 0.0, 0.38249263167381287, 0.0]","Feature_Vector: [1.0, 1.0, 0.0, 0.4386223256587982, 0.0]",1,tweet_7510_432766
9770,9817,"Feature_Vector: [1.0, 1.0, 0.0, 0.31349119544029236, 0.0]","Feature_Vector: [1.0, 1.0, 0.0, 0.2907254993915558, 0.0]",1,tweet_9817_640474
3777,627,"Feature_Vector: [0.0, 0.0, 0.0, 0.4098433554172516, 0.0]","Feature_Vector: [1.0, 0.0, 0.0, 0.629977822303772, 0.0]",1,tweet_627_105340
5871,5871,"Feature_Vector: [1.0, 1.0, 0.0, 0.486001580953598, 0.0]","Feature_Vector: [1.0, 1.0, 0.0, 0.486001580953598, 0.0]",1,tweet_5871_880327
2601,3325,"Feature_Vector: [1.0, 1.0, 0.0, 0.45254164934158325, 0.0]","Feature_Vector: [0.0, 0.0, 0.0, 0.38740143179893494, 0.0]",3,tweet_3325_1120198
2698,10171,"Feature_Vector: [1.0, 1.0, 0.0, 0.313925176858902, 0.0]","Feature_Vector: [1.0, 1.0, 0.0, 0.38407301902770996, 0.0]",1,tweet_10171_806796
1191,8867,"Feature_Vector: [1.0, 1.0, 0.0, 0.38936492800712585, 0.0]","Feature_Vector: [0.0, 0.0, 0.0, 0.6081048250198364, 0.0]",3,tweet_8867_1081797
3616,7072,"Feature_Vector: [1.0, 1.0, 0.0, 0.35182785987854004, 0.0]","Feature_Vector: [0.0, 0.0, 1.0, 0.5631849765777588, 0.0]",2,tweet_7072_1313678
9805,9805,"Feature_Vector: [1.0, 1.0, 0.0, 0.39644941687583923, 0.0]","Feature_Vector: [1.0, 1.0, 0.0, 0.39644941687583923, 0.0]",1,tweet_9805_957837
743,9089,"Feature_Vector: [0.0, 0.0, 0.0, 0.22809073328971863, 0.0]","Feature_Vector: [1.0, 1.0, 0.0, 0.3523772060871124, 0.0]",2,tweet_9089_1242507
7629,4637,"Feature_Vector: [1.0, 1.0, 0.0, 0.3523772060871124, 0.0]","Feature_Vector: [1.0, 1.0, 0.0, 0.37392422556877136, 0.0]",1,tweet_4637_213726
10030,7723,"Feature_Vector: [1.0, 1.0, 0.0, 0.2887341380119324, 0.0]","Feature_Vector: [1.0, 1.0, 1.0, 0.709007740020752, 0.0]",1,tweet_7723_753096
1323,3632,"Feature_Vector: [1.0, 1.0, 0.0, 0.3594576418399811, 0.0]","Feature_Vector: [1.0, 0.0, 1.0, 1.0, 0.0]",1,tweet_3632_667908
419,5198,"Feature_Vector: [1.0, 0.0, 0.0, 0.2968972623348236, 0.0]","Feature_Vector: [1.0, 1.0, 0.0, 0.2807649075984955, 0.0]",2,tweet_5198_1231005
7369,1466,"Feature_Vector: [1.0, 0.0, 0.0, 0.4846026599407196, 0.0]","Feature_Vector: [1.0, 1.0, 0.0, 0.3945661783218384, 0.0]",1,tweet_1466_206069
2986,6030,"Feature_Vector: [1.0, 1.0, 0.0, 0.39299169182777405, 0.0]","Feature_Vector: [1.0, 1.0, 0.0, 0.3585829436779022, 0.0]",3,tweet_6030_1128412
4458,5699,"Feature_Vector: [0.0, 0.0, 0.0, 0.3815227150917053, 0.0]","Feature_Vector: [1.0, 1.0, 0.0, 0.234625443816185, 0.0]",3,tweet_5699_1329406
1471,6491,"Feature_Vector: [1.0, 1.0, 0.0, 0.3506001830101013, 0.0]","Feature_Vector: [1.0, 1.0, 0.0, 0.28305232524871826, 0.0]",2,tweet_6491_1264214
6484,6347,"Feature_Vector: [1.0, 1.0, 0.0, 0.3883339464664459, 0.0]","Feature_Vector: [0.0, 0.0, 1.0, 0.48386338353157043, 0.0]",1,tweet_6347_526122
7213,4462,"Feature_Vector: [1.0, 1.0, 0.0, 0.4025183916091919, 0.0]","Feature_Vector: [1.0, 1.0, 0.0, 0.37488609552383423, 0.0]",1,tweet_4462_550169
3366,9493,"Feature_Vector: [1.0, 1.0, 0.0, 0.37488609552383423, 0.0]","Feature_Vector: [1.0, 0.0, 0.0, 0.43028420209884644, 0.0]",1,tweet_9493_413076
2031,2031,"Feature_Vector: [1.0, 0.0, 0.0, 0.4753172993659973, 0.0]","Feature_Vector: [1.0, 0.0, 0.0, 0.4753172993659973, 0.0]",1,tweet_2031_791763
4694,4694,"Feature_Vector: [1.0, 1.0, 0.0, 0.3756149709224701, 0.0]","Feature_Vector: [1.0, 1.0, 0.0, 0.3756149709224701, 0.0]",1,tweet_4694_1009225
181,7106,"Feature_Vector: [1.0, 1.0, 0.0, 0.38093265891075134, 0.0]","Feature_Vector: [1.0, 1.0, 0.0, 0.13527844846248627, 0.0]",3,tweet_7106_1053502
4977,4977,"Feature_Vector: [1.0, 1.0, 0.0, 0.5614250302314758, 0.0]","Feature_Vector: [1.0, 1.0, 0.0, 0.5614250302314758, 0.0]",1,tweet_4977_858942
9953,9953,"Feature_Vector: [1.0, 1.0, 0.0, 0.13527844846248627, 0.0]","Feature_Vector: [1.0, 1.0, 0.0, 0.13527844846248627, 0.0]",1,tweet_9953_960921
4837,2625,"Feature_Vector: [1.0, 1.0, 0.0, 0.3756873607635498, 0.0]","Feature_Vector: [1.0, 1.0, 0.0, 0.3607918322086334, 0.0]",1,tweet_2625_135067
4123,4248,"Feature_Vector: [1.0, 0.0, 0.0, 0.21839572489261627, 0.0]","Feature_Vector: [1.0, 1.0, 0.0, 0.5995654463768005, 0.0]",3,tweet_4248_1323141
4397,6978,"Feature_Vector: [1.0, 1.0, 0.0, 0.30752304196357727, 0.0]","Feature_Vector: [1.0, 1.0, 0.0, 0.33912861347198486, 0.0]",1,tweet_6978_446046
1343,8940,"Feature_Vector: [1.0, 0.0, 0.0, 0.22398598492145538, 0.0]","Feature_Vector: [1.0, 1.0, 1.0, 0.5120919942855835, 0.0]",1,tweet_8940_333948
2414,3316,"Feature_Vector: [1.0, 1.0, 0.0, 0.38456952571868896, 0.0]","Feature_Vector: [1.0, 1.0, 0.0, 0.38099852204322815, 0.0]",3,tweet_3316_1115727
5038,8673,"Feature_Vector: [1.0, 1.0, 0.0, 0.23636144399642944, 0.0]","Feature_Vector: [1.0, 0.0, 0.0, 0.5248133540153503, 0.0]",1,tweet_8673_474067
2847,9179,"Feature_Vector: [1.0, 1.0, 0.0, 0.30376896262168884, 0.0]","Feature_Vector: [1.0, 1.0, 0.0, 0.3554619550704956, 0.0]",1,tweet_9179_78149
2595,5897,"Feature_Vector: [1.0, 1.0, 0.0, 0.3494604527950287, 0.0]","Feature_Vector: [1.0, 1.0, 0.0, 0.3431313931941986, 0.0]",2,tweet_5897_1119973
7838,7838,"Feature_Vector: [0.0, 0.0, 1.0, 0.5069748163223267, 0.0]","Feature_Vector: [0.0, 0.0, 1.0, 0.5069748163223267, 0.0]",1,tweet_7838_918252
6869,1885,"Feature_Vector: [1.0, 0.0, 0.0, 0.47096017003059387, 0.0]","Feature_Vector: [1.0, 0.0, 0.0, 0.533528208732605, 0.0]",1,tweet_1885_537826
3639,3835,"Feature_Vector: [1.0, 1.0, 0.0, 0.3891374468803406, 0.0]","Feature_Vector: [1.0, 1.0, 0.0, 0.2907254993915558, 0.0]",3,tweet_3835_1143871
2002,9093,"Feature_Vector: [1.0, 1.0, 0.0, 0.35749515891075134, 0.0]","Feature_Vector: [0.0, 0.0, 1.0, 0.6107865571975708, 0.0]",1,tweet_9093_674621
6316,8715,"Feature_Vector: [1.0, 1.0, 0.0, 0.38113003969192505, 0.0]","Feature_Vector: [1.0, 1.0, 0.0, 0.29630959033966064, 0.0]",2,tweet_8715_1359915
1714,8288,"Feature_Vector: [0.0, 0.0, 0.0, 0.43421128392219543, 0.0]","Feature_Vector: [0.0, 0.0, 0.0, 0.30605122447013855, 0.0]",2,tweet_8288_1271063
9601,9258,"Feature_Vector: [1.0, 1.0, 0.0, 0.41900601983070374, 0.0]","Feature_Vector: [1.0, 1.0, 0.0, 0.44137483835220337, 0.0]",1,tweet_9258_633830
7593,5851,"Feature_Vector: [0.0, 0.0, 1.0, 0.47350743412971497, 0.0]","Feature_Vector: [0.0, 0.0, 1.0, 0.49843454360961914, 0.0]",1,tweet_5851_563060
8600,7955,"Feature_Vector: [1.0, 1.0, 0.0, 0.2404811978340149, 0.0]","Feature_Vector: [0.0, 0.0, 0.0, 0.5409671664237976, 0.0]",1,tweet_7955_596629
3071,3082,"Feature_Vector: [1.0, 1.0, 0.0, 0.3828759789466858, 0.0]","Feature_Vector: [1.0, 0.0, 1.0, 0.5919924974441528, 0.0]",1,tweet_3082_401198
1991,9103,"Feature_Vector: [1.0, 1.0, 0.0, 0.35525453090667725, 0.0]","Feature_Vector: [1.0, 1.0, 0.0, 0.17689046263694763, 0.0]",3,tweet_9103_1104625
9350,1915,"Feature_Vector: [1.0, 1.0, 0.0, 0.29137393832206726, 0.0]","Feature_Vector: [1.0, 1.0, 0.0, 0.32215654850006104, 0.0]",1,tweet_1915_745107
5176,5594,"Feature_Vector: [1.0, 1.0, 0.0, 0.4202014207839966, 0.0]","Feature_Vector: [1.0, 1.0, 0.0, 0.5511059165000916, 0.0]",1,tweet_5594_478151
5035,6611,"Feature_Vector: [1.0, 1.0, 0.0, 0.2977674603462219, 0.0]","Feature_Vector: [1.0, 1.0, 0.0, 0.4385036826133728, 0.0]",3,tweet_6611_1173649
9953,9953,"Feature_Vector: [1.0, 1.0, 0.0, 0.13527844846248627, 0.0]","Feature_Vector: [1.0, 1.0, 0.0, 0.13527844846248627, 0.0]",1,tweet_9953_964196
2332,2332,"Feature_Vector: [1.0, 1.0, 1.0, 0.6547492742538452, 0.0]","Feature_Vector: [1.0, 1.0, 1.0, 0.6547492742538452, 0.0]",1,tweet_2332_989659
7999,8846,"Feature_Vector: [1.0, 1.0, 0.0, 0.26255548000335693, 0.0]","Feature_Vector: [1.0, 1.0, 0.0, 0.3003002405166626, 1.0]",1,tweet_8846_576053
1616,9961,"Feature_Vector: [1.0, 1.0, 0.0, 0.27673348784446716, 0.0]","Feature_Vector: [1.0, 0.0, 0.0, 0.41646620631217957, 0.0]",4,tweet_9961_1095068
4104,9642,"Feature_Vector: [1.0, 1.0, 0.0, 0.3771861493587494, 0.0]","Feature_Vector: [1.0, 1.0, 0.0, 0.27503666281700134, 0.0]",3,tweet_9642_1154493
5704,5704,"Feature_Vector: [1.0, 1.0, 0.0, 0.2598029375076294, 0.0]","Feature_Vector: [1.0, 1.0, 0.0, 0.2598029375076294, 0.0]",1,tweet_5704_873305
3514,9961,"Feature_Vector: [1.0, 1.0, 0.0, 0.3355613350868225, 0.0]","Feature_Vector: [1.0, 0.0, 0.0, 0.41646620631217957, 0.0]",1,tweet_9961_416853
1811,1811,"Feature_Vector: [1.0, 1.0, 0.0, 0.39694780111312866, 0.0]","Feature_Vector: [1.0, 1.0, 0.0, 0.39694780111312866, 0.0]",1,tweet_1811_786183
7202,9843,"Feature_Vector: [0.0, 0.0, 0.0, 0.3438989520072937, 0.0]","Feature_Vector: [1.0, 1.0, 1.0, 0.4899634122848511, 0.0]",3,tweet_9843_1202183
4459,7419,"Feature_Vector: [1.0, 1.0, 0.0, 0.2728412449359894, 0.0]","Feature_Vector: [1.0, 0.0, 0.0, 0.5179340243339539, 0.0]",2,tweet_7419_1329494
645,2867,"Feature_Vector: [1.0, 1.0, 0.0, 0.31728172302246094, 0.0]","Feature_Vector: [1.0, 1.0, 0.0, 0.5269731879234314, 0.0]",1,tweet_2867_309624
5756,6239,"Feature_Vector: [1.0, 1.0, 0.0, 0.31562840938568115, 0.0]","Feature_Vector: [0.0, 0.0, 0.0, 0.5361675024032593, 0.0]",1,tweet_6239_496397
5393,2619,"Feature_Vector: [1.0, 1.0, 0.0, 0.4536965787410736, 0.0]","Feature_Vector: [1.0, 0.0, 1.0, 0.7432684302330017, 0.0]",1,tweet_2619_486078
3221,8540,"Feature_Vector: [1.0, 1.0, 0.0, 0.386751264333725, 0.0]","Feature_Vector: [1.0, 1.0, 1.0, 0.6127685308456421, 0.0]",1,tweet_8540_997230
1414,8833,"Feature_Vector: [1.0, 1.0, 0.0, 0.40124547481536865, 0.0]","Feature_Vector: [1.0, 1.0, 0.0, 0.28973859548568726, 0.0]",1,tweet_8833_36506
6872,7006,"Feature_Vector: [0.0, 0.0, 0.0, 0.4174061715602875, 0.0]","Feature_Vector: [1.0, 0.0, 1.0, 0.5962151288986206, 0.0]",1,tweet_7006_193160
1165,9423,"Feature_Vector: [1.0, 1.0, 0.0, 0.35719481110572815, 0.0]","Feature_Vector: [1.0, 1.0, 0.0, 0.37225815653800964, 0.0]",1,tweet_9423_326947
785,2201,"Feature_Vector: [1.0, 1.0, 0.0, 0.23191697895526886, 0.0]","Feature_Vector: [1.0, 0.0, 1.0, 0.4369869828224182, 0.0]",3,tweet_2201_1243629
8125,9918,"Feature_Vector: [1.0, 0.0, 1.0, 0.5604105591773987, 0.0]","Feature_Vector: [1.0, 1.0, 0.0, 0.1299014687538147, 0.0]",3,tweet_9918_1378428
9383,3649,"Feature_Vector: [1.0, 1.0, 0.0, 0.3826846480369568, 0.0]","Feature_Vector: [1.0, 1.0, 0.0, 0.45807668566703796, 0.0]",1,tweet_3649_623161
7240,9383,"Feature_Vector: [1.0, 1.0, 0.0, 0.40795662999153137, 0.0]","Feature_Vector: [1.0, 1.0, 0.0, 0.3826846480369568, 0.0]",3,tweet_9383_1202436
3890,6249,"Feature_Vector: [1.0, 1.0, 0.0, 0.5136807560920715, 0.0]","Feature_Vector: [1.0, 1.0, 0.0, 0.6196249127388, 0.0]",1,tweet_6249_429441
638,7136,"Feature_Vector: [1.0, 0.0, 0.0, 0.49963682889938354, 0.0]","Feature_Vector: [0.0, 0.0, 0.0, 0.4118216633796692, 0.0]",2,tweet_7136_1066938
4135,4953,"Feature_Vector: [1.0, 1.0, 0.0, 0.3727174401283264, 0.0]","Feature_Vector: [1.0, 1.0, 0.0, 0.4879035949707031, 0.0]",1,tweet_4953_114679
10184,4463,"Feature_Vector: [1.0, 1.0, 0.0, 0.28416216373443604, 0.0]","Feature_Vector: [1.0, 1.0, 0.0, 0.17689046263694763, 0.0]",1,tweet_4463_655402
3683,4966,"Feature_Vector: [1.0, 0.0, 0.0, 0.3740732669830322, 0.0]","Feature_Vector: [1.0, 0.0, 0.0, 0.25322863459587097, 0.0]",2,tweet_4966_1315112
2722,7377,"Feature_Vector: [1.0, 0.0, 0.0, 0.41384342312812805, 0.0]","Feature_Vector: [1.0, 1.0, 0.0, 0.23550012707710266, 0.0]",2,tweet_7377_1295068
8623,9892,"Feature_Vector: [1.0, 1.0, 0.0, 0.38518407940864563, 0.0]","Feature_Vector: [1.0, 1.0, 0.0, 0.26569047570228577, 0.0]",3,tweet_9892_1211560
11,7709,"Feature_Vector: [1.0, 1.0, 0.0, 0.3141409158706665, 0.0]","Feature_Vector: [1.0, 1.0, 0.0, 0.439352422952652, 0.0]",1,tweet_7709_656018
8176,8176,"Feature_Vector: [1.0, 1.0, 0.0, 0.39245694875717163, 0.0]","Feature_Vector: [1.0, 1.0, 0.0, 0.39245694875717163, 0.0]",1,tweet_8176_925503
2025,3558,"Feature_Vector: [0.0, 0.0, 0.0, 0.20216599106788635, 0.0]","Feature_Vector: [1.0, 1.0, 0.0, 0.039104241877794266, 0.0]",3,tweet_3558_1279680
4316,4316,"Feature_Vector: [1.0, 0.0, 1.0, 0.42298993468284607, 0.0]","Feature_Vector: [1.0, 0.0, 1.0, 0.42298993468284607, 0.0]",1,tweet_4316_844687
4455,6345,"Feature_Vector: [1.0, 1.0, 0.0, 0.397980272769928, 0.0]","Feature_Vector: [1.0, 0.0, 0.0, 0.40318867564201355, 0.0]",1,tweet_6345_448455
6369,3529,"Feature_Vector: [1.0, 1.0, 0.0, 0.4554474353790283, 0.0]","Feature_Vector: [1.0, 1.0, 0.0, 0.4416675567626953, 0.0]",1,tweet_3529_521679
2586,5904,"Feature_Vector: [1.0, 1.0, 0.0, 0.422012060880661, 0.0]","Feature_Vector: [1.0, 1.0, 0.0, 0.46290144324302673, 0.0]",1,tweet_5904_383058
2470,5889,"Feature_Vector: [1.0, 1.0, 0.0, 0.4678705930709839, 0.0]","Feature_Vector: [1.0, 1.0, 0.0, 0.434441477060318, 0.0]",1,tweet_5889_378365
8780,1914,"Feature_Vector: [1.0, 1.0, 0.0, 0.3214043378829956, 0.0]","Feature_Vector: [0.0, 0.0, 1.0, 0.7615982294082642, 0.0]",1,tweet_1914_936095
2908,2908,"Feature_Vector: [1.0, 1.0, 0.0, 0.4058777093887329, 0.0]","Feature_Vector: [1.0, 1.0, 0.0, 0.4058777093887329, 0.0]",1,tweet_2908_809950
1901,2415,"Feature_Vector: [1.0, 1.0, 0.0, 0.3323800265789032, 0.0]","Feature_Vector: [1.0, 1.0, 0.0, 0.4527265727519989, 0.0]",1,tweet_2415_357649
7568,2360,"Feature_Vector: [1.0, 1.0, 0.0, 0.38942164182662964, 0.0]","Feature_Vector: [1.0, 1.0, 0.0, 0.34817954897880554, 0.0]",1,tweet_2360_562336
2876,9572,"Feature_Vector: [1.0, 1.0, 0.0, 0.44601020216941833, 0.0]","Feature_Vector: [1.0, 1.0, 0.0, 0.3984653651714325, 0.0]",1,tweet_9572_392642
6619,652,"Feature_Vector: [1.0, 1.0, 0.0, 0.3065461218357086, 0.0]","Feature_Vector: [1.0, 0.0, 1.0, 0.6229747533798218, 0.0]",1,tweet_652_530742
4109,1494,"Feature_Vector: [1.0, 1.0, 0.0, 0.4026082158088684, 0.0]","Feature_Vector: [0.0, 0.0, 1.0, 0.606764554977417, 0.0]",1,tweet_1494_841143
3066,2867,"Feature_Vector: [0.0, 0.0, 0.0, 0.24791501462459564, 0.0]","Feature_Vector: [1.0, 1.0, 0.0, 0.5269731879234314, 0.0]",1,tweet_2867_684857
2533,8000,"Feature_Vector: [1.0, 1.0, 0.0, 0.44195878505706787, 0.0]","Feature_Vector: [1.0, 1.0, 0.0, 0.4358532130718231, 0.0]",1,tweet_8000_70024
6401,6401,"Feature_Vector: [0.0, 0.0, 1.0, 0.5576940178871155, 0.0]","Feature_Vector: [0.0, 0.0, 1.0, 0.5576940178871155, 0.0]",1,tweet_6401_890218
5669,8777,"Feature_Vector: [1.0, 1.0, 0.0, 0.40767014026641846, 0.0]","Feature_Vector: [1.0, 0.0, 0.0, 0.5656849145889282, 0.0]",1,tweet_8777_493890
10099,4351,"Feature_Vector: [1.0, 1.0, 0.0, 0.13527844846248627, 0.0]","Feature_Vector: [1.0, 1.0, 0.0, 0.3878113031387329, 0.0]",1,tweet_4351_970771
9744,9601,"Feature_Vector: [1.0, 1.0, 0.0, 0.45268961787223816, 0.0]","Feature_Vector: [1.0, 1.0, 0.0, 0.41900601983070374, 0.0]",1,tweet_9601_639351
1653,8186,"Feature_Vector: [0.0, 0.0, 0.0, 0.34427887201309204, 0.0]","Feature_Vector: [1.0, 0.0, 1.0, 0.5432462096214294, 0.0]",1,tweet_8186_671445
7552,204,"Feature_Vector: [1.0, 1.0, 0.0, 0.39549019932746887, 1.0]","Feature_Vector: [1.0, 1.0, 0.0, 0.4435449540615082, 0.0]",1,tweet_204_211691
4953,77,"Feature_Vector: [1.0, 1.0, 0.0, 0.4879035949707031, 0.0]","Feature_Vector: [1.0, 1.0, 0.0, 0.44625917077064514, 0.0]",1,tweet_77_139732
5917,8368,"Feature_Vector: [1.0, 1.0, 0.0, 0.30728039145469666, 0.0]","Feature_Vector: [1.0, 1.0, 0.0, 0.3468688726425171, 0.0]",1,tweet_8368_714009
2891,7942,"Feature_Vector: [0.0, 0.0, 0.0, 0.35462769865989685, 0.0]","Feature_Vector: [1.0, 0.0, 0.0, 0.2803744673728943, 0.0]",2,tweet_7942_1298656
10192,4563,"Feature_Vector: [1.0, 1.0, 0.0, 0.3438989520072937, 0.0]","Feature_Vector: [1.0, 1.0, 0.0, 0.3281751871109009, 0.0]",1,tweet_4563_655631
8125,9512,"Feature_Vector: [1.0, 0.0, 1.0, 0.5604105591773987, 0.0]","Feature_Vector: [0.0, 0.0, 0.0, 0.37926048040390015, 0.0]",3,tweet_9512_1378422
9816,4033,"Feature_Vector: [1.0, 1.0, 0.0, 0.47644394636154175, 0.0]","Feature_Vector: [1.0, 0.0, 1.0, 0.7227817177772522, 0.0]",1,tweet_4033_643337
7465,1830,"Feature_Vector: [1.0, 1.0, 0.0, 0.3412986993789673, 0.0]","Feature_Vector: [1.0, 1.0, 0.0, 0.3219694495201111, 0.0]",1,tweet_1830_209487
3249,4069,"Feature_Vector: [0.0, 0.0, 0.0, 0.5426231622695923, 0.0]","Feature_Vector: [1.0, 1.0, 0.0, 0.36727944016456604, 0.0]",3,tweet_4069_1134691
3829,6841,"Feature_Vector: [1.0, 0.0, 0.0, 0.283794641494751, 0.0]","Feature_Vector: [0.0, 0.0, 0.0, 0.2803744673728943, 0.0]",2,tweet_6841_1317863
593,9549,"Feature_Vector: [1.0, 1.0, 0.0, 0.33361318707466125, 0.0]","Feature_Vector: [1.0, 1.0, 0.0, 0.3621871769428253, 0.0]",1,tweet_9549_308058
7876,2998,"Feature_Vector: [1.0, 1.0, 0.0, 0.437930703163147, 0.0]","Feature_Vector: [1.0, 1.0, 0.0, 0.4467743933200836, 0.0]",1,tweet_2998_919032
3225,6575,"Feature_Vector: [1.0, 0.0, 0.0, 0.22907190024852753, 0.0]","Feature_Vector: [1.0, 0.0, 0.0, 0.30376896262168884, 0.0]",3,tweet_6575_1306235
1110,4902,"Feature_Vector: [1.0, 1.0, 0.0, 0.45521828532218933, 0.0]","Feature_Vector: [1.0, 1.0, 0.0, 0.33406877517700195, 0.0]",1,tweet_4902_27717
8045,7957,"Feature_Vector: [1.0, 1.0, 0.0, 0.3467482030391693, 0.0]","Feature_Vector: [1.0, 1.0, 0.0, 0.30192771553993225, 0.0]",1,tweet_7957_224110
3818,9843,"Feature_Vector: [1.0, 1.0, 0.0, 0.23720981180667877, 0.0]","Feature_Vector: [1.0, 1.0, 1.0, 0.4899634122848511, 0.0]",1,tweet_9843_427897
10127,2936,"Feature_Vector: [1.0, 1.0, 0.0, 0.15277598798274994, 0.0]","Feature_Vector: [1.0, 1.0, 0.0, 0.3307996392250061, 0.0]",1,tweet_2936_284234
10019,4462,"Feature_Vector: [1.0, 1.0, 0.0, 0.24860724806785583, 0.0]","Feature_Vector: [1.0, 1.0, 0.0, 0.37488609552383423, 0.0]",1,tweet_4462_650962
1528,5245,"Feature_Vector: [1.0, 1.0, 0.0, 0.38681069016456604, 0.0]","Feature_Vector: [1.0, 1.0, 0.0, 0.3212147057056427, 0.0]",1,tweet_5245_670070
764,764,"Feature_Vector: [1.0, 1.0, 0.0, 0.46375811100006104, 0.0]","Feature_Vector: [1.0, 1.0, 0.0, 0.46375811100006104, 0.0]",1,tweet_764_975809
5740,6347,"Feature_Vector: [1.0, 1.0, 0.0, 0.19894136488437653, 0.0]","Feature_Vector: [0.0, 0.0, 1.0, 0.48386338353157043, 0.0]",1,tweet_6347_711748
7876,4399,"Feature_Vector: [1.0, 1.0, 0.0, 0.437930703163147, 0.0]","Feature_Vector: [1.0, 1.0, 0.0, 0.46550697088241577, 0.0]",1,tweet_4399_220368
4247,7974,"Feature_Vector: [1.0, 1.0, 0.0, 0.3361474871635437, 0.0]","Feature_Vector: [1.0, 1.0, 0.0, 0.3643503487110138, 0.0]",1,tweet_7974_117660
5851,5851,"Feature_Vector: [0.0, 0.0, 1.0, 0.49843454360961914, 0.0]","Feature_Vector: [0.0, 0.0, 1.0, 0.49843454360961914, 0.0]",1,tweet_5851_875731
5238,684,"Feature_Vector: [1.0, 1.0, 0.0, 0.42298993468284607, 0.0]","Feature_Vector: [1.0, 1.0, 0.0, 0.312391459941864, 0.0]",1,tweet_684_481040
4556,3867,"Feature_Vector: [1.0, 0.0, 0.0, 0.3882761001586914, 0.0]","Feature_Vector: [1.0, 1.0, 0.0, 0.35378092527389526, 0.0]",1,tweet_3867_126227
3827,2893,"Feature_Vector: [1.0, 1.0, 0.0, 0.15641696751117706, 1.0]","Feature_Vector: [1.0, 1.0, 0.0, 0.6793380975723267, 0.0]",1,tweet_2893_835494
1535,5622,"Feature_Vector: [1.0, 1.0, 0.0, 0.4402576684951782, 0.0]","Feature_Vector: [1.0, 1.0, 0.0, 0.2960134446620941, 0.0]",3,tweet_5622_1092437
7213,7955,"Feature_Vector: [1.0, 1.0, 0.0, 0.4025183916091919, 0.0]","Feature_Vector: [0.0, 0.0, 0.0, 0.5409671664237976, 0.0]",1,tweet_7955_202310
7055,2328,"Feature_Vector: [1.0, 1.0, 0.0, 0.3675307333469391, 0.0]","Feature_Vector: [1.0, 1.0, 0.0, 0.3940984308719635, 0.0]",1,tweet_2328_198085
2990,9065,"Feature_Vector: [1.0, 1.0, 0.0, 0.2714817523956299, 0.0]","Feature_Vector: [1.0, 1.0, 0.0, 0.3630985915660858, 0.0]",1,tweet_9065_397508
104,2998,"Feature_Vector: [1.0, 1.0, 0.0, 0.3243548572063446, 0.0]","Feature_Vector: [1.0, 1.0, 0.0, 0.4467743933200836, 0.0]",3,tweet_2998_1050916
8019,2893,"Feature_Vector: [1.0, 1.0, 0.0, 0.29201504588127136, 0.0]","Feature_Vector: [1.0, 1.0, 0.0, 0.6793380975723267, 0.0]",1,tweet_2893_733696
9688,9031,"Feature_Vector: [1.0, 1.0, 0.0, 0.34453070163726807, 0.0]","Feature_Vector: [1.0, 1.0, 0.0, 0.3451554775238037, 0.0]",1,tweet_9031_637605
10152,6984,"Feature_Vector: [0.0, 0.0, 0.0, 0.29264894127845764, 0.0]","Feature_Vector: [1.0, 1.0, 0.0, 0.28666993975639343, 0.0]",1,tweet_6984_654523
7369,8660,"Feature_Vector: [1.0, 0.0, 0.0, 0.4846026599407196, 0.0]","Feature_Vector: [1.0, 1.0, 0.0, 0.5584698915481567, 0.0]",1,tweet_8660_727746
8646,1984,"Feature_Vector: [1.0, 1.0, 0.0, 0.4100010395050049, 0.0]","Feature_Vector: [0.0, 0.0, 1.0, 0.7161551713943481, 0.0]",1,tweet_1984_597572
1811,1811,"Feature_Vector: [1.0, 1.0, 0.0, 0.39694780111312866, 0.0]","Feature_Vector: [1.0, 1.0, 0.0, 0.39694780111312866, 0.0]",1,tweet_1811_786883
3695,9547,"Feature_Vector: [1.0, 1.0, 0.0, 0.4325729012489319, 0.0]","Feature_Vector: [1.0, 1.0, 0.0, 0.3969973921775818, 0.0]",1,tweet_9547_103280
343,7458,"Feature_Vector: [0.0, 0.0, 0.0, 0.2929632365703583, 0.0]","Feature_Vector: [1.0, 0.0, 0.0, 0.4532228112220764, 0.0]",1,tweet_7458_659035
5200,2379,"Feature_Vector: [1.0, 1.0, 0.0, 0.3580910861492157, 0.0]","Feature_Vector: [1.0, 0.0, 0.0, 0.5706999897956848, 0.0]",1,tweet_2379_862418
6285,7266,"Feature_Vector: [1.0, 1.0, 0.0, 0.325949102640152, 0.0]","Feature_Vector: [1.0, 1.0, 0.0, 0.40528160333633423, 0.0]",3,tweet_7266_1192357
9936,7700,"Feature_Vector: [1.0, 1.0, 0.0, 0.31172114610671997, 0.0]","Feature_Vector: [1.0, 1.0, 1.0, 0.888723611831665, 0.0]",1,tweet_7700_647513
2753,2867,"Feature_Vector: [1.0, 1.0, 0.0, 0.39394164085388184, 0.0]","Feature_Vector: [1.0, 1.0, 0.0, 0.5269731879234314, 0.0]",1,tweet_2867_681952
5424,1748,"Feature_Vector: [1.0, 1.0, 0.0, 0.38350915908813477, 0.0]","Feature_Vector: [1.0, 1.0, 0.0, 0.6575924158096313, 0.0]",1,tweet_1748_487167
7387,8062,"Feature_Vector: [1.0, 1.0, 0.0, 0.33815228939056396, 0.0]","Feature_Vector: [1.0, 1.0, 0.0, 0.226075679063797, 0.0]",2,tweet_8062_1371944
3475,4670,"Feature_Vector: [1.0, 1.0, 0.0, 0.32783839106559753, 0.0]","Feature_Vector: [0.0, 0.0, 1.0, 0.5267648696899414, 0.0]",1,tweet_4670_1000021
9365,1494,"Feature_Vector: [1.0, 1.0, 0.0, 0.2890709638595581, 0.0]","Feature_Vector: [0.0, 0.0, 1.0, 0.606764554977417, 0.0]",1,tweet_1494_745331
3450,8963,"Feature_Vector: [1.0, 0.0, 0.0, 0.171758234500885, 0.0]","Feature_Vector: [1.0, 1.0, 0.0, 0.2986243963241577, 0.0]",3,tweet_8963_1138623
4459,5809,"Feature_Vector: [1.0, 1.0, 0.0, 0.2728412449359894, 0.0]","Feature_Vector: [1.0, 1.0, 0.0, 0.36050859093666077, 0.0]",1,tweet_5809_848493
2106,2106,"Feature_Vector: [1.0, 1.0, 0.0, 0.4713330864906311, 0.0]","Feature_Vector: [1.0, 1.0, 0.0, 0.4713330864906311, 0.0]",1,tweet_2106_793010
2667,6927,"Feature_Vector: [1.0, 1.0, 0.0, 0.4118978679180145, 0.0]","Feature_Vector: [1.0, 0.0, 0.0, 0.24281595647335052, 0.0]",3,tweet_6927_1294362
5131,3582,"Feature_Vector: [1.0, 1.0, 0.0, 0.26414474844932556, 0.0]","Feature_Vector: [1.0, 1.0, 0.0, 0.31829097867012024, 0.0]",1,tweet_3582_144613
2547,5417,"Feature_Vector: [1.0, 1.0, 0.0, 0.2977674603462219, 0.0]","Feature_Vector: [1.0, 0.0, 1.0, 0.8675563335418701, 0.0]",1,tweet_5417_679936
5486,9533,"Feature_Vector: [1.0, 1.0, 0.0, 0.45349663496017456, 0.0]","Feature_Vector: [1.0, 1.0, 0.0, 0.4570772349834442, 0.0]",1,tweet_9533_489084
71,5972,"Feature_Vector: [1.0, 1.0, 0.0, 0.4056655466556549, 0.0]","Feature_Vector: [0.0, 0.0, 1.0, 0.7603167295455933, 0.0]",1,tweet_5972_290219
3139,753,"Feature_Vector: [1.0, 0.0, 0.0, 0.3759039342403412, 0.0]","Feature_Vector: [1.0, 1.0, 0.0, 0.3377286493778229, 0.0]",1,tweet_753_87065
3325,7550,"Feature_Vector: [0.0, 0.0, 0.0, 0.38740143179893494, 0.0]","Feature_Vector: [1.0, 0.0, 0.0, 0.4779631197452545, 0.0]",3,tweet_7550_1136298
9332,4489,"Feature_Vector: [1.0, 1.0, 0.0, 0.20810995995998383, 0.0]","Feature_Vector: [1.0, 1.0, 0.0, 0.26961660385131836, 0.0]",1,tweet_4489_621250
1282,2600,"Feature_Vector: [1.0, 1.0, 0.0, 0.31888797879219055, 0.0]","Feature_Vector: [1.0, 1.0, 0.0, 0.4457601010799408, 0.0]",1,tweet_2600_33053
5323,8862,"Feature_Vector: [1.0, 1.0, 0.0, 0.2671949863433838, 0.0]","Feature_Vector: [1.0, 1.0, 1.0, 0.28560879826545715, 0.0]",2,tweet_8862_1345674
491,2300,"Feature_Vector: [1.0, 0.0, 0.0, 0.5038406252861023, 0.0]","Feature_Vector: [1.0, 1.0, 0.0, 0.5672848224639893, 0.0]",1,tweet_2300_304736
1718,9174,"Feature_Vector: [1.0, 1.0, 0.0, 0.2728412449359894, 0.0]","Feature_Vector: [1.0, 1.0, 0.0, 0.29511559009552, 0.0]",1,tweet_9174_46452
652,652,"Feature_Vector: [1.0, 0.0, 1.0, 0.6229747533798218, 0.0]","Feature_Vector: [1.0, 0.0, 1.0, 0.6229747533798218, 0.0]",1,tweet_652_764412
3844,9770,"Feature_Vector: [1.0, 1.0, 0.0, 0.3509376645088196, 0.0]","Feature_Vector: [1.0, 1.0, 0.0, 0.31349119544029236, 0.0]",1,tweet_9770_106552
326,326,"Feature_Vector: [0.0, 0.0, 0.0, 0.4835435748100281, 0.0]","Feature_Vector: [0.0, 0.0, 0.0, 0.4835435748100281, 0.0]",1,tweet_326_973501
5245,7296,"Feature_Vector: [1.0, 1.0, 0.0, 0.3212147057056427, 0.0]","Feature_Vector: [1.0, 1.0, 0.0, 0.29747888445854187, 0.0]",1,tweet_7296_148668
285,4830,"Feature_Vector: [1.0, 1.0, 0.0, 0.5145882964134216, 0.0]","Feature_Vector: [1.0, 0.0, 1.0, 0.7055684924125671, 0.0]",1,tweet_4830_298970
404,9382,"Feature_Vector: [1.0, 1.0, 0.0, 0.15641696751117706, 0.0]","Feature_Vector: [0.0, 0.0, 0.0, 0.3510497212409973, 0.0]",2,tweet_9382_1230600
7684,7684,"Feature_Vector: [1.0, 1.0, 1.0, 0.5438991189002991, 0.0]","Feature_Vector: [1.0, 1.0, 1.0, 0.5438991189002991, 0.0]",1,tweet_7684_915050
3340,106,"Feature_Vector: [1.0, 0.0, 0.0, 0.5463641285896301, 0.0]","Feature_Vector: [0.0, 0.0, 1.0, 0.7920801639556885, 0.0]",1,tweet_106_820032
3054,3054,"Feature_Vector: [1.0, 1.0, 0.0, 0.3829396367073059, 0.0]","Feature_Vector: [1.0, 1.0, 0.0, 0.3829396367073059, 0.0]",1,tweet_3054_813659
893,7831,"Feature_Vector: [0.0, 0.0, 0.0, 0.5253458619117737, 0.0]","Feature_Vector: [1.0, 1.0, 0.0, 0.43074944615364075, 0.0]",2,tweet_7831_1246920
6856,3487,"Feature_Vector: [1.0, 0.0, 0.0, 0.45276346802711487, 0.0]","Feature_Vector: [1.0, 1.0, 1.0, 0.6530749797821045, 0.0]",1,tweet_3487_537552
9843,6353,"Feature_Vector: [1.0, 1.0, 1.0, 0.4899634122848511, 0.0]","Feature_Vector: [1.0, 1.0, 0.0, 0.3152073919773102, 0.0]",1,tweet_6353_275616
4694,4694,"Feature_Vector: [1.0, 1.0, 0.0, 0.3756149709224701, 0.0]","Feature_Vector: [1.0, 1.0, 0.0, 0.3756149709224701, 0.0]",1,tweet_4694_1009272
753,3324,"Feature_Vector: [1.0, 1.0, 0.0, 0.3377286493778229, 0.0]","Feature_Vector: [1.0, 1.0, 0.0, 0.3143558204174042, 0.0]",1,tweet_3324_18729
7006,7006,"Feature_Vector: [1.0, 0.0, 1.0, 0.5962151288986206, 0.0]","Feature_Vector: [1.0, 0.0, 1.0, 0.5962151288986206, 0.0]",1,tweet_7006_900564
5284,8224,"Feature_Vector: [1.0, 1.0, 0.0, 0.15641696751117706, 0.0]","Feature_Vector: [1.0, 1.0, 0.0, 0.1173127219080925, 0.0]",3,tweet_8224_1344842
2864,7699,"Feature_Vector: [1.0, 1.0, 0.0, 0.42729347944259644, 0.0]","Feature_Vector: [1.0, 1.0, 0.0, 0.3373017907142639, 0.0]",3,tweet_7699_1297813
9098,21,"Feature_Vector: [1.0, 1.0, 0.0, 0.46901625394821167, 0.0]","Feature_Vector: [1.0, 1.0, 0.0, 0.4438266456127167, 0.0]",1,tweet_21_1038154
2110,7430,"Feature_Vector: [1.0, 1.0, 0.0, 0.19373008608818054, 0.0]","Feature_Vector: [1.0, 1.0, 0.0, 0.43965578079223633, 0.0]",1,tweet_7430_363900
8777,8660,"Feature_Vector: [1.0, 0.0, 0.0, 0.5656849145889282, 0.0]","Feature_Vector: [1.0, 1.0, 0.0, 0.5584698915481567, 0.0]",1,tweet_8660_602684
5499,4507,"Feature_Vector: [1.0, 0.0, 0.0, 0.44557181000709534, 0.0]","Feature_Vector: [1.0, 0.0, 0.0, 0.5864585041999817, 0.0]",1,tweet_4507_489471
2759,4847,"Feature_Vector: [1.0, 1.0, 0.0, 0.34864869713783264, 0.0]","Feature_Vector: [1.0, 1.0, 0.0, 0.2980545461177826, 0.0]",1,tweet_4847_389582
9995,10059,"Feature_Vector: [1.0, 1.0, 0.0, 0.3554619550704956, 0.0]","Feature_Vector: [1.0, 0.0, 1.0, 0.5017430186271667, 0.0]",1,tweet_10059_752495
3507,3507,"Feature_Vector: [1.0, 0.0, 0.0, 0.5261502861976624, 0.0]","Feature_Vector: [1.0, 0.0, 0.0, 0.5261502861976624, 0.0]",1,tweet_3507_824239
4208,8556,"Feature_Vector: [1.0, 1.0, 0.0, 0.3217816948890686, 0.0]","Feature_Vector: [1.0, 1.0, 1.0, 0.5624136924743652, 0.0]",1,tweet_8556_696687
1177,1177,"Feature_Vector: [1.0, 0.0, 0.0, 0.6398541927337646, 0.0]","Feature_Vector: [1.0, 0.0, 0.0, 0.6398541927337646, 0.0]",1,tweet_1177_772580
4279,10146,"Feature_Vector: [1.0, 1.0, 0.0, 0.312391459941864, 0.0]","Feature_Vector: [1.0, 1.0, 0.0, 0.2538589835166931, 0.0]",1,tweet_10146_118235
10150,6666,"Feature_Vector: [1.0, 1.0, 0.0, 0.45826107263565063, 0.0]","Feature_Vector: [1.0, 1.0, 0.0, 0.4401654899120331, 0.0]",1,tweet_6666_284961
6594,10085,"Feature_Vector: [1.0, 1.0, 0.0, 0.343771755695343, 0.0]","Feature_Vector: [1.0, 1.0, 0.0, 0.29233288764953613, 0.0]",1,tweet_10085_892721
3051,8007,"Feature_Vector: [1.0, 1.0, 0.0, 0.22907190024852753, 0.0]","Feature_Vector: [1.0, 1.0, 0.0, 0.20371171832084656, 0.0]",2,tweet_8007_1130569
7458,152,"Feature_Vector: [1.0, 0.0, 0.0, 0.4532228112220764, 0.0]","Feature_Vector: [1.0, 0.0, 0.0, 0.4170945882797241, 0.0]",1,tweet_152_209232
5984,7707,"Feature_Vector: [0.0, 0.0, 0.0, 0.3408981263637543, 0.0]","Feature_Vector: [1.0, 1.0, 0.0, 0.2506343722343445, 0.0]",2,tweet_7707_1355314
595,1729,"Feature_Vector: [1.0, 1.0, 0.0, 0.3755425214767456, 0.0]","Feature_Vector: [1.0, 1.0, 1.0, 0.5922421813011169, 0.0]",1,tweet_1729_763067
3119,2876,"Feature_Vector: [1.0, 1.0, 0.0, 0.3746655583381653, 0.0]","Feature_Vector: [1.0, 1.0, 0.0, 0.44601020216941833, 0.0]",1,tweet_2876_86695
3618,2096,"Feature_Vector: [1.0, 1.0, 0.0, 0.45477497577667236, 0.0]","Feature_Vector: [1.0, 1.0, 0.0, 0.26092013716697693, 0.0]",1,tweet_2096_100795
4683,7955,"Feature_Vector: [1.0, 1.0, 0.0, 0.25808456540107727, 0.0]","Feature_Vector: [0.0, 0.0, 0.0, 0.5409671664237976, 0.0]",1,tweet_7955_458817
2712,7566,"Feature_Vector: [1.0, 1.0, 0.0, 0.28525060415267944, 0.0]","Feature_Vector: [1.0, 1.0, 0.0, 0.3184906840324402, 0.0]",2,tweet_7566_1122795
4601,1307,"Feature_Vector: [1.0, 0.0, 1.0, 0.4790964722633362, 0.0]","Feature_Vector: [0.0, 0.0, 1.0, 0.6844823360443115, 0.0]",1,tweet_1307_454331
8623,2741,"Feature_Vector: [1.0, 1.0, 0.0, 0.38518407940864563, 0.0]","Feature_Vector: [1.0, 1.0, 0.0, 0.2472141981124878, 1.0]",1,tweet_2741_238317
2605,5241,"Feature_Vector: [1.0, 1.0, 0.0, 0.2723917067050934, 0.0]","Feature_Vector: [0.0, 0.0, 0.0, 0.5940559506416321, 0.0]",1,tweet_5241_993510
9330,6784,"Feature_Vector: [1.0, 1.0, 0.0, 0.39186280965805054, 0.0]","Feature_Vector: [1.0, 1.0, 0.0, 0.3675307333469391, 0.0]",1,tweet_6784_621018
7802,8104,"Feature_Vector: [1.0, 1.0, 0.0, 0.2328343242406845, 1.0]","Feature_Vector: [1.0, 1.0, 0.0, 0.5237593054771423, 0.0]",1,tweet_8104_1029580
1565,5690,"Feature_Vector: [1.0, 1.0, 0.0, 0.3780944049358368, 0.0]","Feature_Vector: [1.0, 1.0, 0.0, 0.4323614239692688, 0.0]",4,tweet_5690_1093691
8673,1340,"Feature_Vector: [1.0, 0.0, 0.0, 0.5248133540153503, 0.0]","Feature_Vector: [1.0, 1.0, 0.0, 0.3178894519805908, 0.0]",1,tweet_1340_240234
5871,5871,"Feature_Vector: [1.0, 1.0, 0.0, 0.486001580953598, 0.0]","Feature_Vector: [1.0, 1.0, 0.0, 0.486001580953598, 0.0]",1,tweet_5871_877126
8378,311,"Feature_Vector: [1.0, 1.0, 0.0, 0.2980545461177826, 0.0]","Feature_Vector: [1.0, 1.0, 1.0, 0.742438018321991, 0.0]",1,tweet_311_588844
3171,2874,"Feature_Vector: [1.0, 1.0, 0.0, 0.42804187536239624, 0.0]","Feature_Vector: [1.0, 1.0, 0.0, 0.31349119544029236, 0.0]",1,tweet_2874_404567
1599,1599,"Feature_Vector: [1.0, 1.0, 0.0, 0.3800693154335022, 0.0]","Feature_Vector: [1.0, 1.0, 0.0, 0.3800693154335022, 0.0]",1,tweet_1599_780123
2332,2332,"Feature_Vector: [1.0, 1.0, 1.0, 0.6547492742538452, 0.0]","Feature_Vector: [1.0, 1.0, 1.0, 0.6547492742538452, 0.0]",1,tweet_2332_991281
4679,9068,"Feature_Vector: [1.0, 1.0, 0.0, 0.3999902009963989, 0.0]","Feature_Vector: [1.0, 1.0, 0.0, 0.24127022922039032, 0.0]",2,tweet_9068_1334180
3633,5172,"Feature_Vector: [1.0, 1.0, 0.0, 0.36934012174606323, 0.0]","Feature_Vector: [1.0, 1.0, 0.0, 0.4614177644252777, 0.0]",3,tweet_5172_1143083
3082,3082,"Feature_Vector: [1.0, 0.0, 1.0, 0.5919924974441528, 0.0]","Feature_Vector: [1.0, 0.0, 1.0, 0.5919924974441528, 0.0]",1,tweet_3082_814175
2139,7055,"Feature_Vector: [1.0, 1.0, 0.0, 0.4221391975879669, 0.0]","Feature_Vector: [1.0, 1.0, 0.0, 0.3675307333469391, 0.0]",1,tweet_7055_57670
6024,5455,"Feature_Vector: [1.0, 0.0, 0.0, 0.4011073708534241, 0.0]","Feature_Vector: [1.0, 1.0, 0.0, 0.4130284786224365, 0.0]",1,tweet_5455_508059
5424,8824,"Feature_Vector: [1.0, 1.0, 0.0, 0.38350915908813477, 0.0]","Feature_Vector: [1.0, 0.0, 1.0, 0.7744181156158447, 0.0]",1,tweet_8824_487155
9953,9953,"Feature_Vector: [1.0, 1.0, 0.0, 0.13527844846248627, 0.0]","Feature_Vector: [1.0, 1.0, 0.0, 0.13527844846248627, 0.0]",1,tweet_9953_960832
4670,9065,"Feature_Vector: [0.0, 0.0, 1.0, 0.5267648696899414, 0.0]","Feature_Vector: [1.0, 1.0, 0.0, 0.3630985915660858, 0.0]",1,tweet_9065_458554
3136,8296,"Feature_Vector: [1.0, 1.0, 0.0, 0.3600333034992218, 0.0]","Feature_Vector: [1.0, 0.0, 1.0, 0.8148944973945618, 0.0]",1,tweet_8296_815371
7424,7424,"Feature_Vector: [1.0, 0.0, 0.0, 0.584269106388092, 0.0]","Feature_Vector: [1.0, 0.0, 0.0, 0.584269106388092, 0.0]",1,tweet_7424_1027728
467,8819,"Feature_Vector: [1.0, 1.0, 0.0, 0.327669233083725, 0.0]","Feature_Vector: [1.0, 1.0, 0.0, 0.4119359254837036, 0.0]",3,tweet_8819_1061021
3217,7018,"Feature_Vector: [1.0, 1.0, 0.0, 0.3578931391239166, 0.0]","Feature_Vector: [1.0, 1.0, 0.0, 0.3744441866874695, 0.0]",3,tweet_7018_1133981
5297,5297,"Feature_Vector: [1.0, 0.0, 1.0, 0.6814850568771362, 0.0]","Feature_Vector: [1.0, 0.0, 1.0, 0.6814850568771362, 0.0]",1,tweet_5297_865196
1466,2222,"Feature_Vector: [1.0, 1.0, 0.0, 0.3945661783218384, 0.0]","Feature_Vector: [1.0, 1.0, 0.0, 0.34758755564689636, 0.0]",3,tweet_2222_1090749
7046,7046,"Feature_Vector: [0.0, 0.0, 0.0, 0.47276172041893005, 0.0]","Feature_Vector: [0.0, 0.0, 0.0, 0.47276172041893005, 0.0]",1,tweet_7046_901880
2416,7979,"Feature_Vector: [1.0, 0.0, 1.0, 0.6182260513305664, 0.0]","Feature_Vector: [1.0, 1.0, 1.0, 0.6087115406990051, 0.0]",1,tweet_7979_376773
1976,7226,"Feature_Vector: [1.0, 1.0, 0.0, 0.33899015188217163, 0.0]","Feature_Vector: [1.0, 1.0, 0.0, 0.2859647274017334, 0.0]",2,tweet_7226_1278410
5845,7405,"Feature_Vector: [1.0, 1.0, 0.0, 0.3346705436706543, 0.0]","Feature_Vector: [1.0, 1.0, 0.0, 0.3886222243309021, 0.0]",1,tweet_7405_1016942
3835,8486,"Feature_Vector: [1.0, 1.0, 0.0, 0.2907254993915558, 0.0]","Feature_Vector: [1.0, 1.0, 0.0, 0.4063836932182312, 0.0]",1,tweet_8486_428369
8104,7608,"Feature_Vector: [1.0, 1.0, 0.0, 0.5237593054771423, 0.0]","Feature_Vector: [1.0, 1.0, 0.0, 0.07820848375558853, 1.0]",1,tweet_7608_225760
7637,8512,"Feature_Vector: [1.0, 1.0, 0.0, 0.31327295303344727, 1.0]","Feature_Vector: [1.0, 0.0, 1.0, 0.4895612597465515, 0.0]",1,tweet_8512_564341
5927,9087,"Feature_Vector: [1.0, 1.0, 0.0, 0.32982972264289856, 0.0]","Feature_Vector: [1.0, 1.0, 0.0, 0.18593627214431763, 0.0]",1,tweet_9087_503862
5246,7850,"Feature_Vector: [1.0, 1.0, 0.0, 0.31172114610671997, 0.0]","Feature_Vector: [1.0, 1.0, 0.0, 0.3879278600215912, 0.0]",2,tweet_7850_1178117
8595,3142,"Feature_Vector: [1.0, 1.0, 0.0, 0.31149595975875854, 0.0]","Feature_Vector: [1.0, 1.0, 0.0, 0.2877114713191986, 0.0]",1,tweet_3142_237563
7561,77,"Feature_Vector: [1.0, 1.0, 0.0, 0.41671139001846313, 0.0]","Feature_Vector: [1.0, 1.0, 0.0, 0.44625917077064514, 0.0]",1,tweet_77_561960
10168,2054,"Feature_Vector: [1.0, 1.0, 0.0, 0.2954164743423462, 0.0]","Feature_Vector: [0.0, 0.0, 0.0, 0.38242849707603455, 0.0]",1,tweet_2054_654863
2822,8540,"Feature_Vector: [1.0, 1.0, 0.0, 0.3761913776397705, 0.0]","Feature_Vector: [1.0, 1.0, 1.0, 0.6127685308456421, 0.0]",1,tweet_8540_808559
5904,5617,"Feature_Vector: [1.0, 1.0, 0.0, 0.46290144324302673, 0.0]","Feature_Vector: [1.0, 1.0, 0.0, 0.32399436831474304, 0.0]",1,tweet_5617_502482
7974,4842,"Feature_Vector: [1.0, 1.0, 0.0, 0.3643503487110138, 0.0]","Feature_Vector: [1.0, 1.0, 0.0, 0.32982972264289856, 0.0]",1,tweet_4842_574717
3428,9031,"Feature_Vector: [1.0, 1.0, 0.0, 0.3266434669494629, 0.0]","Feature_Vector: [1.0, 1.0, 0.0, 0.3451554775238037, 0.0]",2,tweet_9031_1137777
195,4883,"Feature_Vector: [1.0, 1.0, 0.0, 0.4113623797893524, 0.0]","Feature_Vector: [0.0, 0.0, 0.0, 0.39048877358436584, 0.0]",2,tweet_4883_1223840
5067,4704,"Feature_Vector: [1.0, 1.0, 0.0, 0.40119946002960205, 0.0]","Feature_Vector: [1.0, 1.0, 0.0, 0.3166674077510834, 0.0]",1,tweet_4704_860254
1265,1265,"Feature_Vector: [1.0, 1.0, 0.0, 0.24127022922039032, 0.0]","Feature_Vector: [1.0, 1.0, 0.0, 0.24127022922039032, 0.0]",1,tweet_1265_774215
3574,9729,"Feature_Vector: [1.0, 0.0, 0.0, 0.3998018205165863, 0.0]","Feature_Vector: [0.0, 0.0, 0.0, 0.32363155484199524, 0.0]",1,tweet_9729_99800
4697,5534,"Feature_Vector: [1.0, 1.0, 0.0, 0.45434609055519104, 0.0]","Feature_Vector: [0.0, 0.0, 0.0, 0.6296940445899963, 0.0]",1,tweet_5534_853817
42,7123,"Feature_Vector: [1.0, 1.0, 0.0, 0.2380456179380417, 0.0]","Feature_Vector: [1.0, 0.0, 0.0, 0.3339173197746277, 0.0]",3,tweet_7123_1218507
1234,2867,"Feature_Vector: [1.0, 1.0, 0.0, 0.4846760630607605, 0.0]","Feature_Vector: [1.0, 1.0, 0.0, 0.5269731879234314, 0.0]",1,tweet_2867_773314
1735,3159,"Feature_Vector: [1.0, 1.0, 0.0, 0.33299997448921204, 0.0]","Feature_Vector: [1.0, 1.0, 0.0, 0.3477064371109009, 0.0]",2,tweet_3159_1271573
1264,9837,"Feature_Vector: [1.0, 0.0, 0.0, 0.39674896001815796, 0.0]","Feature_Vector: [1.0, 0.0, 0.0, 0.42804187536239624, 0.0]",2,tweet_9837_1258903
3844,2784,"Feature_Vector: [1.0, 1.0, 0.0, 0.3509376645088196, 0.0]","Feature_Vector: [1.0, 1.0, 0.0, 0.28560879826545715, 0.0]",1,tweet_2784_835629
9824,5782,"Feature_Vector: [1.0, 1.0, 0.0, 0.45119211077690125, 0.0]","Feature_Vector: [1.0, 0.0, 0.0, 0.4406706392765045, 0.0]",1,tweet_5782_643751
5972,3632,"Feature_Vector: [0.0, 0.0, 1.0, 0.7603167295455933, 0.0]","Feature_Vector: [1.0, 0.0, 1.0, 1.0, 0.0]",1,tweet_3632_506309
7890,7575,"Feature_Vector: [1.0, 1.0, 0.0, 0.27008870244026184, 0.0]","Feature_Vector: [1.0, 1.0, 0.0, 0.32783839106559753, 0.0]",1,tweet_7575_220919
4145,6244,"Feature_Vector: [1.0, 1.0, 0.0, 0.32681572437286377, 0.0]","Feature_Vector: [1.0, 1.0, 0.0, 0.33715879917144775, 0.0]",1,tweet_6244_438865
2332,2332,"Feature_Vector: [1.0, 1.0, 1.0, 0.6547492742538452, 0.0]","Feature_Vector: [1.0, 1.0, 1.0, 0.6547492742538452, 0.0]",1,tweet_2332_991330
3769,3769,"Feature_Vector: [0.0, 0.0, 1.0, 0.5656774640083313, 0.0]","Feature_Vector: [0.0, 0.0, 1.0, 0.5656774640083313, 0.0]",1,tweet_3769_833795
4257,2235,"Feature_Vector: [1.0, 1.0, 0.0, 0.40055152773857117, 0.0]","Feature_Vector: [1.0, 1.0, 0.0, 0.4446846842765808, 0.0]",1,tweet_2235_697010
2970,3656,"Feature_Vector: [0.0, 0.0, 0.0, 0.454614520072937, 0.0]","Feature_Vector: [0.0, 0.0, 0.0, 0.4846760630607605, 0.0]",2,tweet_3656_1300400
389,5534,"Feature_Vector: [1.0, 1.0, 0.0, 0.37392422556877136, 0.0]","Feature_Vector: [0.0, 0.0, 0.0, 0.6296940445899963, 0.0]",1,tweet_5534_300992
2397,8540,"Feature_Vector: [1.0, 1.0, 0.0, 0.30605122447013855, 0.0]","Feature_Vector: [1.0, 1.0, 1.0, 0.6127685308456421, 0.0]",1,tweet_8540_678619
507,5705,"Feature_Vector: [1.0, 1.0, 0.0, 0.26092013716697693, 0.0]","Feature_Vector: [1.0, 1.0, 0.0, 0.44831234216690063, 0.0]",3,tweet_5705_1062136
8197,9890,"Feature_Vector: [0.0, 0.0, 0.0, 0.35378092527389526, 0.0]","Feature_Vector: [1.0, 1.0, 0.0, 0.5119112730026245, 0.0]",2,tweet_9890_1378863
3852,9500,"Feature_Vector: [1.0, 1.0, 0.0, 0.34248366951942444, 0.0]","Feature_Vector: [1.0, 1.0, 0.0, 0.49002063274383545, 0.0]",1,tweet_9500_428899
6303,3985,"Feature_Vector: [1.0, 1.0, 0.0, 0.45841148495674133, 0.0]","Feature_Vector: [1.0, 1.0, 0.0, 0.3314371109008789, 0.0]",1,tweet_3985_178377
5859,6541,"Feature_Vector: [0.0, 0.0, 0.0, 0.5518944263458252, 0.0]","Feature_Vector: [1.0, 0.0, 0.0, 0.3640844523906708, 0.0]",2,tweet_6541_1353883
4492,6555,"Feature_Vector: [1.0, 1.0, 0.0, 0.48578622937202454, 0.0]","Feature_Vector: [1.0, 1.0, 0.0, 0.4464039206504822, 0.0]",1,tweet_6555_124488
8126,8126,"Feature_Vector: [1.0, 1.0, 0.0, 0.3802030086517334, 0.0]","Feature_Vector: [1.0, 1.0, 0.0, 0.3802030086517334, 0.0]",1,tweet_8126_924707
485,7207,"Feature_Vector: [1.0, 1.0, 0.0, 0.35378092527389526, 1.0]","Feature_Vector: [0.0, 0.0, 0.0, 0.508985161781311, 0.0]",3,tweet_7207_1061748
2106,2106,"Feature_Vector: [1.0, 1.0, 0.0, 0.4713330864906311, 0.0]","Feature_Vector: [1.0, 1.0, 0.0, 0.4713330864906311, 0.0]",1,tweet_2106_793019
813,8876,"Feature_Vector: [1.0, 1.0, 0.0, 0.30057477951049805, 0.0]","Feature_Vector: [1.0, 1.0, 0.0, 0.3065461218357086, 0.0]",1,tweet_8876_20474
1028,1372,"Feature_Vector: [1.0, 1.0, 0.0, 0.3555653691291809, 0.0]","Feature_Vector: [1.0, 1.0, 0.0, 0.37939608097076416, 0.0]",3,tweet_1372_1078091
553,8346,"Feature_Vector: [1.0, 0.0, 0.0, 0.49525967240333557, 0.0]","Feature_Vector: [1.0, 1.0, 0.0, 0.3334605097770691, 0.0]",1,tweet_8346_13143
1901,7242,"Feature_Vector: [1.0, 1.0, 0.0, 0.3323800265789032, 0.0]","Feature_Vector: [1.0, 1.0, 0.0, 0.4255574941635132, 0.0]",1,tweet_7242_52495
7465,6047,"Feature_Vector: [1.0, 1.0, 0.0, 0.3412986993789673, 0.0]","Feature_Vector: [1.0, 1.0, 0.0, 0.3145699203014374, 0.0]",1,tweet_6047_209387
9338,6017,"Feature_Vector: [1.0, 1.0, 0.0, 0.42182081937789917, 0.0]","Feature_Vector: [0.0, 0.0, 0.0, 0.4538053572177887, 0.0]",1,tweet_6017_621482
4392,4109,"Feature_Vector: [1.0, 1.0, 0.0, 0.439864844083786, 0.0]","Feature_Vector: [1.0, 1.0, 0.0, 0.4026082158088684, 0.0]",1,tweet_4109_445324
4208,6347,"Feature_Vector: [1.0, 1.0, 0.0, 0.3217816948890686, 0.0]","Feature_Vector: [0.0, 0.0, 1.0, 0.48386338353157043, 0.0]",1,tweet_6347_1005602
8631,2309,"Feature_Vector: [0.0, 0.0, 0.0, 0.4239818751811981, 0.0]","Feature_Vector: [1.0, 1.0, 0.0, 0.2134869247674942, 0.0]",1,tweet_2309_238970
7189,10081,"Feature_Vector: [1.0, 1.0, 0.0, 0.18593627214431763, 0.0]","Feature_Vector: [1.0, 1.0, 0.0, 0.14470288157463074, 0.0]",3,tweet_10081_1202035
3401,6268,"Feature_Vector: [1.0, 1.0, 0.0, 0.09079723805189133, 0.0]","Feature_Vector: [1.0, 1.0, 0.0, 0.1097794845700264, 0.0]",3,tweet_6268_1137367
2463,6337,"Feature_Vector: [1.0, 1.0, 0.0, 0.14888373017311096, 0.0]","Feature_Vector: [1.0, 0.0, 0.0, 0.37760716676712036, 0.0]",2,tweet_6337_1290048
5106,8469,"Feature_Vector: [0.0, 0.0, 0.0, 0.29169541597366333, 0.0]","Feature_Vector: [0.0, 0.0, 0.0, 0.3951326608657837, 0.0]",2,tweet_8469_1341713
4800,4145,"Feature_Vector: [1.0, 1.0, 0.0, 0.27008870244026184, 0.0]","Feature_Vector: [1.0, 1.0, 0.0, 0.32681572437286377, 0.0]",1,tweet_4145_134050
5082,5114,"Feature_Vector: [1.0, 1.0, 0.0, 0.22069871425628662, 0.0]","Feature_Vector: [1.0, 1.0, 0.0, 0.3551505506038666, 0.0]",3,tweet_5114_1174546
4346,1236,"Feature_Vector: [1.0, 0.0, 0.0, 0.46808189153671265, 0.0]","Feature_Vector: [1.0, 1.0, 0.0, 0.5939322113990784, 0.0]",1,tweet_1236_443673
6448,889,"Feature_Vector: [1.0, 0.0, 0.0, 0.3569936752319336, 0.0]","Feature_Vector: [1.0, 0.0, 0.0, 0.3946179151535034, 0.0]",1,tweet_889_182264
7168,4175,"Feature_Vector: [1.0, 0.0, 0.0, 0.39694780111312866, 0.0]","Feature_Vector: [1.0, 0.0, 0.0, 0.5835127234458923, 0.0]",1,tweet_4175_548546
4455,9112,"Feature_Vector: [1.0, 1.0, 0.0, 0.397980272769928, 0.0]","Feature_Vector: [1.0, 1.0, 0.0, 0.4357036352157593, 0.0]",1,tweet_9112_1006941
4905,4905,"Feature_Vector: [1.0, 0.0, 0.0, 0.3342198133468628, 0.0]","Feature_Vector: [1.0, 0.0, 0.0, 0.3342198133468628, 0.0]",1,tweet_4905_857275
5286,6416,"Feature_Vector: [1.0, 1.0, 0.0, 0.41907307505607605, 0.0]","Feature_Vector: [0.0, 0.0, 0.0, 0.2396809607744217, 0.0]",2,tweet_6416_1344855
361,5976,"Feature_Vector: [0.0, 0.0, 0.0, 0.37939608097076416, 0.0]","Feature_Vector: [1.0, 1.0, 0.0, 0.2681761384010315, 0.0]",2,tweet_5976_1229215
1832,1828,"Feature_Vector: [1.0, 1.0, 0.0, 0.312391459941864, 0.0]","Feature_Vector: [1.0, 1.0, 0.0, 0.34169647097587585, 0.0]",1,tweet_1828_355655
4826,4825,"Feature_Vector: [1.0, 1.0, 0.0, 0.4472035765647888, 0.0]","Feature_Vector: [1.0, 1.0, 0.0, 0.3631889522075653, 0.0]",1,tweet_4825_134674
6168,8595,"Feature_Vector: [1.0, 1.0, 0.0, 0.3141409158706665, 0.0]","Feature_Vector: [1.0, 1.0, 0.0, 0.31149595975875854, 0.0]",1,tweet_8595_514610
9552,9552,"Feature_Vector: [1.0, 1.0, 0.0, 0.42207565903663635, 0.0]","Feature_Vector: [1.0, 1.0, 0.0, 0.42207565903663635, 0.0]",1,tweet_9552_1042248
7845,921,"Feature_Vector: [1.0, 1.0, 0.0, 0.5020750164985657, 0.0]","Feature_Vector: [1.0, 1.0, 0.0, 0.3357084393501282, 0.0]",1,tweet_921_219581
4546,4419,"Feature_Vector: [0.0, 0.0, 1.0, 0.6231415271759033, 0.0]","Feature_Vector: [1.0, 0.0, 1.0, 0.6949173808097839, 0.0]",1,tweet_4419_452370
8623,4017,"Feature_Vector: [1.0, 1.0, 0.0, 0.38518407940864563, 0.0]","Feature_Vector: [1.0, 1.0, 0.0, 0.32234305143356323, 0.0]",1,tweet_4017_238247
2876,5415,"Feature_Vector: [1.0, 1.0, 0.0, 0.44601020216941833, 0.0]","Feature_Vector: [1.0, 1.0, 0.0, 0.3901539444923401, 0.0]",1,tweet_5415_392509
8034,6347,"Feature_Vector: [1.0, 1.0, 0.0, 0.38113003969192505, 0.0]","Feature_Vector: [0.0, 0.0, 1.0, 0.48386338353157043, 0.0]",1,tweet_6347_576993
4346,5241,"Feature_Vector: [1.0, 0.0, 0.0, 0.46808189153671265, 0.0]","Feature_Vector: [0.0, 0.0, 0.0, 0.5940559506416321, 0.0]",1,tweet_5241_1005969
5262,9303,"Feature_Vector: [1.0, 1.0, 0.0, 0.27372968196868896, 0.0]","Feature_Vector: [1.0, 1.0, 0.0, 0.16306175291538239, 0.0]",3,tweet_9303_1178473
9406,5720,"Feature_Vector: [1.0, 1.0, 0.0, 0.4601535499095917, 0.0]","Feature_Vector: [1.0, 1.0, 0.0, 0.42978739738464355, 0.0]",1,tweet_5720_624733
1378,2941,"Feature_Vector: [1.0, 1.0, 0.0, 0.29630959033966064, 0.0]","Feature_Vector: [1.0, 1.0, 0.0, 0.21086247265338898, 0.0]",3,tweet_2941_1088053
2108,2108,"Feature_Vector: [1.0, 0.0, 1.0, 0.5527974963188171, 0.0]","Feature_Vector: [1.0, 0.0, 1.0, 0.5527974963188171, 0.0]",1,tweet_2108_988614
5666,8176,"Feature_Vector: [1.0, 1.0, 0.0, 0.31829097867012024, 0.0]","Feature_Vector: [1.0, 1.0, 0.0, 0.39245694875717163, 0.0]",2,tweet_8176_1350976
4704,5067,"Feature_Vector: [1.0, 1.0, 0.0, 0.3166674077510834, 0.0]","Feature_Vector: [1.0, 1.0, 0.0, 0.40119946002960205, 0.0]",1,tweet_5067_854020
6087,7087,"Feature_Vector: [1.0, 1.0, 0.0, 0.2980545461177826, 0.0]","Feature_Vector: [1.0, 1.0, 1.0, 0.6930900812149048, 0.0]",1,tweet_7087_884910
4322,4462,"Feature_Vector: [1.0, 1.0, 0.0, 0.14888373017311096, 0.0]","Feature_Vector: [1.0, 1.0, 0.0, 0.37488609552383423, 0.0]",1,tweet_4462_443261
8342,1984,"Feature_Vector: [0.0, 0.0, 0.0, 0.39378443360328674, 0.0]","Feature_Vector: [0.0, 0.0, 1.0, 0.7161551713943481, 0.0]",1,tweet_1984_587873
8062,4670,"Feature_Vector: [1.0, 1.0, 0.0, 0.226075679063797, 0.0]","Feature_Vector: [0.0, 0.0, 1.0, 0.5267648696899414, 0.0]",1,tweet_4670_577606
5732,1457,"Feature_Vector: [1.0, 1.0, 0.0, 0.26255548000335693, 0.0]","Feature_Vector: [0.0, 0.0, 0.0, 0.23373699188232422, 0.0]",1,tweet_1457_159657
4705,5940,"Feature_Vector: [1.0, 0.0, 0.0, 0.4038071930408478, 0.0]","Feature_Vector: [1.0, 0.0, 0.0, 0.4133261740207672, 0.0]",1,tweet_5940_131926
3487,3487,"Feature_Vector: [1.0, 1.0, 1.0, 0.6530749797821045, 0.0]","Feature_Vector: [1.0, 1.0, 1.0, 0.6530749797821045, 0.0]",1,tweet_3487_822987
2460,3380,"Feature_Vector: [1.0, 1.0, 0.0, 0.3865726590156555, 0.0]","Feature_Vector: [1.0, 1.0, 0.0, 0.39065542817115784, 0.0]",1,tweet_3380_377703
3785,8010,"Feature_Vector: [1.0, 1.0, 0.0, 0.41328904032707214, 0.0]","Feature_Vector: [1.0, 1.0, 0.0, 0.4665279686450958, 0.0]",4,tweet_8010_1147089
2366,3844,"Feature_Vector: [1.0, 1.0, 0.0, 0.2723917067050934, 0.0]","Feature_Vector: [1.0, 1.0, 0.0, 0.3509376645088196, 0.0]",1,tweet_3844_374306
5917,6050,"Feature_Vector: [1.0, 1.0, 0.0, 0.30728039145469666, 0.0]","Feature_Vector: [1.0, 1.0, 0.0, 0.3514956831932068, 0.0]",1,tweet_6050_166397
8093,6845,"Feature_Vector: [0.0, 0.0, 0.0, 0.34614092111587524, 0.0]","Feature_Vector: [1.0, 1.0, 0.0, 0.3168729245662689, 0.0]",1,tweet_6845_225268
3662,4683,"Feature_Vector: [0.0, 0.0, 0.0, 0.4224557876586914, 0.0]","Feature_Vector: [1.0, 1.0, 0.0, 0.25808456540107727, 0.0]",1,tweet_4683_101993
291,4923,"Feature_Vector: [1.0, 1.0, 0.0, 0.43874073028564453, 0.0]","Feature_Vector: [1.0, 1.0, 0.0, 0.4348737895488739, 0.0]",1,tweet_4923_299587
2397,5579,"Feature_Vector: [1.0, 1.0, 0.0, 0.30605122447013855, 0.0]","Feature_Vector: [0.0, 0.0, 1.0, 0.5954746603965759, 0.0]",1,tweet_5579_678644
3529,8711,"Feature_Vector: [1.0, 1.0, 0.0, 0.4416675567626953, 0.0]","Feature_Vector: [1.0, 1.0, 0.0, 0.3802030086517334, 0.0]",1,tweet_8711_825374
605,6653,"Feature_Vector: [0.0, 0.0, 0.0, 0.34758755564689636, 0.0]","Feature_Vector: [1.0, 1.0, 0.0, 0.3710933029651642, 0.0]",2,tweet_6653_1066721
5415,7266,"Feature_Vector: [1.0, 1.0, 0.0, 0.3901539444923401, 0.0]","Feature_Vector: [1.0, 1.0, 0.0, 0.40528160333633423, 0.0]",1,tweet_7266_152424
10105,2571,"Feature_Vector: [1.0, 1.0, 0.0, 0.31172114610671997, 0.0]","Feature_Vector: [1.0, 1.0, 0.0, 0.3786461353302002, 0.0]",1,tweet_2571_652984
1901,8348,"Feature_Vector: [1.0, 1.0, 0.0, 0.3323800265789032, 0.0]","Feature_Vector: [1.0, 1.0, 0.0, 0.27631404995918274, 0.0]",1,tweet_8348_357692
2412,3646,"Feature_Vector: [1.0, 0.0, 0.0, 0.4480321705341339, 0.0]","Feature_Vector: [1.0, 1.0, 0.0, 0.4886994957923889, 0.0]",1,tweet_3646_802705
9301,9301,"Feature_Vector: [1.0, 1.0, 0.0, 0.5602076649665833, 0.0]","Feature_Vector: [1.0, 1.0, 0.0, 0.5602076649665833, 0.0]",1,tweet_9301_1039340
9737,4964,"Feature_Vector: [1.0, 1.0, 0.0, 0.27958542108535767, 0.0]","Feature_Vector: [1.0, 1.0, 0.0, 0.3013904392719269, 0.0]",1,tweet_4964_638629
6159,9477,"Feature_Vector: [0.0, 0.0, 0.0, 0.4327046871185303, 0.0]","Feature_Vector: [1.0, 1.0, 0.0, 0.41185978055000305, 0.0]",2,tweet_9477_1357450
6798,4492,"Feature_Vector: [1.0, 1.0, 0.0, 0.5117623209953308, 0.0]","Feature_Vector: [1.0, 1.0, 0.0, 0.48578622937202454, 0.0]",1,tweet_4492_721989
737,1233,"Feature_Vector: [1.0, 0.0, 0.0, 0.4283839464187622, 0.0]","Feature_Vector: [1.0, 1.0, 0.0, 0.33031678199768066, 0.0]",1,tweet_1233_18415
3221,834,"Feature_Vector: [1.0, 1.0, 0.0, 0.386751264333725, 0.0]","Feature_Vector: [1.0, 1.0, 0.0, 0.4117835462093353, 0.0]",1,tweet_834_406552
3818,2180,"Feature_Vector: [1.0, 1.0, 0.0, 0.23720981180667877, 0.0]","Feature_Vector: [1.0, 0.0, 1.0, 0.8602653741836548, 0.0]",1,tweet_2180_427934
5102,7982,"Feature_Vector: [0.0, 0.0, 0.0, 0.6812329292297363, 0.0]","Feature_Vector: [1.0, 1.0, 0.0, 0.15277598798274994, 0.0]",2,tweet_7982_1341593
676,6690,"Feature_Vector: [1.0, 1.0, 0.0, 0.310125470161438, 0.0]","Feature_Vector: [0.0, 0.0, 0.0, 0.425107479095459, 0.0]",2,tweet_6690_1240121
2055,2055,"Feature_Vector: [1.0, 1.0, 0.0, 0.2877114713191986, 0.0]","Feature_Vector: [1.0, 1.0, 0.0, 0.2877114713191986, 0.0]",1,tweet_2055_792579
9231,5901,"Feature_Vector: [1.0, 1.0, 0.0, 0.19552120566368103, 0.0]","Feature_Vector: [1.0, 1.0, 0.0, 0.3800693154335022, 0.0]",1,tweet_5901_617937
1806,6666,"Feature_Vector: [1.0, 1.0, 0.0, 0.28230011463165283, 0.0]","Feature_Vector: [1.0, 1.0, 0.0, 0.4401654899120331, 0.0]",3,tweet_6666_1101314
4400,4976,"Feature_Vector: [1.0, 1.0, 0.0, 0.35409992933273315, 0.0]","Feature_Vector: [1.0, 0.0, 1.0, 0.6902287602424622, 0.0]",1,tweet_4976_698406
5223,9698,"Feature_Vector: [1.0, 1.0, 0.0, 0.40608909726142883, 0.0]","Feature_Vector: [1.0, 1.0, 0.0, 0.3406294584274292, 0.0]",2,tweet_9698_1343639
1626,2619,"Feature_Vector: [1.0, 0.0, 0.0, 0.30703669786453247, 0.0]","Feature_Vector: [1.0, 0.0, 1.0, 0.7432684302330017, 0.0]",1,tweet_2619_347118
3596,1991,"Feature_Vector: [1.0, 1.0, 0.0, 0.3339173197746277, 0.0]","Feature_Vector: [1.0, 1.0, 0.0, 0.35525453090667725, 0.0]",1,tweet_1991_100401
4368,4957,"Feature_Vector: [1.0, 0.0, 0.0, 0.424835741519928, 0.0]","Feature_Vector: [1.0, 0.0, 1.0, 0.5693870782852173, 0.0]",1,tweet_4957_845268
4804,8733,"Feature_Vector: [1.0, 1.0, 0.0, 0.41047149896621704, 0.0]","Feature_Vector: [1.0, 1.0, 0.0, 0.3907662630081177, 0.0]",1,tweet_8733_134124
6984,9361,"Feature_Vector: [1.0, 1.0, 0.0, 0.28666993975639343, 0.0]","Feature_Vector: [1.0, 1.0, 0.0, 0.13527844846248627, 0.0]",3,tweet_9361_1199459
1890,3633,"Feature_Vector: [1.0, 1.0, 0.0, 0.3523772060871124, 0.0]","Feature_Vector: [1.0, 1.0, 0.0, 0.36934012174606323, 0.0]",3,tweet_3633_1102994
5606,9621,"Feature_Vector: [1.0, 0.0, 0.0, 0.4809063971042633, 0.0]","Feature_Vector: [1.0, 0.0, 0.0, 0.2907254993915558, 0.0]",2,tweet_9621_1350025
287,6050,"Feature_Vector: [1.0, 1.0, 0.0, 0.34022408723831177, 0.0]","Feature_Vector: [1.0, 1.0, 0.0, 0.3514956831932068, 0.0]",1,tweet_6050_299077
3145,7815,"Feature_Vector: [1.0, 1.0, 0.0, 0.16900572180747986, 0.0]","Feature_Vector: [1.0, 1.0, 0.0, 0.27631404995918274, 0.0]",1,tweet_7815_685710
6039,7622,"Feature_Vector: [1.0, 1.0, 0.0, 0.4729684293270111, 0.0]","Feature_Vector: [1.0, 1.0, 0.0, 0.4539681077003479, 0.0]",1,tweet_7622_884460
4923,6666,"Feature_Vector: [1.0, 1.0, 0.0, 0.4348737895488739, 0.0]","Feature_Vector: [1.0, 1.0, 0.0, 0.4401654899120331, 0.0]",1,tweet_6666_468800
4573,803,"Feature_Vector: [1.0, 1.0, 0.0, 0.3058021664619446, 0.0]","Feature_Vector: [1.0, 0.0, 0.0, 0.36107367277145386, 0.0]",1,tweet_803_453250
2804,8772,"Feature_Vector: [1.0, 1.0, 0.0, 0.14888373017311096, 0.0]","Feature_Vector: [1.0, 1.0, 0.0, 0.16900572180747986, 0.0]",3,tweet_8772_1124461
6155,9429,"Feature_Vector: [1.0, 0.0, 0.0, 0.3861536383628845, 0.0]","Feature_Vector: [1.0, 1.0, 0.0, 0.3902098834514618, 0.0]",2,tweet_9429_1357409
5809,3736,"Feature_Vector: [1.0, 1.0, 0.0, 0.36050859093666077, 0.0]","Feature_Vector: [0.0, 0.0, 0.0, 0.6534807682037354, 0.0]",1,tweet_3736_874215
137,4814,"Feature_Vector: [1.0, 1.0, 0.0, 0.4085656404495239, 0.0]","Feature_Vector: [1.0, 1.0, 0.0, 0.3377286493778229, 0.0]",1,tweet_4814_4383
7949,7129,"Feature_Vector: [1.0, 1.0, 0.0, 0.3620031177997589, 0.0]","Feature_Vector: [1.0, 1.0, 0.0, 0.48933982849121094, 0.0]",1,tweet_7129_574029
1850,3012,"Feature_Vector: [0.0, 0.0, 0.0, 0.3764773905277252, 0.0]","Feature_Vector: [1.0, 0.0, 0.0, 0.4888845682144165, 0.0]",2,tweet_3012_1274867
6619,2759,"Feature_Vector: [1.0, 1.0, 0.0, 0.3065461218357086, 0.0]","Feature_Vector: [1.0, 1.0, 0.0, 0.34864869713783264, 0.0]",1,tweet_2759_186248
8739,10032,"Feature_Vector: [1.0, 1.0, 0.0, 0.3432600498199463, 0.0]","Feature_Vector: [1.0, 1.0, 0.0, 0.171758234500885, 1.0]",3,tweet_10032_1212539
5047,6797,"Feature_Vector: [1.0, 1.0, 0.0, 0.3984653651714325, 0.0]","Feature_Vector: [0.0, 0.0, 1.0, 0.5248544812202454, 0.0]",1,tweet_6797_474243
9914,9914,"Feature_Vector: [1.0, 1.0, 0.0, 0.3626447319984436, 0.0]","Feature_Vector: [1.0, 1.0, 0.0, 0.3626447319984436, 0.0]",1,tweet_9914_751614
9626,120,"Feature_Vector: [1.0, 1.0, 0.0, 0.3027241826057434, 0.0]","Feature_Vector: [1.0, 1.0, 0.0, 0.29420316219329834, 0.0]",1,tweet_120_634676
4455,3848,"Feature_Vector: [1.0, 1.0, 0.0, 0.397980272769928, 0.0]","Feature_Vector: [1.0, 1.0, 0.0, 0.4702474772930145, 0.0]",1,tweet_3848_448492
652,652,"Feature_Vector: [1.0, 0.0, 1.0, 0.6229747533798218, 0.0]","Feature_Vector: [1.0, 0.0, 1.0, 0.6229747533798218, 0.0]",1,tweet_652_764818
1561,1561,"Feature_Vector: [1.0, 1.0, 0.0, 0.36626291275024414, 0.0]","Feature_Vector: [1.0, 1.0, 0.0, 0.36626291275024414, 0.0]",1,tweet_1561_779222
3798,6970,"Feature_Vector: [1.0, 1.0, 0.0, 0.2877114713191986, 0.0]","Feature_Vector: [1.0, 1.0, 0.0, 0.36827796697616577, 0.0]",3,tweet_6970_1147538
3983,5482,"Feature_Vector: [1.0, 1.0, 0.0, 0.38249263167381287, 0.0]","Feature_Vector: [1.0, 1.0, 0.0, 0.49289149045944214, 0.0]",3,tweet_5482_1151676
1535,4615,"Feature_Vector: [1.0, 1.0, 0.0, 0.4402576684951782, 0.0]","Feature_Vector: [1.0, 1.0, 0.0, 0.41051051020622253, 0.0]",3,tweet_4615_1092410
732,6369,"Feature_Vector: [1.0, 1.0, 0.0, 0.4108993411064148, 0.0]","Feature_Vector: [1.0, 1.0, 0.0, 0.4554474353790283, 0.0]",3,tweet_6369_1069086
3596,5902,"Feature_Vector: [1.0, 1.0, 0.0, 0.3339173197746277, 0.0]","Feature_Vector: [1.0, 1.0, 0.0, 0.25749996304512024, 0.0]",3,tweet_5902_1142375
8556,8556,"Feature_Vector: [1.0, 1.0, 1.0, 0.5624136924743652, 0.0]","Feature_Vector: [1.0, 1.0, 1.0, 0.5624136924743652, 0.0]",1,tweet_8556_1034356
7213,8330,"Feature_Vector: [1.0, 1.0, 0.0, 0.4025183916091919, 0.0]","Feature_Vector: [1.0, 1.0, 0.0, 0.16306175291538239, 1.0]",2,tweet_8330_1202318
6233,5241,"Feature_Vector: [1.0, 1.0, 0.0, 0.3770450949668884, 0.0]","Feature_Vector: [0.0, 0.0, 0.0, 0.5940559506416321, 0.0]",1,tweet_5241_716825
4873,6256,"Feature_Vector: [0.0, 0.0, 0.0, 0.35984206199645996, 0.0]","Feature_Vector: [1.0, 1.0, 0.0, 0.2159947007894516, 0.0]",2,tweet_6256_1337504
5920,2302,"Feature_Vector: [1.0, 1.0, 0.0, 0.2719385623931885, 0.0]","Feature_Vector: [1.0, 1.0, 0.0, 0.5559972524642944, 0.0]",1,tweet_2302_166452
4242,9931,"Feature_Vector: [1.0, 1.0, 0.0, 0.29747888445854187, 0.0]","Feature_Vector: [1.0, 1.0, 0.0, 0.33857277035713196, 0.0]",1,tweet_9931_441669
6888,6407,"Feature_Vector: [0.0, 0.0, 0.0, 0.32453423738479614, 0.0]","Feature_Vector: [1.0, 1.0, 0.0, 0.5106427073478699, 0.0]",1,tweet_6407_538386
3693,6589,"Feature_Vector: [1.0, 1.0, 0.0, 0.37347468733787537, 0.0]","Feature_Vector: [0.0, 0.0, 0.0, 0.43632426857948303, 0.0]",3,tweet_6589_1144808
4081,2742,"Feature_Vector: [1.0, 1.0, 0.0, 0.2492910772562027, 0.0]","Feature_Vector: [1.0, 1.0, 0.0, 0.31888797879219055, 0.0]",1,tweet_2742_436334
3848,3848,"Feature_Vector: [1.0, 1.0, 0.0, 0.4702474772930145, 0.0]","Feature_Vector: [1.0, 1.0, 0.0, 0.4702474772930145, 0.0]",1,tweet_3848_1003384
6873,1570,"Feature_Vector: [1.0, 1.0, 0.0, 0.2457858771085739, 1.0]","Feature_Vector: [1.0, 1.0, 0.0, 0.5107550024986267, 0.0]",1,tweet_1570_537949
9995,6002,"Feature_Vector: [1.0, 1.0, 0.0, 0.3554619550704956, 0.0]","Feature_Vector: [1.0, 1.0, 0.0, 0.3626447319984436, 0.0]",1,tweet_6002_752517
5082,8943,"Feature_Vector: [1.0, 1.0, 0.0, 0.22069871425628662, 0.0]","Feature_Vector: [1.0, 1.0, 0.0, 0.20371171832084656, 0.0]",3,tweet_8943_1174626
9397,4830,"Feature_Vector: [0.0, 0.0, 0.0, 0.3810643255710602, 0.0]","Feature_Vector: [1.0, 0.0, 1.0, 0.7055684924125671, 0.0]",1,tweet_4830_745582
4771,4666,"Feature_Vector: [1.0, 1.0, 0.0, 0.4932616651058197, 0.0]","Feature_Vector: [1.0, 1.0, 0.0, 0.4129164218902588, 0.0]",1,tweet_4666_702333
1330,1330,"Feature_Vector: [1.0, 1.0, 0.0, 0.3281751871109009, 0.0]","Feature_Vector: [1.0, 1.0, 0.0, 0.3281751871109009, 0.0]",1,tweet_1330_979987
3380,6231,"Feature_Vector: [1.0, 1.0, 0.0, 0.39065542817115784, 0.0]","Feature_Vector: [1.0, 1.0, 0.0, 0.2890709638595581, 0.0]",3,tweet_6231_1136992
4357,9484,"Feature_Vector: [1.0, 1.0, 0.0, 0.4303116798400879, 0.0]","Feature_Vector: [1.0, 1.0, 0.0, 0.3816530108451843, 0.0]",1,tweet_9484_444206
4633,3712,"Feature_Vector: [1.0, 1.0, 0.0, 0.46397024393081665, 0.0]","Feature_Vector: [1.0, 1.0, 0.0, 0.5203679800033569, 0.0]",1,tweet_3712_128970
9177,9177,"Feature_Vector: [0.0, 0.0, 0.0, 0.4350508451461792, 0.0]","Feature_Vector: [0.0, 0.0, 0.0, 0.4350508451461792, 0.0]",1,tweet_9177_1038677
1267,5866,"Feature_Vector: [1.0, 1.0, 0.0, 0.21839572489261627, 0.0]","Feature_Vector: [1.0, 1.0, 0.0, 0.18593627214431763, 0.0]",3,tweet_5866_1083346
6358,5662,"Feature_Vector: [0.0, 0.0, 0.0, 0.3913171887397766, 0.0]","Feature_Vector: [0.0, 0.0, 0.0, 0.41376981139183044, 0.0]",1,tweet_5662_521110
5881,5971,"Feature_Vector: [1.0, 1.0, 0.0, 0.37939608097076416, 0.0]","Feature_Vector: [1.0, 1.0, 0.0, 0.2719385623931885, 0.0]",1,tweet_5971_164210
8867,2051,"Feature_Vector: [0.0, 0.0, 0.0, 0.6081048250198364, 0.0]","Feature_Vector: [0.0, 0.0, 0.0, 0.37973371148109436, 0.0]",1,tweet_2051_606280
5728,9258,"Feature_Vector: [1.0, 1.0, 0.0, 0.2506343722343445, 0.0]","Feature_Vector: [1.0, 1.0, 0.0, 0.44137483835220337, 0.0]",3,tweet_9258_1183774
6204,6512,"Feature_Vector: [1.0, 1.0, 0.0, 0.4204309582710266, 0.0]","Feature_Vector: [1.0, 1.0, 0.0, 0.4521700143814087, 0.0]",1,tweet_6512_175463
9583,6720,"Feature_Vector: [1.0, 1.0, 0.0, 0.41671139001846313, 0.0]","Feature_Vector: [1.0, 0.0, 0.0, 0.557012140750885, 0.0]",1,tweet_6720_633071
2129,7631,"Feature_Vector: [1.0, 0.0, 0.0, 0.2775631546974182, 0.0]","Feature_Vector: [1.0, 1.0, 0.0, 0.16900572180747986, 0.0]",2,tweet_7631_1282900
8801,1833,"Feature_Vector: [1.0, 1.0, 0.0, 0.2598029375076294, 0.0]","Feature_Vector: [1.0, 1.0, 0.0, 0.3619108498096466, 0.0]",1,tweet_1833_244267
4195,22,"Feature_Vector: [1.0, 1.0, 0.0, 0.4733283221721649, 0.0]","Feature_Vector: [1.0, 0.0, 1.0, 0.5629552006721497, 0.0]",1,tweet_22_440123
4965,9120,"Feature_Vector: [1.0, 1.0, 0.0, 0.42358100414276123, 0.0]","Feature_Vector: [1.0, 0.0, 0.0, 0.46556583046913147, 0.0]",1,tweet_9120_140151
6860,7432,"Feature_Vector: [1.0, 1.0, 0.0, 0.3778860867023468, 0.0]","Feature_Vector: [1.0, 1.0, 0.0, 0.3602238893508911, 0.0]",1,tweet_7432_537731
8847,5927,"Feature_Vector: [1.0, 1.0, 0.0, 0.35462769865989685, 0.0]","Feature_Vector: [1.0, 1.0, 0.0, 0.32982972264289856, 0.0]",1,tweet_5927_245244
4549,2267,"Feature_Vector: [1.0, 1.0, 0.0, 0.18996766209602356, 0.0]","Feature_Vector: [1.0, 1.0, 0.0, 0.410976767539978, 0.0]",1,tweet_2267_850424
5486,1759,"Feature_Vector: [1.0, 1.0, 0.0, 0.45349663496017456, 0.0]","Feature_Vector: [1.0, 1.0, 0.0, 0.4628397524356842, 0.0]",1,tweet_1759_489093
6758,7511,"Feature_Vector: [1.0, 1.0, 0.0, 0.4459894001483917, 0.0]","Feature_Vector: [1.0, 1.0, 0.0, 0.4088074266910553, 0.0]",1,tweet_7511_533964
5917,2538,"Feature_Vector: [1.0, 1.0, 0.0, 0.30728039145469666, 0.0]","Feature_Vector: [1.0, 1.0, 0.0, 0.3158377408981323, 0.0]",1,tweet_2538_714048
3579,4368,"Feature_Vector: [1.0, 1.0, 0.0, 0.2779734432697296, 0.0]","Feature_Vector: [1.0, 0.0, 0.0, 0.424835741519928, 0.0]",1,tweet_4368_1001171
6066,1891,"Feature_Vector: [1.0, 1.0, 0.0, 0.4276113212108612, 0.0]","Feature_Vector: [1.0, 0.0, 1.0, 0.6386730670928955, 0.0]",1,tweet_1891_510451
5223,8437,"Feature_Vector: [1.0, 1.0, 0.0, 0.40608909726142883, 0.0]","Feature_Vector: [1.0, 1.0, 0.0, 0.2991885542869568, 0.0]",1,tweet_8437_147611
4932,8754,"Feature_Vector: [1.0, 1.0, 0.0, 0.21839572489261627, 0.0]","Feature_Vector: [1.0, 1.0, 0.0, 0.1097794845700264, 1.0]",3,tweet_8754_1338433
1462,8141,"Feature_Vector: [1.0, 1.0, 0.0, 0.3367275893688202, 0.0]","Feature_Vector: [1.0, 1.0, 0.0, 0.43074944615364075, 0.0]",1,tweet_8141_38309
2438,9764,"Feature_Vector: [1.0, 0.0, 0.0, 0.3899857997894287, 0.0]","Feature_Vector: [1.0, 1.0, 0.0, 0.658027708530426, 0.0]",1,tweet_9764_377160
6418,2086,"Feature_Vector: [0.0, 0.0, 0.0, 0.4295373558998108, 0.0]","Feature_Vector: [1.0, 0.0, 0.0, 0.5331611633300781, 0.0]",1,tweet_2086_181428
4665,4072,"Feature_Vector: [1.0, 1.0, 0.0, 0.37225815653800964, 0.0]","Feature_Vector: [1.0, 1.0, 0.0, 0.27838078141212463, 0.0]",1,tweet_4072_457930
5099,3632,"Feature_Vector: [1.0, 1.0, 1.0, 0.6446264982223511, 0.0]","Feature_Vector: [1.0, 0.0, 1.0, 1.0, 0.0]",1,tweet_3632_705987
3848,4896,"Feature_Vector: [1.0, 1.0, 0.0, 0.4702474772930145, 0.0]","Feature_Vector: [1.0, 1.0, 0.0, 0.43439042568206787, 0.0]",1,tweet_4896_835889
6002,8673,"Feature_Vector: [1.0, 1.0, 0.0, 0.3626447319984436, 0.0]","Feature_Vector: [1.0, 0.0, 0.0, 0.5248133540153503, 0.0]",1,tweet_8673_507297
5327,8154,"Feature_Vector: [1.0, 1.0, 0.0, 0.26768767833709717, 0.0]","Feature_Vector: [1.0, 1.0, 0.0, 0.35462769865989685, 0.0]",3,tweet_8154_1179048
2888,7654,"Feature_Vector: [1.0, 1.0, 0.0, 0.16900572180747986, 0.0]","Feature_Vector: [1.0, 1.0, 0.0, 0.1838071197271347, 0.0]",2,tweet_7654_1126136
8876,9033,"Feature_Vector: [1.0, 1.0, 0.0, 0.3065461218357086, 0.0]","Feature_Vector: [1.0, 1.0, 0.0, 0.2887341380119324, 0.0]",2,tweet_9033_1213233
2638,2638,"Feature_Vector: [1.0, 1.0, 0.0, 0.4045058488845825, 0.0]","Feature_Vector: [1.0, 1.0, 0.0, 0.4045058488845825, 0.0]",1,tweet_2638_806259
4064,8072,"Feature_Vector: [1.0, 1.0, 0.0, 0.33361318707466125, 0.0]","Feature_Vector: [1.0, 1.0, 0.0, 0.3016597032546997, 0.0]",1,tweet_8072_435441
4826,5843,"Feature_Vector: [1.0, 1.0, 0.0, 0.4472035765647888, 0.0]","Feature_Vector: [1.0, 1.0, 0.0, 0.19894136488437653, 0.0]",3,tweet_5843_1169416
4059,4670,"Feature_Vector: [1.0, 1.0, 0.0, 0.2980545461177826, 0.0]","Feature_Vector: [0.0, 0.0, 1.0, 0.5267648696899414, 0.0]",1,tweet_4670_435289
4746,8008,"Feature_Vector: [0.0, 0.0, 0.0, 0.6175958514213562, 0.0]","Feature_Vector: [1.0, 0.0, 0.0, 0.30728039145469666, 0.0]",3,tweet_8008_1335309
6303,4399,"Feature_Vector: [1.0, 1.0, 0.0, 0.45841148495674133, 0.0]","Feature_Vector: [1.0, 1.0, 0.0, 0.46550697088241577, 0.0]",1,tweet_4399_888098
3760,423,"Feature_Vector: [1.0, 1.0, 0.0, 0.34182843565940857, 0.0]","Feature_Vector: [1.0, 1.0, 0.0, 0.3337654769420624, 0.0]",1,tweet_423_426284
2142,8258,"Feature_Vector: [1.0, 1.0, 0.0, 0.3314371109008789, 0.0]","Feature_Vector: [1.0, 1.0, 0.0, 0.21720798313617706, 0.0]",1,tweet_8258_57876
3082,796,"Feature_Vector: [1.0, 0.0, 1.0, 0.5919924974441528, 0.0]","Feature_Vector: [1.0, 1.0, 0.0, 0.4473865032196045, 0.0]",1,tweet_796_401575
9768,5047,"Feature_Vector: [1.0, 1.0, 0.0, 0.40795662999153137, 0.0]","Feature_Vector: [1.0, 1.0, 0.0, 0.3984653651714325, 0.0]",1,tweet_5047_640292
2358,4195,"Feature_Vector: [0.0, 0.0, 0.0, 0.49897387623786926, 0.0]","Feature_Vector: [1.0, 1.0, 0.0, 0.4733283221721649, 0.0]",1,tweet_4195_374120
830,2180,"Feature_Vector: [1.0, 0.0, 0.0, 0.28839531540870667, 0.0]","Feature_Vector: [1.0, 0.0, 1.0, 0.8602653741836548, 0.0]",1,tweet_2180_663208
1110,5252,"Feature_Vector: [1.0, 1.0, 0.0, 0.45521828532218933, 0.0]","Feature_Vector: [0.0, 0.0, 1.0, 0.5689771175384521, 0.0]",1,tweet_5252_665671
343,6678,"Feature_Vector: [0.0, 0.0, 0.0, 0.2929632365703583, 0.0]","Feature_Vector: [1.0, 1.0, 1.0, 0.700996458530426, 0.0]",1,tweet_6678_659037
369,4029,"Feature_Vector: [0.0, 0.0, 0.0, 0.3586808145046234, 0.0]","Feature_Vector: [1.0, 1.0, 0.0, 0.36617738008499146, 0.0]",1,tweet_4029_300723
5026,6999,"Feature_Vector: [1.0, 1.0, 0.0, 0.19552120566368103, 0.0]","Feature_Vector: [1.0, 1.0, 0.0, 0.3554619550704956, 0.0]",2,tweet_6999_1340285
3113,1760,"Feature_Vector: [1.0, 1.0, 0.0, 0.5889684557914734, 0.0]","Feature_Vector: [1.0, 1.0, 0.0, 0.3337654769420624, 0.0]",1,tweet_1760_402273
4625,4895,"Feature_Vector: [1.0, 1.0, 0.0, 0.3686888515949249, 0.0]","Feature_Vector: [1.0, 1.0, 0.0, 0.4316149055957794, 0.0]",3,tweet_4895_1165187
9685,8673,"Feature_Vector: [1.0, 1.0, 0.0, 0.25129419565200806, 0.0]","Feature_Vector: [1.0, 0.0, 0.0, 0.5248133540153503, 0.0]",1,tweet_8673_270268
3714,3714,"Feature_Vector: [1.0, 1.0, 1.0, 0.5966011881828308, 0.0]","Feature_Vector: [1.0, 1.0, 1.0, 0.5966011881828308, 0.0]",1,tweet_3714_832360
1998,5881,"Feature_Vector: [1.0, 1.0, 0.0, 0.20810995995998383, 0.0]","Feature_Vector: [1.0, 1.0, 0.0, 0.37939608097076416, 0.0]",3,tweet_5881_1278903
1759,1028,"Feature_Vector: [1.0, 1.0, 0.0, 0.4628397524356842, 0.0]","Feature_Vector: [1.0, 1.0, 0.0, 0.3555653691291809, 0.0]",1,tweet_1028_352145
1665,2365,"Feature_Vector: [1.0, 1.0, 0.0, 0.33191055059432983, 0.0]","Feature_Vector: [1.0, 0.0, 0.0, 0.23191697895526886, 0.0]",3,tweet_2365_1269572
3662,4507,"Feature_Vector: [0.0, 0.0, 0.0, 0.4224557876586914, 0.0]","Feature_Vector: [1.0, 0.0, 0.0, 0.5864585041999817, 0.0]",1,tweet_4507_102016
8691,8691,"Feature_Vector: [1.0, 1.0, 0.0, 0.3854280412197113, 0.0]","Feature_Vector: [1.0, 1.0, 0.0, 0.3854280412197113, 0.0]",1,tweet_8691_935006
2723,9496,"Feature_Vector: [1.0, 1.0, 0.0, 0.21839572489261627, 0.0]","Feature_Vector: [1.0, 0.0, 0.0, 0.4202014207839966, 0.0]",2,tweet_9496_1295154
7764,7764,"Feature_Vector: [1.0, 1.0, 0.0, 0.4161846339702606, 0.0]","Feature_Vector: [1.0, 1.0, 0.0, 0.4161846339702606, 0.0]",1,tweet_7764_915905
803,995,"Feature_Vector: [1.0, 0.0, 0.0, 0.36107367277145386, 0.0]","Feature_Vector: [1.0, 1.0, 0.0, 0.22181588411331177, 0.0]",3,tweet_995_1070668
420,8253,"Feature_Vector: [1.0, 1.0, 0.0, 0.24791501462459564, 0.0]","Feature_Vector: [1.0, 0.0, 1.0, 0.4717825949192047, 0.0]",1,tweet_8253_659644
2102,287,"Feature_Vector: [1.0, 1.0, 0.0, 0.3559771478176117, 0.0]","Feature_Vector: [1.0, 1.0, 0.0, 0.34022408723831177, 0.0]",1,tweet_287_56799
5761,960,"Feature_Vector: [1.0, 1.0, 0.0, 0.3507128953933716, 0.0]","Feature_Vector: [1.0, 1.0, 1.0, 0.5941839218139648, 0.0]",1,tweet_960_1016052
4488,6767,"Feature_Vector: [1.0, 1.0, 0.0, 0.41960689425468445, 0.0]","Feature_Vector: [1.0, 1.0, 0.0, 0.36802998185157776, 0.0]",2,tweet_6767_1162212
2185,2020,"Feature_Vector: [1.0, 1.0, 0.0, 0.36677345633506775, 0.0]","Feature_Vector: [0.0, 0.0, 0.0, 0.5084308385848999, 0.0]",1,tweet_2020_988941
6338,7395,"Feature_Vector: [1.0, 1.0, 0.0, 0.4662817120552063, 0.0]","Feature_Vector: [0.0, 0.0, 0.0, 0.6139993071556091, 0.0]",1,tweet_7395_179232
2377,8049,"Feature_Vector: [1.0, 1.0, 0.0, 0.3304781913757324, 0.0]","Feature_Vector: [1.0, 0.0, 0.0, 0.42939794063568115, 0.0]",2,tweet_8049_1288231
3726,3487,"Feature_Vector: [1.0, 1.0, 0.0, 0.3174850344657898, 0.0]","Feature_Vector: [1.0, 1.0, 1.0, 0.6530749797821045, 0.0]",1,tweet_3487_692006
356,1133,"Feature_Vector: [1.0, 1.0, 0.0, 0.31349119544029236, 0.0]","Feature_Vector: [1.0, 1.0, 0.0, 0.35709431767463684, 0.0]",1,tweet_1133_300311
7994,1620,"Feature_Vector: [0.0, 0.0, 0.0, 0.447020024061203, 0.0]","Feature_Vector: [1.0, 1.0, 0.0, 0.35302940011024475, 0.0]",1,tweet_1620_575795
3848,3848,"Feature_Vector: [1.0, 1.0, 0.0, 0.4702474772930145, 0.0]","Feature_Vector: [1.0, 1.0, 0.0, 0.4702474772930145, 0.0]",1,tweet_3848_835708
9917,3102,"Feature_Vector: [1.0, 1.0, 0.0, 0.19373008608818054, 0.0]","Feature_Vector: [1.0, 1.0, 0.0, 0.38740143179893494, 0.0]",1,tweet_3102_647276
7975,3214,"Feature_Vector: [1.0, 1.0, 0.0, 0.3992805480957031, 0.0]","Feature_Vector: [1.0, 1.0, 0.0, 0.3731729984283447, 0.0]",1,tweet_3214_575544
4653,7548,"Feature_Vector: [0.0, 0.0, 0.0, 0.22398598492145538, 0.0]","Feature_Vector: [1.0, 1.0, 0.0, 0.43661975860595703, 0.0]",3,tweet_7548_1333629
5700,9843,"Feature_Vector: [1.0, 1.0, 0.0, 0.29420316219329834, 0.0]","Feature_Vector: [1.0, 1.0, 1.0, 0.4899634122848511, 0.0]",1,tweet_9843_494691
653,8746,"Feature_Vector: [1.0, 1.0, 0.0, 0.2954164743423462, 0.0]","Feature_Vector: [1.0, 1.0, 0.0, 0.369983971118927, 0.0]",1,tweet_8746_16305
3557,6344,"Feature_Vector: [1.0, 1.0, 0.0, 0.3529212176799774, 0.0]","Feature_Vector: [1.0, 1.0, 0.0, 0.33253565430641174, 0.0]",1,tweet_6344_418982
9630,9338,"Feature_Vector: [1.0, 1.0, 0.0, 0.378783255815506, 0.0]","Feature_Vector: [1.0, 1.0, 0.0, 0.42182081937789917, 0.0]",1,tweet_9338_748420
4117,7689,"Feature_Vector: [1.0, 1.0, 0.0, 0.3323800265789032, 0.0]","Feature_Vector: [1.0, 1.0, 0.0, 0.2492910772562027, 0.0]",1,tweet_7689_695841
3136,9530,"Feature_Vector: [1.0, 1.0, 0.0, 0.3600333034992218, 0.0]","Feature_Vector: [1.0, 1.0, 0.0, 0.27958542108535767, 0.0]",3,tweet_9530_1132137
1968,9680,"Feature_Vector: [1.0, 1.0, 0.0, 0.17438268661499023, 0.0]","Feature_Vector: [0.0, 0.0, 0.0, 0.32524609565734863, 0.0]",2,tweet_9680_1278198
6989,4470,"Feature_Vector: [1.0, 1.0, 0.0, 0.2894057631492615, 0.0]","Feature_Vector: [1.0, 1.0, 0.0, 0.25129419565200806, 0.0]",1,tweet_4470_196084
9688,9741,"Feature_Vector: [1.0, 1.0, 0.0, 0.34453070163726807, 0.0]","Feature_Vector: [0.0, 0.0, 0.0, 0.329502671957016, 0.0]",1,tweet_9741_637365
8149,4921,"Feature_Vector: [0.0, 0.0, 0.0, 0.37898826599121094, 0.0]","Feature_Vector: [1.0, 1.0, 0.0, 0.6478599309921265, 0.0]",1,tweet_4921_582097
4347,8153,"Feature_Vector: [1.0, 1.0, 0.0, 0.37986817955970764, 0.0]","Feature_Vector: [1.0, 1.0, 0.0, 0.16306175291538239, 0.0]",1,tweet_8153_119243
1202,6070,"Feature_Vector: [1.0, 1.0, 0.0, 0.3983202576637268, 0.0]","Feature_Vector: [1.0, 1.0, 0.0, 0.36702701449394226, 0.0]",1,tweet_6070_328756
2524,9803,"Feature_Vector: [1.0, 1.0, 0.0, 0.3343704640865326, 0.0]","Feature_Vector: [1.0, 1.0, 0.0, 0.3866918087005615, 0.0]",1,tweet_9803_69678
9211,4741,"Feature_Vector: [0.0, 0.0, 0.0, 0.39207959175109863, 0.0]","Feature_Vector: [1.0, 1.0, 0.0, 0.2859647274017334, 0.0]",1,tweet_4741_254926
2800,960,"Feature_Vector: [1.0, 1.0, 0.0, 0.32834285497665405, 0.0]","Feature_Vector: [1.0, 1.0, 1.0, 0.5941839218139648, 0.0]",1,tweet_960_808068
535,3688,"Feature_Vector: [1.0, 1.0, 0.0, 0.4136961102485657, 0.0]","Feature_Vector: [1.0, 1.0, 0.0, 0.4045058488845825, 0.0]",1,tweet_3688_305736
9177,9177,"Feature_Vector: [0.0, 0.0, 0.0, 0.4350508451461792, 0.0]","Feature_Vector: [0.0, 0.0, 0.0, 0.4350508451461792, 0.0]",1,tweet_9177_1038438
7373,9811,"Feature_Vector: [1.0, 1.0, 0.0, 0.4509640336036682, 0.0]","Feature_Vector: [1.0, 1.0, 0.0, 0.44920361042022705, 0.0]",1,tweet_9811_206139
2822,7284,"Feature_Vector: [1.0, 1.0, 0.0, 0.3761913776397705, 0.0]","Feature_Vector: [1.0, 1.0, 0.0, 0.41101545095443726, 0.0]",1,tweet_7284_682471
8321,8321,"Feature_Vector: [1.0, 1.0, 0.0, 0.41373297572135925, 0.0]","Feature_Vector: [1.0, 1.0, 0.0, 0.41373297572135925, 0.0]",1,tweet_8321_927925
555,1635,"Feature_Vector: [1.0, 1.0, 0.0, 0.5213719606399536, 0.0]","Feature_Vector: [1.0, 1.0, 0.0, 0.2472141981124878, 0.0]",4,tweet_1635_1063922
3646,3646,"Feature_Vector: [1.0, 1.0, 0.0, 0.4886994957923889, 0.0]","Feature_Vector: [1.0, 1.0, 0.0, 0.4886994957923889, 0.0]",1,tweet_3646_830267
3548,4158,"Feature_Vector: [1.0, 1.0, 0.0, 0.43932899832725525, 0.0]","Feature_Vector: [1.0, 1.0, 0.0, 0.2887341380119324, 0.0]",1,tweet_4158_98403
1914,1914,"Feature_Vector: [0.0, 0.0, 1.0, 0.7615982294082642, 0.0]","Feature_Vector: [0.0, 0.0, 1.0, 0.7615982294082642, 0.0]",1,tweet_1914_987103
6295,6117,"Feature_Vector: [1.0, 1.0, 0.0, 0.3293384611606598, 0.0]","Feature_Vector: [1.0, 1.0, 0.0, 0.3767619729042053, 0.0]",1,tweet_6117_519065
8486,3726,"Feature_Vector: [1.0, 1.0, 0.0, 0.4063836932182312, 0.0]","Feature_Vector: [1.0, 1.0, 0.0, 0.3174850344657898, 0.0]",1,tweet_3726_234595
193,3529,"Feature_Vector: [1.0, 1.0, 0.0, 0.3367275893688202, 0.0]","Feature_Vector: [1.0, 1.0, 0.0, 0.4416675567626953, 0.0]",1,tweet_3529_295483
7460,7591,"Feature_Vector: [1.0, 1.0, 0.0, 0.32102444767951965, 0.0]","Feature_Vector: [1.0, 1.0, 0.0, 0.14470288157463074, 0.0]",3,tweet_7591_1203873
2062,8588,"Feature_Vector: [1.0, 1.0, 0.0, 0.3675307333469391, 0.0]","Feature_Vector: [1.0, 1.0, 0.0, 0.40193095803260803, 0.0]",1,tweet_8588_362288
665,7311,"Feature_Vector: [0.0, 0.0, 0.0, 0.36827796697616577, 0.0]","Feature_Vector: [1.0, 1.0, 0.0, 0.1299014687538147, 0.0]",2,tweet_7311_1239780
5248,8777,"Feature_Vector: [1.0, 1.0, 0.0, 0.40296614170074463, 0.0]","Feature_Vector: [1.0, 0.0, 0.0, 0.5656849145889282, 0.0]",3,tweet_8777_1178220
2904,2933,"Feature_Vector: [1.0, 1.0, 0.0, 0.4650488495826721, 0.0]","Feature_Vector: [1.0, 1.0, 0.0, 0.620089590549469, 0.0]",1,tweet_2933_994935
1535,4858,"Feature_Vector: [1.0, 1.0, 0.0, 0.4402576684951782, 0.0]","Feature_Vector: [1.0, 1.0, 0.0, 0.43587809801101685, 0.0]",1,tweet_4858_41735
5871,5871,"Feature_Vector: [1.0, 1.0, 0.0, 0.486001580953598, 0.0]","Feature_Vector: [1.0, 1.0, 0.0, 0.486001580953598, 0.0]",1,tweet_5871_878046
4928,166,"Feature_Vector: [1.0, 1.0, 0.0, 0.44689735770225525, 0.0]","Feature_Vector: [1.0, 1.0, 0.0, 0.23003628849983215, 0.0]",1,tweet_166_138843
1250,7923,"Feature_Vector: [0.0, 0.0, 0.0, 0.34364426136016846, 0.0]","Feature_Vector: [1.0, 1.0, 0.0, 0.29105064272880554, 0.0]",3,tweet_7923_1258413
3535,9898,"Feature_Vector: [1.0, 1.0, 0.0, 0.4987293779850006, 0.0]","Feature_Vector: [0.0, 0.0, 1.0, 0.47658923268318176, 0.0]",2,tweet_9898_1312305
3416,5031,"Feature_Vector: [0.0, 0.0, 0.0, 0.4108605682849884, 0.0]","Feature_Vector: [1.0, 0.0, 0.0, 0.35171735286712646, 0.0]",3,tweet_5031_1310003
2302,2302,"Feature_Vector: [1.0, 1.0, 0.0, 0.5559972524642944, 0.0]","Feature_Vector: [1.0, 1.0, 0.0, 0.5559972524642944, 0.0]",1,tweet_2302_799559
9744,3224,"Feature_Vector: [1.0, 1.0, 0.0, 0.45268961787223816, 0.0]","Feature_Vector: [1.0, 1.0, 0.0, 0.4357036352157593, 0.0]",1,tweet_3224_271698
7035,7035,"Feature_Vector: [1.0, 1.0, 1.0, 0.4686276614665985, 0.0]","Feature_Vector: [1.0, 1.0, 1.0, 0.4686276614665985, 0.0]",1,tweet_7035_901093
1599,2867,"Feature_Vector: [1.0, 1.0, 0.0, 0.3800693154335022, 0.0]","Feature_Vector: [1.0, 1.0, 0.0, 0.5269731879234314, 0.0]",1,tweet_2867_670856
4274,4274,"Feature_Vector: [1.0, 1.0, 0.0, 0.39267146587371826, 0.0]","Feature_Vector: [1.0, 1.0, 0.0, 0.39267146587371826, 0.0]",1,tweet_4274_844332
5364,1166,"Feature_Vector: [0.0, 0.0, 0.0, 0.513793408870697, 0.0]","Feature_Vector: [0.0, 0.0, 0.0, 0.5013701319694519, 0.0]",1,tweet_1166_485469
3175,7492,"Feature_Vector: [1.0, 1.0, 0.0, 0.27008870244026184, 0.0]","Feature_Vector: [1.0, 1.0, 0.0, 0.1097794845700264, 0.0]",2,tweet_7492_1304973
6976,5965,"Feature_Vector: [1.0, 1.0, 0.0, 0.44685637950897217, 0.0]","Feature_Vector: [1.0, 1.0, 0.0, 0.4354032874107361, 0.0]",1,tweet_5965_541168
4327,5540,"Feature_Vector: [1.0, 1.0, 0.0, 0.2775631546974182, 0.0]","Feature_Vector: [1.0, 0.0, 0.0, 0.3594576418399811, 0.0]",2,tweet_5540_1327185
5658,1202,"Feature_Vector: [1.0, 1.0, 0.0, 0.2328343242406845, 0.0]","Feature_Vector: [1.0, 1.0, 0.0, 0.3983202576637268, 0.0]",1,tweet_1202_157705
9253,9014,"Feature_Vector: [1.0, 1.0, 0.0, 0.29169541597366333, 0.0]","Feature_Vector: [1.0, 1.0, 0.0, 0.29105064272880554, 0.0]",1,tweet_9014_618347
404,1678,"Feature_Vector: [1.0, 1.0, 0.0, 0.15641696751117706, 0.0]","Feature_Vector: [1.0, 1.0, 0.0, 0.34022408723831177, 0.0]",3,tweet_1678_1230526
1497,9903,"Feature_Vector: [1.0, 1.0, 0.0, 0.33715879917144775, 0.0]","Feature_Vector: [1.0, 1.0, 0.0, 0.29511559009552, 0.0]",1,tweet_9903_340976
7408,7408,"Feature_Vector: [1.0, 0.0, 0.0, 0.36522772908210754, 0.0]","Feature_Vector: [1.0, 0.0, 0.0, 0.36522772908210754, 0.0]",1,tweet_7408_909983
1167,7723,"Feature_Vector: [1.0, 1.0, 0.0, 0.3130538761615753, 0.0]","Feature_Vector: [1.0, 1.0, 1.0, 0.709007740020752, 0.0]",1,tweet_7723_666299
1468,7143,"Feature_Vector: [1.0, 1.0, 0.0, 0.27503666281700134, 0.0]","Feature_Vector: [1.0, 0.0, 0.0, 0.4627625644207001, 0.0]",1,tweet_7143_339581
5696,5696,"Feature_Vector: [1.0, 1.0, 0.0, 0.3465060889720917, 0.0]","Feature_Vector: [1.0, 1.0, 0.0, 0.3465060889720917, 0.0]",1,tweet_5696_873084
5427,5427,"Feature_Vector: [1.0, 1.0, 0.0, 0.44841209053993225, 0.0]","Feature_Vector: [1.0, 1.0, 0.0, 0.44841209053993225, 0.0]",1,tweet_5427_867749
1152,3639,"Feature_Vector: [1.0, 1.0, 0.0, 0.5033385753631592, 0.0]","Feature_Vector: [1.0, 1.0, 0.0, 0.3891374468803406, 0.0]",3,tweet_3639_1080440
3364,3546,"Feature_Vector: [1.0, 0.0, 0.0, 0.5286222696304321, 0.0]","Feature_Vector: [1.0, 1.0, 0.0, 0.44242602586746216, 0.0]",1,tweet_3546_93340
2931,7876,"Feature_Vector: [0.0, 0.0, 0.0, 0.4103151261806488, 0.0]","Feature_Vector: [1.0, 1.0, 0.0, 0.437930703163147, 0.0]",1,tweet_7876_810873
1522,1522,"Feature_Vector: [1.0, 1.0, 0.0, 0.37912455201148987, 0.0]","Feature_Vector: [1.0, 1.0, 0.0, 0.37912455201148987, 0.0]",1,tweet_1522_778262
6720,4335,"Feature_Vector: [1.0, 0.0, 0.0, 0.557012140750885, 0.0]","Feature_Vector: [1.0, 0.0, 1.0, 0.6169676184654236, 0.0]",1,tweet_4335_721134
5019,1227,"Feature_Vector: [1.0, 1.0, 0.0, 0.2328343242406845, 1.0]","Feature_Vector: [1.0, 1.0, 0.0, 0.3082447648048401, 0.0]",1,tweet_1227_472546
8963,287,"Feature_Vector: [1.0, 1.0, 0.0, 0.2986243963241577, 0.0]","Feature_Vector: [1.0, 1.0, 0.0, 0.34022408723831177, 0.0]",1,tweet_287_610015
4181,6685,"Feature_Vector: [1.0, 1.0, 0.0, 0.2903984487056732, 0.0]","Feature_Vector: [1.0, 0.0, 0.0, 0.7044991254806519, 0.0]",1,tweet_6685_696400
605,605,"Feature_Vector: [0.0, 0.0, 0.0, 0.34758755564689636, 0.0]","Feature_Vector: [0.0, 0.0, 0.0, 0.34758755564689636, 0.0]",1,tweet_605_763197
6012,4335,"Feature_Vector: [1.0, 1.0, 0.0, 0.29006949067115784, 0.0]","Feature_Vector: [1.0, 0.0, 1.0, 0.6169676184654236, 0.0]",1,tweet_4335_507547
691,2955,"Feature_Vector: [0.0, 0.0, 1.0, 0.48871901631355286, 0.0]","Feature_Vector: [1.0, 1.0, 0.0, 0.16900572180747986, 0.0]",2,tweet_2955_1240706
4638,3896,"Feature_Vector: [1.0, 1.0, 0.0, 0.39674896001815796, 0.0]","Feature_Vector: [1.0, 1.0, 0.0, 0.33452069759368896, 0.0]",1,tweet_3896_456986
1057,5525,"Feature_Vector: [1.0, 1.0, 0.0, 0.400177925825119, 0.0]","Feature_Vector: [1.0, 1.0, 0.0, 0.44605177640914917, 0.0]",2,tweet_5525_1252226
9884,9884,"Feature_Vector: [1.0, 1.0, 0.0, 0.36487841606140137, 0.0]","Feature_Vector: [1.0, 1.0, 0.0, 0.36487841606140137, 0.0]",1,tweet_9884_958817
4740,8714,"Feature_Vector: [1.0, 0.0, 0.0, 0.34922969341278076, 0.0]","Feature_Vector: [1.0, 1.0, 0.0, 0.4921804666519165, 0.0]",1,tweet_8714_132866
6903,4446,"Feature_Vector: [1.0, 1.0, 0.0, 0.5009790658950806, 0.0]","Feature_Vector: [1.0, 1.0, 0.0, 0.46577128767967224, 0.0]",1,tweet_4446_897658
5194,7752,"Feature_Vector: [1.0, 1.0, 0.0, 0.3219694495201111, 0.0]","Feature_Vector: [1.0, 1.0, 0.0, 0.34453070163726807, 0.0]",3,tweet_7752_1176553
1010,7731,"Feature_Vector: [1.0, 1.0, 0.0, 0.22291137278079987, 0.0]","Feature_Vector: [1.0, 1.0, 0.0, 0.16900572180747986, 0.0]",2,tweet_7731_1250880
2302,2302,"Feature_Vector: [1.0, 1.0, 0.0, 0.5559972524642944, 0.0]","Feature_Vector: [1.0, 1.0, 0.0, 0.5559972524642944, 0.0]",1,tweet_2302_797718
2689,7674,"Feature_Vector: [1.0, 0.0, 0.0, 0.3029871881008148, 0.0]","Feature_Vector: [1.0, 0.0, 1.0, 0.4423373341560364, 0.0]",2,tweet_7674_1294678
9031,4879,"Feature_Vector: [1.0, 1.0, 0.0, 0.3451554775238037, 0.0]","Feature_Vector: [1.0, 1.0, 0.0, 0.3458961844444275, 0.0]",1,tweet_4879_250344
1996,6449,"Feature_Vector: [1.0, 1.0, 0.0, 0.3309597074985504, 0.0]","Feature_Vector: [1.0, 1.0, 0.0, 0.3478250801563263, 0.0]",1,tweet_6449_359792
6269,704,"Feature_Vector: [0.0, 0.0, 0.0, 0.3400883078575134, 0.0]","Feature_Vector: [1.0, 1.0, 0.0, 0.5519071817398071, 0.0]",1,tweet_704_518114
1830,4852,"Feature_Vector: [1.0, 1.0, 0.0, 0.3219694495201111, 0.0]","Feature_Vector: [1.0, 1.0, 0.0, 0.2877114713191986, 0.0]",1,tweet_4852_50615
7369,7369,"Feature_Vector: [1.0, 0.0, 0.0, 0.4846026599407196, 0.0]","Feature_Vector: [1.0, 0.0, 0.0, 0.4846026599407196, 0.0]",1,tweet_7369_908970
3374,4342,"Feature_Vector: [1.0, 1.0, 0.0, 0.3141409158706665, 0.0]","Feature_Vector: [1.0, 1.0, 0.0, 0.5981504917144775, 0.0]",1,tweet_4342_688259
5868,5705,"Feature_Vector: [1.0, 1.0, 0.0, 0.16611197590827942, 0.0]","Feature_Vector: [1.0, 1.0, 0.0, 0.44831234216690063, 0.0]",1,tweet_5705_1017417
732,1216,"Feature_Vector: [1.0, 1.0, 0.0, 0.4108993411064148, 0.0]","Feature_Vector: [1.0, 1.0, 0.0, 0.24505792558193207, 0.0]",3,tweet_1216_1068878
8479,3962,"Feature_Vector: [1.0, 0.0, 1.0, 0.5086915493011475, 0.0]","Feature_Vector: [1.0, 0.0, 1.0, 0.5622205138206482, 0.0]",1,tweet_3962_737432
283,5099,"Feature_Vector: [1.0, 1.0, 0.0, 0.43742451071739197, 0.0]","Feature_Vector: [1.0, 1.0, 1.0, 0.6446264982223511, 0.0]",1,tweet_5099_973380
1753,4728,"Feature_Vector: [0.0, 0.0, 0.0, 0.3738495409488678, 0.0]","Feature_Vector: [1.0, 0.0, 1.0, 0.5780017971992493, 0.0]",1,tweet_4728_351779
1565,8920,"Feature_Vector: [1.0, 1.0, 0.0, 0.3780944049358368, 0.0]","Feature_Vector: [1.0, 1.0, 0.0, 0.38536715507507324, 0.0]",1,tweet_8920_345092
392,9995,"Feature_Vector: [1.0, 1.0, 0.0, 0.3141409158706665, 0.0]","Feature_Vector: [1.0, 1.0, 0.0, 0.3554619550704956, 0.0]",3,tweet_9995_1058772
5865,7561,"Feature_Vector: [1.0, 1.0, 0.0, 0.39446258544921875, 0.0]","Feature_Vector: [1.0, 1.0, 0.0, 0.41671139001846313, 0.0]",1,tweet_7561_499878
7056,7056,"Feature_Vector: [1.0, 1.0, 0.0, 0.2957157492637634, 0.0]","Feature_Vector: [1.0, 1.0, 0.0, 0.2957157492637634, 0.0]",1,tweet_7056_1025286
2800,10059,"Feature_Vector: [1.0, 1.0, 0.0, 0.32834285497665405, 0.0]","Feature_Vector: [1.0, 0.0, 1.0, 0.5017430186271667, 0.0]",1,tweet_10059_808183
3023,9520,"Feature_Vector: [1.0, 1.0, 0.0, 0.31986913084983826, 0.0]","Feature_Vector: [1.0, 1.0, 0.0, 0.5417155027389526, 0.0]",1,tweet_9520_399145
8886,8886,"Feature_Vector: [1.0, 1.0, 0.0, 0.2710212171077728, 0.0]","Feature_Vector: [1.0, 1.0, 0.0, 0.2710212171077728, 0.0]",1,tweet_8886_1037137
720,3487,"Feature_Vector: [0.0, 0.0, 0.0, 0.427755206823349, 0.0]","Feature_Vector: [1.0, 1.0, 1.0, 0.6530749797821045, 0.0]",1,tweet_3487_312214
7575,6881,"Feature_Vector: [1.0, 1.0, 0.0, 0.32783839106559753, 0.0]","Feature_Vector: [1.0, 1.0, 0.0, 0.25749996304512024, 0.0]",1,tweet_6881_212426
309,309,"Feature_Vector: [1.0, 1.0, 0.0, 0.2380456179380417, 0.0]","Feature_Vector: [1.0, 1.0, 0.0, 0.2380456179380417, 0.0]",1,tweet_309_760063
5566,8663,"Feature_Vector: [1.0, 1.0, 0.0, 0.2848901152610779, 0.0]","Feature_Vector: [1.0, 0.0, 1.0, 0.7080961465835571, 0.0]",1,tweet_8663_709948
7622,7622,"Feature_Vector: [1.0, 1.0, 0.0, 0.4539681077003479, 0.0]","Feature_Vector: [1.0, 1.0, 0.0, 0.4539681077003479, 0.0]",1,tweet_7622_913022
10084,2391,"Feature_Vector: [1.0, 1.0, 0.0, 0.34527960419654846, 0.0]","Feature_Vector: [1.0, 0.0, 0.0, 0.5880083441734314, 0.0]",1,tweet_2391_753478
3696,8705,"Feature_Vector: [1.0, 1.0, 0.0, 0.27958542108535767, 0.0]","Feature_Vector: [1.0, 1.0, 0.0, 0.2195589691400528, 0.0]",3,tweet_8705_1145074
6930,5519,"Feature_Vector: [1.0, 1.0, 0.0, 0.34035953879356384, 0.0]","Feature_Vector: [1.0, 1.0, 0.0, 0.32783839106559753, 0.0]",1,tweet_5519_539644
2957,8954,"Feature_Vector: [1.0, 0.0, 0.0, 0.375324547290802, 0.0]","Feature_Vector: [1.0, 1.0, 0.0, 0.30679193139076233, 0.0]",1,tweet_8954_81822
4459,9493,"Feature_Vector: [1.0, 1.0, 0.0, 0.2728412449359894, 0.0]","Feature_Vector: [1.0, 0.0, 0.0, 0.43028420209884644, 0.0]",1,tweet_9493_448682
6816,8299,"Feature_Vector: [1.0, 1.0, 0.0, 0.16306175291538239, 0.0]","Feature_Vector: [1.0, 1.0, 0.0, 0.19894136488437653, 0.0]",3,tweet_8299_1366525
464,767,"Feature_Vector: [1.0, 1.0, 0.0, 0.34864869713783264, 0.0]","Feature_Vector: [1.0, 0.0, 0.0, 0.35127314925193787, 0.0]",2,tweet_767_1232584
5176,3082,"Feature_Vector: [1.0, 1.0, 0.0, 0.4202014207839966, 0.0]","Feature_Vector: [1.0, 0.0, 1.0, 0.5919924974441528, 0.0]",1,tweet_3082_1012222
4694,4694,"Feature_Vector: [1.0, 1.0, 0.0, 0.3756149709224701, 0.0]","Feature_Vector: [1.0, 1.0, 0.0, 0.3756149709224701, 0.0]",1,tweet_4694_1008891
8176,652,"Feature_Vector: [1.0, 1.0, 0.0, 0.39245694875717163, 0.0]","Feature_Vector: [1.0, 0.0, 1.0, 0.6229747533798218, 0.0]",1,tweet_652_734934
7154,7154,"Feature_Vector: [1.0, 1.0, 0.0, 0.4135853946208954, 0.0]","Feature_Vector: [1.0, 1.0, 0.0, 0.4135853946208954, 0.0]",1,tweet_7154_903509
6486,9392,"Feature_Vector: [1.0, 1.0, 0.0, 0.25129419565200806, 0.0]","Feature_Vector: [1.0, 1.0, 0.0, 0.5101978778839111, 0.0]",1,tweet_9392_526258
8631,3834,"Feature_Vector: [0.0, 0.0, 0.0, 0.4239818751811981, 0.0]","Feature_Vector: [1.0, 1.0, 0.0, 0.20371171832084656, 0.0]",1,tweet_3834_238820
7779,8771,"Feature_Vector: [1.0, 1.0, 0.0, 0.37539729475975037, 0.0]","Feature_Vector: [1.0, 1.0, 0.0, 0.3638172745704651, 0.0]",1,tweet_8771_217964
2607,8420,"Feature_Vector: [1.0, 0.0, 0.0, 0.34503108263015747, 0.0]","Feature_Vector: [0.0, 0.0, 0.0, 0.3149957060813904, 0.0]",2,tweet_8420_1293143
8783,4357,"Feature_Vector: [1.0, 1.0, 0.0, 0.4845501780509949, 0.0]","Feature_Vector: [1.0, 1.0, 0.0, 0.4303116798400879, 0.0]",1,tweet_4357_243971
1106,901,"Feature_Vector: [1.0, 1.0, 0.0, 0.3219694495201111, 0.0]","Feature_Vector: [1.0, 1.0, 0.0, 0.48563191294670105, 0.0]",1,tweet_901_27305
8470,9380,"Feature_Vector: [1.0, 1.0, 0.0, 0.2691405415534973, 0.0]","Feature_Vector: [1.0, 1.0, 0.0, 0.2960134446620941, 0.0]",1,tweet_9380_592589
440,9079,"Feature_Vector: [1.0, 0.0, 0.0, 0.5281150937080383, 0.0]","Feature_Vector: [1.0, 0.0, 1.0, 0.5973740220069885, 0.0]",1,tweet_9079_659855
558,8938,"Feature_Vector: [1.0, 1.0, 0.0, 0.473571240901947, 0.0]","Feature_Vector: [1.0, 1.0, 0.0, 0.4468768835067749, 0.0]",1,tweet_8938_306730
6391,8457,"Feature_Vector: [1.0, 0.0, 0.0, 0.4673459231853485, 0.0]","Feature_Vector: [1.0, 0.0, 0.0, 0.357395201921463, 0.0]",2,tweet_8457_1360666
77,1322,"Feature_Vector: [1.0, 1.0, 0.0, 0.44625917077064514, 0.0]","Feature_Vector: [1.0, 1.0, 0.0, 0.47167715430259705, 0.0]",1,tweet_1322_2403
6978,2267,"Feature_Vector: [1.0, 1.0, 0.0, 0.33912861347198486, 0.0]","Feature_Vector: [1.0, 1.0, 0.0, 0.410976767539978, 0.0]",1,tweet_2267_899796
9619,966,"Feature_Vector: [1.0, 1.0, 0.0, 0.4619846045970917, 0.0]","Feature_Vector: [1.0, 1.0, 0.0, 0.5177536010742188, 0.0]",1,tweet_966_634467
693,9903,"Feature_Vector: [1.0, 1.0, 0.0, 0.3096611201763153, 0.0]","Feature_Vector: [1.0, 1.0, 0.0, 0.29511559009552, 0.0]",1,tweet_9903_975543
9327,7087,"Feature_Vector: [1.0, 1.0, 0.0, 0.3902098834514618, 0.0]","Feature_Vector: [1.0, 1.0, 1.0, 0.6930900812149048, 0.0]",1,tweet_7087_744891
9383,1191,"Feature_Vector: [1.0, 1.0, 0.0, 0.3826846480369568, 0.0]","Feature_Vector: [1.0, 1.0, 0.0, 0.38936492800712585, 0.0]",1,tweet_1191_623249
5110,876,"Feature_Vector: [1.0, 0.0, 0.0, 0.3248912990093231, 0.0]","Feature_Vector: [1.0, 0.0, 1.0, 0.5956830382347107, 0.0]",1,tweet_876_476211
4593,4593,"Feature_Vector: [1.0, 0.0, 1.0, 0.5308657884597778, 0.0]","Feature_Vector: [1.0, 0.0, 1.0, 0.5308657884597778, 0.0]",1,tweet_4593_851526
3527,6408,"Feature_Vector: [1.0, 1.0, 0.0, 0.45504137873649597, 0.0]","Feature_Vector: [1.0, 1.0, 0.0, 0.48257309198379517, 0.0]",1,tweet_6408_97091
915,3934,"Feature_Vector: [1.0, 1.0, 0.0, 0.39875441789627075, 0.0]","Feature_Vector: [1.0, 0.0, 0.0, 0.24432046711444855, 0.0]",2,tweet_3934_1074058
8236,2893,"Feature_Vector: [1.0, 1.0, 0.0, 0.3590705692768097, 0.0]","Feature_Vector: [1.0, 1.0, 0.0, 0.6793380975723267, 0.0]",1,tweet_2893_585014
4694,4694,"Feature_Vector: [1.0, 1.0, 0.0, 0.3756149709224701, 0.0]","Feature_Vector: [1.0, 1.0, 0.0, 0.3756149709224701, 0.0]",1,tweet_4694_1009474
996,4710,"Feature_Vector: [0.0, 0.0, 0.0, 0.45058178901672363, 0.0]","Feature_Vector: [0.0, 0.0, 0.0, 0.36548832058906555, 0.0]",3,tweet_4710_1250347
5067,1025,"Feature_Vector: [1.0, 1.0, 0.0, 0.40119946002960205, 0.0]","Feature_Vector: [1.0, 1.0, 0.0, 0.3615403175354004, 0.0]",1,tweet_1025_474732
5799,9894,"Feature_Vector: [1.0, 0.0, 0.0, 0.26768767833709717, 0.0]","Feature_Vector: [1.0, 1.0, 0.0, 0.2506343722343445, 0.0]",2,tweet_9894_1353105
5971,9398,"Feature_Vector: [1.0, 1.0, 0.0, 0.2719385623931885, 0.0]","Feature_Vector: [1.0, 1.0, 0.0, 0.3273293673992157, 0.0]",1,tweet_9398_505775
1856,9022,"Feature_Vector: [1.0, 1.0, 0.0, 0.3309597074985504, 0.0]","Feature_Vector: [1.0, 0.0, 0.0, 0.24860724806785583, 0.0]",2,tweet_9022_1275262
7369,2640,"Feature_Vector: [1.0, 0.0, 0.0, 0.4846026599407196, 0.0]","Feature_Vector: [1.0, 1.0, 0.0, 0.4445994794368744, 0.0]",1,tweet_2640_555056
9599,9599,"Feature_Vector: [1.0, 0.0, 0.0, 0.41306576132774353, 0.0]","Feature_Vector: [1.0, 0.0, 0.0, 0.41306576132774353, 0.0]",1,tweet_9599_954372
7766,6024,"Feature_Vector: [0.0, 0.0, 0.0, 0.4852805435657501, 0.0]","Feature_Vector: [1.0, 0.0, 0.0, 0.4011073708534241, 0.0]",1,tweet_6024_216986
450,450,"Feature_Vector: [1.0, 1.0, 0.0, 0.38178300857543945, 0.0]","Feature_Vector: [1.0, 1.0, 0.0, 0.38178300857543945, 0.0]",1,tweet_450_761603
2260,4869,"Feature_Vector: [1.0, 1.0, 0.0, 0.3388513922691345, 0.0]","Feature_Vector: [1.0, 1.0, 0.0, 0.41525977849960327, 0.0]",3,tweet_4869_1110555
2360,4399,"Feature_Vector: [1.0, 1.0, 0.0, 0.34817954897880554, 0.0]","Feature_Vector: [1.0, 1.0, 0.0, 0.46550697088241577, 0.0]",1,tweet_4399_64383
485,4357,"Feature_Vector: [1.0, 1.0, 0.0, 0.35378092527389526, 1.0]","Feature_Vector: [1.0, 1.0, 0.0, 0.4303116798400879, 0.0]",1,tweet_4357_11678
399,3465,"Feature_Vector: [1.0, 1.0, 0.0, 0.36836040019989014, 0.0]","Feature_Vector: [1.0, 1.0, 0.0, 0.3065461218357086, 0.0]",1,tweet_3465_10068
1165,3663,"Feature_Vector: [1.0, 1.0, 0.0, 0.35719481110572815, 0.0]","Feature_Vector: [1.0, 1.0, 0.0, 0.3789200186729431, 0.0]",1,tweet_3663_326760
137,5172,"Feature_Vector: [1.0, 1.0, 0.0, 0.4085656404495239, 0.0]","Feature_Vector: [1.0, 1.0, 0.0, 0.4614177644252777, 0.0]",3,tweet_5172_1051799
2821,4112,"Feature_Vector: [1.0, 0.0, 0.0, 0.34427887201309204, 0.0]","Feature_Vector: [0.0, 0.0, 0.0, 0.5363983511924744, 0.0]",2,tweet_4112_1297075
5418,4826,"Feature_Vector: [1.0, 1.0, 0.0, 0.34527960419654846, 0.0]","Feature_Vector: [1.0, 1.0, 0.0, 0.4472035765647888, 0.0]",1,tweet_4826_152593
3679,6758,"Feature_Vector: [1.0, 1.0, 0.0, 0.49792319536209106, 0.0]","Feature_Vector: [1.0, 1.0, 0.0, 0.4459894001483917, 0.0]",1,tweet_6758_422875
249,249,"Feature_Vector: [1.0, 1.0, 0.0, 0.42198023200035095, 0.0]","Feature_Vector: [1.0, 1.0, 0.0, 0.42198023200035095, 0.0]",1,tweet_249_758566
1165,7213,"Feature_Vector: [1.0, 1.0, 0.0, 0.35719481110572815, 0.0]","Feature_Vector: [1.0, 1.0, 0.0, 0.4025183916091919, 0.0]",1,tweet_7213_327004
6369,6426,"Feature_Vector: [1.0, 1.0, 0.0, 0.4554474353790283, 0.0]","Feature_Vector: [1.0, 1.0, 0.0, 0.45854485034942627, 0.0]",1,tweet_6426_521653
230,6312,"Feature_Vector: [1.0, 1.0, 0.0, 0.06197875365614891, 1.0]","Feature_Vector: [1.0, 1.0, 0.0, 0.18996766209602356, 0.0]",2,tweet_6312_1054688
6838,7563,"Feature_Vector: [1.0, 1.0, 0.0, 0.4204636812210083, 0.0]","Feature_Vector: [1.0, 0.0, 1.0, 0.6805872321128845, 0.0]",1,tweet_7563_192332
7522,2020,"Feature_Vector: [1.0, 1.0, 0.0, 0.29327577352523804, 0.0]","Feature_Vector: [0.0, 0.0, 0.0, 0.5084308385848999, 0.0]",1,tweet_2020_560648
1031,8196,"Feature_Vector: [1.0, 0.0, 0.0, 0.42251887917518616, 0.0]","Feature_Vector: [1.0, 1.0, 0.0, 0.440073162317276, 0.0]",1,tweet_8196_26208
5415,1127,"Feature_Vector: [1.0, 1.0, 0.0, 0.3901539444923401, 0.0]","Feature_Vector: [1.0, 1.0, 0.0, 0.4533507525920868, 0.0]",1,tweet_1127_486817
3917,7740,"Feature_Vector: [0.0, 0.0, 0.0, 0.38093265891075134, 0.0]","Feature_Vector: [1.0, 1.0, 0.0, 0.23720981180667877, 0.0]",3,tweet_7740_1319338
5669,5871,"Feature_Vector: [1.0, 1.0, 0.0, 0.40767014026641846, 0.0]","Feature_Vector: [1.0, 1.0, 0.0, 0.486001580953598, 0.0]",1,tweet_5871_158003
4657,9015,"Feature_Vector: [1.0, 1.0, 0.0, 0.19725720584392548, 0.0]","Feature_Vector: [1.0, 1.0, 0.0, 0.039104241877794266, 0.0]",3,tweet_9015_1166084
3300,5706,"Feature_Vector: [1.0, 0.0, 0.0, 0.32399436831474304, 0.0]","Feature_Vector: [1.0, 0.0, 0.0, 0.3351176977157593, 0.0]",3,tweet_5706_1307655
343,356,"Feature_Vector: [0.0, 0.0, 0.0, 0.2929632365703583, 0.0]","Feature_Vector: [1.0, 1.0, 0.0, 0.31349119544029236, 0.0]",3,tweet_356_1057266
1691,311,"Feature_Vector: [1.0, 1.0, 0.0, 0.4619532823562622, 0.0]","Feature_Vector: [1.0, 1.0, 1.0, 0.742438018321991, 0.0]",1,tweet_311_671819
859,1459,"Feature_Vector: [1.0, 0.0, 0.0, 0.43172213435173035, 0.0]","Feature_Vector: [1.0, 1.0, 0.0, 0.39604753255844116, 0.0]",1,tweet_1459_316766
9535,8609,"Feature_Vector: [1.0, 1.0, 0.0, 0.2250405102968216, 0.0]","Feature_Vector: [1.0, 1.0, 0.0, 0.3337654769420624, 0.0]",1,tweet_8609_630708
8271,9301,"Feature_Vector: [1.0, 1.0, 0.0, 0.33758673071861267, 0.0]","Feature_Vector: [1.0, 1.0, 0.0, 0.5602076649665833, 0.0]",1,tweet_9301_1032724
2260,5417,"Feature_Vector: [1.0, 1.0, 0.0, 0.3388513922691345, 0.0]","Feature_Vector: [1.0, 0.0, 1.0, 0.8675563335418701, 0.0]",1,tweet_5417_677138
890,890,"Feature_Vector: [1.0, 0.0, 1.0, 0.7643919587135315, 0.0]","Feature_Vector: [1.0, 0.0, 1.0, 0.7643919587135315, 0.0]",1,tweet_890_768085
560,6789,"Feature_Vector: [1.0, 1.0, 0.0, 0.32159334421157837, 0.0]","Feature_Vector: [1.0, 1.0, 0.0, 0.3219694495201111, 0.0]",1,tweet_6789_307060
9579,6706,"Feature_Vector: [1.0, 1.0, 0.0, 0.21720798313617706, 0.0]","Feature_Vector: [1.0, 1.0, 0.0, 0.3451554775238037, 0.0]",1,tweet_6706_632913
3527,8314,"Feature_Vector: [1.0, 1.0, 0.0, 0.45504137873649597, 0.0]","Feature_Vector: [1.0, 1.0, 0.0, 0.39234939217567444, 0.0]",1,tweet_8314_417056
1216,4236,"Feature_Vector: [1.0, 1.0, 0.0, 0.24505792558193207, 0.0]","Feature_Vector: [1.0, 1.0, 0.0, 0.3773268461227417, 0.0]",3,tweet_4236_1082376
1792,2909,"Feature_Vector: [1.0, 1.0, 0.0, 0.16306175291538239, 0.0]","Feature_Vector: [1.0, 1.0, 0.0, 0.171758234500885, 0.0]",3,tweet_2909_1100335
4507,291,"Feature_Vector: [1.0, 0.0, 0.0, 0.5864585041999817, 0.0]","Feature_Vector: [1.0, 1.0, 0.0, 0.43874073028564453, 0.0]",1,tweet_291_125284
4670,5985,"Feature_Vector: [0.0, 0.0, 1.0, 0.5267648696899414, 0.0]","Feature_Vector: [1.0, 1.0, 0.0, 0.5068618059158325, 0.0]",1,tweet_5985_130653
2248,3712,"Feature_Vector: [1.0, 1.0, 0.0, 0.38597312569618225, 0.0]","Feature_Vector: [1.0, 1.0, 0.0, 0.5203679800033569, 0.0]",1,tweet_3712_369601
4586,9300,"Feature_Vector: [1.0, 0.0, 0.0, 0.5549607276916504, 0.0]","Feature_Vector: [1.0, 0.0, 1.0, 0.7272517681121826, 0.0]",1,tweet_9300_454073
7401,9336,"Feature_Vector: [1.0, 1.0, 0.0, 0.260364294052124, 0.0]","Feature_Vector: [1.0, 1.0, 0.0, 0.19552120566368103, 0.0]",2,tweet_9336_1203553
9953,9953,"Feature_Vector: [1.0, 1.0, 0.0, 0.13527844846248627, 0.0]","Feature_Vector: [1.0, 1.0, 0.0, 0.13527844846248627, 0.0]",1,tweet_9953_961247
114,8422,"Feature_Vector: [1.0, 1.0, 0.0, 0.2710212171077728, 0.0]","Feature_Vector: [1.0, 1.0, 0.0, 0.3706205487251282, 0.0]",1,tweet_8422_292452
1811,1414,"Feature_Vector: [1.0, 1.0, 0.0, 0.39694780111312866, 0.0]","Feature_Vector: [1.0, 1.0, 0.0, 0.40124547481536865, 0.0]",1,tweet_1414_354439
4135,6426,"Feature_Vector: [1.0, 1.0, 0.0, 0.3727174401283264, 0.0]","Feature_Vector: [1.0, 1.0, 0.0, 0.45854485034942627, 0.0]",1,tweet_6426_438491
4638,3037,"Feature_Vector: [1.0, 1.0, 0.0, 0.39674896001815796, 0.0]","Feature_Vector: [1.0, 1.0, 0.0, 0.310125470161438, 0.0]",1,tweet_3037_456473
9953,9953,"Feature_Vector: [1.0, 1.0, 0.0, 0.13527844846248627, 0.0]","Feature_Vector: [1.0, 1.0, 0.0, 0.13527844846248627, 0.0]",1,tweet_9953_966062
8236,4233,"Feature_Vector: [1.0, 1.0, 0.0, 0.3590705692768097, 0.0]","Feature_Vector: [0.0, 0.0, 1.0, 0.45695748925209045, 0.0]",1,tweet_4233_585212
286,8663,"Feature_Vector: [0.0, 0.0, 0.0, 0.4314267039299011, 0.0]","Feature_Vector: [1.0, 0.0, 1.0, 0.7080961465835571, 0.0]",1,tweet_8663_973411
1234,6204,"Feature_Vector: [1.0, 1.0, 0.0, 0.4846760630607605, 0.0]","Feature_Vector: [1.0, 1.0, 0.0, 0.4204309582710266, 0.0]",1,tweet_6204_773300
4664,5881,"Feature_Vector: [1.0, 1.0, 0.0, 0.23886920511722565, 0.0]","Feature_Vector: [1.0, 1.0, 0.0, 0.37939608097076416, 0.0]",1,tweet_5881_457792
8348,8678,"Feature_Vector: [1.0, 1.0, 0.0, 0.27631404995918274, 0.0]","Feature_Vector: [1.0, 1.0, 0.0, 0.33496904373168945, 0.0]",3,tweet_8678_1210064
6903,7242,"Feature_Vector: [1.0, 1.0, 0.0, 0.5009790658950806, 0.0]","Feature_Vector: [1.0, 1.0, 0.0, 0.4255574941635132, 0.0]",1,tweet_7242_897635
559,3487,"Feature_Vector: [1.0, 1.0, 0.0, 0.34300243854522705, 0.0]","Feature_Vector: [1.0, 1.0, 1.0, 0.6530749797821045, 0.0]",1,tweet_3487_762791
3194,9030,"Feature_Vector: [1.0, 0.0, 0.0, 0.4040701985359192, 0.0]","Feature_Vector: [1.0, 1.0, 0.0, 0.41254132986068726, 0.0]",1,tweet_9030_88336
5975,9725,"Feature_Vector: [1.0, 1.0, 0.0, 0.07820848375558853, 0.0]","Feature_Vector: [1.0, 1.0, 0.0, 0.41561728715896606, 0.0]",3,tweet_9725_1355161
1599,1599,"Feature_Vector: [1.0, 1.0, 0.0, 0.3800693154335022, 0.0]","Feature_Vector: [1.0, 1.0, 0.0, 0.3800693154335022, 0.0]",1,tweet_1599_781111
6945,10044,"Feature_Vector: [1.0, 1.0, 0.0, 0.25194641947746277, 0.0]","Feature_Vector: [1.0, 1.0, 0.0, 0.6037755608558655, 0.0]",1,tweet_10044_898549
5360,6199,"Feature_Vector: [1.0, 1.0, 0.0, 0.2380456179380417, 0.0]","Feature_Vector: [1.0, 1.0, 0.0, 0.35335269570350647, 0.0]",1,tweet_6199_485426
6853,6030,"Feature_Vector: [1.0, 1.0, 0.0, 0.44064778089523315, 0.0]","Feature_Vector: [1.0, 1.0, 0.0, 0.3585829436779022, 0.0]",1,tweet_6030_192690
64,2290,"Feature_Vector: [1.0, 1.0, 0.0, 0.5699607729911804, 0.0]","Feature_Vector: [1.0, 1.0, 0.0, 0.3607918322086334, 0.0]",1,tweet_2290_289931
6049,5705,"Feature_Vector: [1.0, 1.0, 0.0, 0.25259116291999817, 1.0]","Feature_Vector: [1.0, 1.0, 0.0, 0.44831234216690063, 0.0]",1,tweet_5705_715306
2933,2933,"Feature_Vector: [1.0, 1.0, 0.0, 0.620089590549469, 0.0]","Feature_Vector: [1.0, 1.0, 0.0, 0.620089590549469, 0.0]",1,tweet_2933_811020
6973,2416,"Feature_Vector: [1.0, 0.0, 0.0, 0.40964558720588684, 0.0]","Feature_Vector: [1.0, 0.0, 1.0, 0.6182260513305664, 0.0]",1,tweet_2416_540625
2814,4728,"Feature_Vector: [1.0, 1.0, 0.0, 0.3509376645088196, 0.0]","Feature_Vector: [1.0, 0.0, 1.0, 0.5780017971992493, 0.0]",1,tweet_4728_390767
6666,9052,"Feature_Vector: [1.0, 1.0, 0.0, 0.4401654899120331, 0.0]","Feature_Vector: [1.0, 1.0, 0.0, 0.3974418044090271, 0.0]",1,tweet_9052_532127
2571,8812,"Feature_Vector: [1.0, 1.0, 0.0, 0.3786461353302002, 0.0]","Feature_Vector: [1.0, 1.0, 0.0, 0.21475474536418915, 0.0]",3,tweet_8812_1119402
441,4319,"Feature_Vector: [1.0, 1.0, 0.0, 0.3355613350868225, 0.0]","Feature_Vector: [1.0, 1.0, 0.0, 0.3706205487251282, 0.0]",1,tweet_4319_302855
1575,1914,"Feature_Vector: [1.0, 1.0, 0.0, 0.5012218356132507, 0.0]","Feature_Vector: [0.0, 0.0, 1.0, 0.7615982294082642, 0.0]",1,tweet_1914_670639
9135,3557,"Feature_Vector: [1.0, 1.0, 0.0, 0.34076395630836487, 0.0]","Feature_Vector: [1.0, 1.0, 0.0, 0.3529212176799774, 0.0]",1,tweet_3557_614954
3571,643,"Feature_Vector: [0.0, 0.0, 0.0, 0.30895739793777466, 0.0]","Feature_Vector: [0.0, 0.0, 1.0, 0.6559633016586304, 0.0]",1,tweet_643_419544
3557,9313,"Feature_Vector: [1.0, 1.0, 0.0, 0.3529212176799774, 0.0]","Feature_Vector: [1.0, 1.0, 0.0, 0.27631404995918274, 0.0]",1,tweet_9313_99371
4029,4236,"Feature_Vector: [1.0, 1.0, 0.0, 0.36617738008499146, 0.0]","Feature_Vector: [1.0, 1.0, 0.0, 0.3773268461227417, 0.0]",3,tweet_4236_1152420
1647,3546,"Feature_Vector: [1.0, 1.0, 0.0, 0.25690922141075134, 0.0]","Feature_Vector: [1.0, 1.0, 0.0, 0.44242602586746216, 0.0]",1,tweet_3546_347615
1533,8159,"Feature_Vector: [1.0, 1.0, 0.0, 0.35346007347106934, 0.0]","Feature_Vector: [1.0, 1.0, 0.0, 0.2754656970500946, 0.0]",1,tweet_8159_342959
4535,7962,"Feature_Vector: [1.0, 1.0, 0.0, 0.27460435032844543, 0.0]","Feature_Vector: [1.0, 1.0, 0.0, 0.14888373017311096, 0.0]",2,tweet_7962_1331197
2006,2431,"Feature_Vector: [1.0, 1.0, 0.0, 0.5827939510345459, 0.0]","Feature_Vector: [1.0, 1.0, 0.0, 0.3569936752319336, 0.0]",1,tweet_2431_53930
7401,5241,"Feature_Vector: [1.0, 1.0, 0.0, 0.260364294052124, 0.0]","Feature_Vector: [0.0, 0.0, 0.0, 0.5940559506416321, 0.0]",1,tweet_5241_728058
5172,999,"Feature_Vector: [1.0, 1.0, 0.0, 0.4614177644252777, 0.0]","Feature_Vector: [1.0, 1.0, 0.0, 0.40705132484436035, 0.0]",1,tweet_999_146159
7787,2090,"Feature_Vector: [1.0, 1.0, 0.0, 0.45477497577667236, 0.0]","Feature_Vector: [1.0, 1.0, 0.0, 0.42917418479919434, 0.0]",1,tweet_2090_218397
4135,3529,"Feature_Vector: [1.0, 1.0, 0.0, 0.3727174401283264, 0.0]","Feature_Vector: [1.0, 1.0, 0.0, 0.4416675567626953, 0.0]",1,tweet_3529_114718
2614,2431,"Feature_Vector: [1.0, 1.0, 0.0, 0.3776770234107971, 0.0]","Feature_Vector: [1.0, 1.0, 0.0, 0.3569936752319336, 0.0]",1,tweet_2431_993589
5944,5944,"Feature_Vector: [1.0, 1.0, 1.0, 0.6163211464881897, 0.0]","Feature_Vector: [1.0, 1.0, 1.0, 0.6163211464881897, 0.0]",1,tweet_5944_1018251
9876,4670,"Feature_Vector: [1.0, 1.0, 0.0, 0.34209144115448, 0.0]","Feature_Vector: [0.0, 0.0, 1.0, 0.5267648696899414, 0.0]",1,tweet_4670_645381
497,4381,"Feature_Vector: [1.0, 0.0, 0.0, 0.6463010311126709, 0.0]","Feature_Vector: [0.0, 0.0, 0.0, 0.28230011463165283, 0.0]",3,tweet_4381_1233520
10198,9454,"Feature_Vector: [1.0, 0.0, 1.0, 0.43121087551116943, 0.0]","Feature_Vector: [1.0, 1.0, 1.0, 0.5565128326416016, 0.0]",1,tweet_9454_655955
6156,6156,"Feature_Vector: [1.0, 0.0, 0.0, 0.4775247275829315, 0.0]","Feature_Vector: [1.0, 0.0, 0.0, 0.4775247275829315, 0.0]",1,tweet_6156_886102
3600,6698,"Feature_Vector: [1.0, 1.0, 0.0, 0.20950300991535187, 1.0]","Feature_Vector: [1.0, 0.0, 0.0, 0.30428415536880493, 0.0]",2,tweet_6698_1313424
5019,7999,"Feature_Vector: [1.0, 1.0, 0.0, 0.2328343242406845, 1.0]","Feature_Vector: [1.0, 1.0, 0.0, 0.26255548000335693, 0.0]",1,tweet_7999_141908
4090,8413,"Feature_Vector: [1.0, 1.0, 0.0, 0.19725720584392548, 0.0]","Feature_Vector: [1.0, 0.0, 0.0, 0.3160462975502014, 0.0]",3,tweet_8413_1322606
923,1291,"Feature_Vector: [1.0, 1.0, 0.0, 0.40206706523895264, 0.0]","Feature_Vector: [1.0, 1.0, 0.0, 0.32783839106559753, 0.0]",1,tweet_1291_664255
3820,3820,"Feature_Vector: [1.0, 1.0, 1.0, 0.5129745006561279, 0.0]","Feature_Vector: [1.0, 1.0, 1.0, 0.5129745006561279, 0.0]",1,tweet_3820_835356
3302,4399,"Feature_Vector: [1.0, 1.0, 0.0, 0.4583613872528076, 0.0]","Feature_Vector: [1.0, 1.0, 0.0, 0.46550697088241577, 0.0]",1,tweet_4399_687606
3854,3854,"Feature_Vector: [0.0, 0.0, 0.0, 0.37233495712280273, 0.0]","Feature_Vector: [0.0, 0.0, 0.0, 0.37233495712280273, 0.0]",1,tweet_3854_836240
4195,4687,"Feature_Vector: [1.0, 1.0, 0.0, 0.4733283221721649, 0.0]","Feature_Vector: [1.0, 0.0, 0.0, 0.5390616655349731, 0.0]",1,tweet_4687_115581
6802,2166,"Feature_Vector: [1.0, 1.0, 0.0, 0.5759677886962891, 0.0]","Feature_Vector: [1.0, 0.0, 0.0, 0.4092878997325897, 0.0]",1,tweet_2166_536057
4279,2890,"Feature_Vector: [1.0, 1.0, 0.0, 0.312391459941864, 0.0]","Feature_Vector: [0.0, 0.0, 0.0, 0.31947872042655945, 0.0]",1,tweet_2890_118298
1476,3750,"Feature_Vector: [1.0, 0.0, 0.0, 0.2791867256164551, 0.0]","Feature_Vector: [1.0, 0.0, 0.0, 0.38500040769577026, 0.0]",3,tweet_3750_1264341
9954,6771,"Feature_Vector: [1.0, 1.0, 0.0, 0.3130538761615753, 0.0]","Feature_Vector: [1.0, 1.0, 0.0, 0.29747888445854187, 0.0]",1,tweet_6771_967951
5475,8512,"Feature_Vector: [1.0, 1.0, 0.0, 0.40211236476898193, 0.0]","Feature_Vector: [1.0, 0.0, 1.0, 0.4895612597465515, 0.0]",2,tweet_8512_1348363
8686,2527,"Feature_Vector: [1.0, 1.0, 0.0, 0.38722485303878784, 0.0]","Feature_Vector: [1.0, 1.0, 0.0, 0.48962849378585815, 0.0]",1,tweet_2527_599758
5434,1213,"Feature_Vector: [1.0, 1.0, 0.0, 0.33191055059432983, 0.0]","Feature_Vector: [1.0, 1.0, 0.0, 0.3689339756965637, 0.0]",1,tweet_1213_153087
4832,9696,"Feature_Vector: [1.0, 1.0, 0.0, 0.4646766781806946, 0.0]","Feature_Vector: [1.0, 1.0, 0.0, 0.35248643159866333, 0.0]",1,tweet_9696_134988
4615,7568,"Feature_Vector: [1.0, 1.0, 0.0, 0.41051051020622253, 0.0]","Feature_Vector: [1.0, 1.0, 0.0, 0.38942164182662964, 0.0]",3,tweet_7568_1164702
2269,2011,"Feature_Vector: [1.0, 1.0, 0.0, 0.4489278495311737, 0.0]","Feature_Vector: [1.0, 1.0, 0.0, 0.4469587206840515, 0.0]",1,tweet_2011_370472
9678,2446,"Feature_Vector: [1.0, 1.0, 1.0, 0.5225569009780884, 0.0]","Feature_Vector: [1.0, 0.0, 0.0, 0.4733026921749115, 0.0]",1,tweet_2446_637046
9500,6017,"Feature_Vector: [1.0, 1.0, 0.0, 0.49002063274383545, 0.0]","Feature_Vector: [0.0, 0.0, 0.0, 0.4538053572177887, 0.0]",1,tweet_6017_627919
8126,2235,"Feature_Vector: [1.0, 1.0, 0.0, 0.3802030086517334, 0.0]","Feature_Vector: [1.0, 1.0, 0.0, 0.4446846842765808, 0.0]",1,tweet_2235_226676
5372,4879,"Feature_Vector: [1.0, 1.0, 0.0, 0.2907254993915558, 0.0]","Feature_Vector: [1.0, 1.0, 0.0, 0.3458961844444275, 0.0]",1,tweet_4879_151831
4572,9655,"Feature_Vector: [1.0, 0.0, 0.0, 0.497574120759964, 0.0]","Feature_Vector: [1.0, 1.0, 0.0, 0.35378092527389526, 0.0]",2,tweet_9655_1332029
5720,4492,"Feature_Vector: [1.0, 1.0, 0.0, 0.42978739738464355, 0.0]","Feature_Vector: [1.0, 1.0, 0.0, 0.48578622937202454, 0.0]",1,tweet_4492_495301
5955,3867,"Feature_Vector: [1.0, 1.0, 0.0, 0.42804187536239624, 0.0]","Feature_Vector: [1.0, 1.0, 0.0, 0.35378092527389526, 0.0]",1,tweet_3867_167204
1384,2938,"Feature_Vector: [1.0, 1.0, 0.0, 0.36827796697616577, 0.0]","Feature_Vector: [1.0, 1.0, 0.0, 0.467088907957077, 0.0]",1,tweet_2938_335100
9499,3116,"Feature_Vector: [1.0, 1.0, 0.0, 0.2877114713191986, 0.0]","Feature_Vector: [1.0, 0.0, 1.0, 0.675072431564331, 0.0]",1,tweet_3116_627808
2800,7260,"Feature_Vector: [1.0, 1.0, 0.0, 0.32834285497665405, 0.0]","Feature_Vector: [1.0, 1.0, 0.0, 0.5378336310386658, 0.0]",1,tweet_7260_808350
4757,6797,"Feature_Vector: [1.0, 0.0, 0.0, 0.31349119544029236, 0.0]","Feature_Vector: [0.0, 0.0, 1.0, 0.5248544812202454, 0.0]",1,tweet_6797_461451
3651,7302,"Feature_Vector: [0.0, 0.0, 0.0, 0.5222992897033691, 0.0]","Feature_Vector: [1.0, 1.0, 0.0, 0.16306175291538239, 0.0]",3,tweet_7302_1314416
10192,1607,"Feature_Vector: [1.0, 1.0, 0.0, 0.3438989520072937, 0.0]","Feature_Vector: [1.0, 1.0, 0.0, 0.37279361486434937, 0.0]",1,tweet_1607_286163
7635,7635,"Feature_Vector: [1.0, 1.0, 0.0, 0.40119946002960205, 0.0]","Feature_Vector: [1.0, 1.0, 0.0, 0.40119946002960205, 0.0]",1,tweet_7635_913908
7046,7046,"Feature_Vector: [0.0, 0.0, 0.0, 0.47276172041893005, 0.0]","Feature_Vector: [0.0, 0.0, 0.0, 0.47276172041893005, 0.0]",1,tweet_7046_901922
2109,2762,"Feature_Vector: [0.0, 0.0, 0.0, 0.40211236476898193, 0.0]","Feature_Vector: [0.0, 0.0, 0.0, 0.44869038462638855, 0.0]",1,tweet_2762_363812
9052,9075,"Feature_Vector: [1.0, 1.0, 0.0, 0.3974418044090271, 0.0]","Feature_Vector: [1.0, 1.0, 0.0, 0.3612608015537262, 0.0]",3,tweet_9075_1213889
9859,1729,"Feature_Vector: [1.0, 0.0, 0.0, 0.4288368821144104, 0.0]","Feature_Vector: [1.0, 1.0, 1.0, 0.5922421813011169, 0.0]",1,tweet_1729_750848
2600,8082,"Feature_Vector: [1.0, 1.0, 0.0, 0.4457601010799408, 0.0]","Feature_Vector: [1.0, 1.0, 0.0, 0.3555653691291809, 0.0]",3,tweet_8082_1120121
5934,9957,"Feature_Vector: [1.0, 0.0, 0.0, 0.4133632779121399, 0.0]","Feature_Vector: [1.0, 1.0, 0.0, 0.4231460690498352, 0.0]",3,tweet_9957_1187455
3618,4279,"Feature_Vector: [1.0, 1.0, 0.0, 0.45477497577667236, 0.0]","Feature_Vector: [1.0, 1.0, 0.0, 0.312391459941864, 0.0]",1,tweet_4279_420976
8321,7827,"Feature_Vector: [1.0, 1.0, 0.0, 0.41373297572135925, 0.0]","Feature_Vector: [1.0, 1.0, 0.0, 0.4127291738986969, 0.0]",1,tweet_7827_927833
8918,6710,"Feature_Vector: [1.0, 1.0, 0.0, 0.43610161542892456, 0.0]","Feature_Vector: [1.0, 1.0, 0.0, 0.4343392848968506, 0.0]",1,tweet_6710_607836
859,6249,"Feature_Vector: [1.0, 0.0, 0.0, 0.43172213435173035, 0.0]","Feature_Vector: [1.0, 1.0, 0.0, 0.6196249127388, 0.0]",1,tweet_6249_316677
9313,8079,"Feature_Vector: [1.0, 1.0, 0.0, 0.27631404995918274, 0.0]","Feature_Vector: [1.0, 1.0, 0.0, 0.3855496346950531, 0.0]",1,tweet_8079_620126
1427,4630,"Feature_Vector: [1.0, 1.0, 0.0, 0.30057477951049805, 0.0]","Feature_Vector: [1.0, 1.0, 0.0, 0.3704620599746704, 0.0]",1,tweet_4630_37008
3726,2332,"Feature_Vector: [1.0, 1.0, 0.0, 0.3174850344657898, 0.0]","Feature_Vector: [1.0, 1.0, 1.0, 0.6547492742538452, 0.0]",1,tweet_2332_425405
4386,6561,"Feature_Vector: [1.0, 1.0, 0.0, 0.3761196732521057, 0.0]","Feature_Vector: [1.0, 1.0, 0.0, 0.2834247052669525, 0.0]",2,tweet_6561_1159009
8013,8013,"Feature_Vector: [1.0, 1.0, 0.0, 0.28666993975639343, 0.0]","Feature_Vector: [1.0, 1.0, 0.0, 0.28666993975639343, 0.0]",1,tweet_8013_922314
805,9903,"Feature_Vector: [1.0, 1.0, 0.0, 0.33452069759368896, 0.0]","Feature_Vector: [1.0, 1.0, 0.0, 0.29511559009552, 0.0]",1,tweet_9903_662931
5030,7145,"Feature_Vector: [1.0, 1.0, 0.0, 0.32834285497665405, 0.0]","Feature_Vector: [1.0, 0.0, 0.0, 0.30479469895362854, 0.0]",1,tweet_7145_473442
2481,5905,"Feature_Vector: [1.0, 1.0, 1.0, 0.516990602016449, 0.0]","Feature_Vector: [1.0, 1.0, 0.0, 0.33758673071861267, 0.0]",3,tweet_5905_1117385
7292,3487,"Feature_Vector: [1.0, 1.0, 0.0, 0.30728039145469666, 0.0]","Feature_Vector: [1.0, 1.0, 1.0, 0.6530749797821045, 0.0]",1,tweet_3487_727103
8777,1932,"Feature_Vector: [1.0, 0.0, 0.0, 0.5656849145889282, 0.0]","Feature_Vector: [1.0, 1.0, 0.0, 0.3624621629714966, 0.0]",1,tweet_1932_602463
6794,6794,"Feature_Vector: [1.0, 0.0, 0.0, 0.4780927896499634, 0.0]","Feature_Vector: [1.0, 0.0, 0.0, 0.4780927896499634, 0.0]",1,tweet_6794_721889
8141,4556,"Feature_Vector: [1.0, 1.0, 0.0, 0.43074944615364075, 0.0]","Feature_Vector: [1.0, 0.0, 0.0, 0.3882761001586914, 0.0]",1,tweet_4556_580880
26,7853,"Feature_Vector: [1.0, 1.0, 0.0, 0.29201504588127136, 0.0]","Feature_Vector: [1.0, 0.0, 0.0, 0.37583181262016296, 0.0]",3,tweet_7853_1217800
71,6621,"Feature_Vector: [1.0, 1.0, 0.0, 0.4056655466556549, 0.0]","Feature_Vector: [1.0, 1.0, 0.0, 0.4823988080024719, 0.0]",1,tweet_6621_290135
4788,97,"Feature_Vector: [1.0, 1.0, 0.0, 0.25808456540107727, 0.0]","Feature_Vector: [1.0, 1.0, 0.0, 0.2159947007894516, 0.0]",1,tweet_97_133890
5632,8734,"Feature_Vector: [1.0, 1.0, 0.0, 0.5410867929458618, 0.0]","Feature_Vector: [1.0, 1.0, 0.0, 0.3857920169830322, 0.0]",2,tweet_8734_1350303
3703,7955,"Feature_Vector: [1.0, 1.0, 0.0, 0.4472239315509796, 0.0]","Feature_Vector: [0.0, 0.0, 0.0, 0.5409671664237976, 0.0]",1,tweet_7955_424247
7853,5443,"Feature_Vector: [1.0, 0.0, 0.0, 0.37583181262016296, 0.0]","Feature_Vector: [1.0, 0.0, 0.0, 0.32159334421157837, 0.0]",1,tweet_5443_570407
38,3881,"Feature_Vector: [1.0, 1.0, 0.0, 0.3212147057056427, 0.0]","Feature_Vector: [1.0, 1.0, 0.0, 0.4945164620876312, 0.0]",1,tweet_3881_656309
9864,5164,"Feature_Vector: [1.0, 1.0, 0.0, 0.3357084393501282, 0.0]","Feature_Vector: [1.0, 0.0, 0.0, 0.438764363527298, 0.0]",1,tweet_5164_276481
5519,6199,"Feature_Vector: [1.0, 1.0, 0.0, 0.32783839106559753, 0.0]","Feature_Vector: [1.0, 1.0, 0.0, 0.35335269570350647, 0.0]",3,tweet_6199_1181059
5418,8851,"Feature_Vector: [1.0, 1.0, 0.0, 0.34527960419654846, 0.0]","Feature_Vector: [1.0, 1.0, 0.0, 0.3342198133468628, 0.0]",1,tweet_8851_152600
4521,5945,"Feature_Vector: [1.0, 1.0, 0.0, 0.2775631546974182, 0.0]","Feature_Vector: [1.0, 1.0, 0.0, 0.3186896741390228, 0.0]",1,tweet_5945_451592
4104,4374,"Feature_Vector: [1.0, 1.0, 0.0, 0.3771861493587494, 0.0]","Feature_Vector: [1.0, 0.0, 0.0, 0.4378586411476135, 0.0]",3,tweet_4374_1154227
2025,5972,"Feature_Vector: [0.0, 0.0, 0.0, 0.20216599106788635, 0.0]","Feature_Vector: [0.0, 0.0, 1.0, 0.7603167295455933, 0.0]",1,tweet_5972_360607
9579,2461,"Feature_Vector: [1.0, 1.0, 0.0, 0.21720798313617706, 0.0]","Feature_Vector: [1.0, 1.0, 0.0, 0.29233288764953613, 0.0]",1,tweet_2461_632916
3639,3639,"Feature_Vector: [1.0, 1.0, 0.0, 0.3891374468803406, 0.0]","Feature_Vector: [1.0, 1.0, 0.0, 0.3891374468803406, 0.0]",1,tweet_3639_828974
1862,8475,"Feature_Vector: [0.0, 0.0, 0.0, 0.3477064371109009, 0.0]","Feature_Vector: [1.0, 1.0, 0.0, 0.2457858771085739, 0.0]",2,tweet_8475_1275438
3696,9329,"Feature_Vector: [1.0, 1.0, 0.0, 0.27958542108535767, 0.0]","Feature_Vector: [1.0, 1.0, 0.0, 0.22398598492145538, 0.0]",2,tweet_9329_1145082
6408,9528,"Feature_Vector: [1.0, 1.0, 0.0, 0.48257309198379517, 0.0]","Feature_Vector: [1.0, 1.0, 0.0, 0.375324547290802, 0.0]",1,tweet_9528_180951
3822,8472,"Feature_Vector: [1.0, 1.0, 0.0, 0.15277598798274994, 0.0]","Feature_Vector: [1.0, 1.0, 0.0, 0.10108299553394318, 0.0]",3,tweet_8472_1148112
5622,9404,"Feature_Vector: [1.0, 1.0, 0.0, 0.2960134446620941, 0.0]","Feature_Vector: [1.0, 0.0, 0.0, 0.43436485528945923, 0.0]",3,tweet_9404_1182679
7246,7246,"Feature_Vector: [0.0, 0.0, 0.0, 0.3304781913757324, 0.0]","Feature_Vector: [0.0, 0.0, 0.0, 0.3304781913757324, 0.0]",1,tweet_7246_906985
3977,5252,"Feature_Vector: [1.0, 1.0, 0.0, 0.3168729245662689, 0.0]","Feature_Vector: [0.0, 0.0, 1.0, 0.5689771175384521, 0.0]",1,tweet_5252_838615
9342,420,"Feature_Vector: [1.0, 1.0, 0.0, 0.34698930382728577, 0.0]","Feature_Vector: [1.0, 1.0, 0.0, 0.24791501462459564, 0.0]",1,tweet_420_621829
9533,7129,"Feature_Vector: [1.0, 1.0, 0.0, 0.4570772349834442, 0.0]","Feature_Vector: [1.0, 1.0, 0.0, 0.48933982849121094, 0.0]",1,tweet_7129_265081
5224,6219,"Feature_Vector: [1.0, 1.0, 0.0, 0.4832434356212616, 0.0]","Feature_Vector: [1.0, 0.0, 0.0, 0.41220158338546753, 0.0]",1,tweet_6219_147974
8807,8807,"Feature_Vector: [1.0, 0.0, 0.0, 0.40892794728279114, 0.0]","Feature_Vector: [1.0, 0.0, 0.0, 0.40892794728279114, 0.0]",1,tweet_8807_936302
1213,1311,"Feature_Vector: [1.0, 1.0, 0.0, 0.3689339756965637, 0.0]","Feature_Vector: [1.0, 1.0, 0.0, 0.2270922064781189, 0.0]",1,tweet_1311_329742
4256,4256,"Feature_Vector: [0.0, 0.0, 0.0, 0.4731100797653198, 0.0]","Feature_Vector: [0.0, 0.0, 0.0, 0.4731100797653198, 0.0]",1,tweet_4256_844204
1748,1748,"Feature_Vector: [1.0, 1.0, 0.0, 0.6575924158096313, 0.0]","Feature_Vector: [1.0, 1.0, 0.0, 0.6575924158096313, 0.0]",1,tweet_1748_783831
6852,9282,"Feature_Vector: [1.0, 1.0, 0.0, 0.06197875365614891, 1.0]","Feature_Vector: [1.0, 1.0, 0.0, 0.35441717505455017, 0.0]",3,tweet_9282_1198315
7137,7087,"Feature_Vector: [1.0, 0.0, 0.0, 0.2960134446620941, 0.0]","Feature_Vector: [1.0, 1.0, 1.0, 0.6930900812149048, 0.0]",1,tweet_7087_725731
1148,2129,"Feature_Vector: [1.0, 1.0, 0.0, 0.38236427307128906, 0.0]","Feature_Vector: [1.0, 0.0, 0.0, 0.2775631546974182, 0.0]",2,tweet_2129_1080043
8678,6797,"Feature_Vector: [1.0, 1.0, 0.0, 0.33496904373168945, 0.0]","Feature_Vector: [0.0, 0.0, 1.0, 0.5248544812202454, 0.0]",1,tweet_6797_739261
5324,3632,"Feature_Vector: [1.0, 1.0, 0.0, 0.24432046711444855, 1.0]","Feature_Vector: [1.0, 0.0, 1.0, 1.0, 0.0]",1,tweet_3632_484524
4145,3156,"Feature_Vector: [1.0, 1.0, 0.0, 0.32681572437286377, 0.0]","Feature_Vector: [1.0, 1.0, 0.0, 0.33715879917144775, 0.0]",1,tweet_3156_438731
4030,4921,"Feature_Vector: [1.0, 1.0, 0.0, 0.12395750731229782, 0.0]","Feature_Vector: [1.0, 1.0, 0.0, 0.6478599309921265, 0.0]",1,tweet_4921_839813
1064,1064,"Feature_Vector: [1.0, 0.0, 1.0, 0.4930633306503296, 0.0]","Feature_Vector: [1.0, 0.0, 1.0, 0.4930633306503296, 0.0]",1,tweet_1064_770179
8122,8133,"Feature_Vector: [1.0, 1.0, 0.0, 0.5808407068252563, 0.0]","Feature_Vector: [1.0, 1.0, 0.0, 0.30752304196357727, 0.0]",2,tweet_8133_1378356
4858,7568,"Feature_Vector: [1.0, 1.0, 0.0, 0.43587809801101685, 0.0]","Feature_Vector: [1.0, 1.0, 0.0, 0.38942164182662964, 0.0]",1,tweet_7568_135917
7056,5091,"Feature_Vector: [1.0, 1.0, 0.0, 0.2957157492637634, 0.0]","Feature_Vector: [1.0, 1.0, 0.0, 0.3388513922691345, 0.0]",1,tweet_5091_198153
9354,2062,"Feature_Vector: [1.0, 0.0, 0.0, 0.3468688726425171, 0.0]","Feature_Vector: [1.0, 1.0, 0.0, 0.3675307333469391, 0.0]",1,tweet_2062_622480
3937,6979,"Feature_Vector: [1.0, 1.0, 0.0, 0.41246598958969116, 0.0]","Feature_Vector: [1.0, 1.0, 0.0, 0.3456503450870514, 0.0]",1,tweet_6979_108890
6958,7551,"Feature_Vector: [0.0, 0.0, 0.0, 0.2887341380119324, 0.0]","Feature_Vector: [1.0, 1.0, 0.0, 0.3247130513191223, 0.0]",2,tweet_7551_1367951
9953,9953,"Feature_Vector: [1.0, 1.0, 0.0, 0.13527844846248627, 0.0]","Feature_Vector: [1.0, 1.0, 0.0, 0.13527844846248627, 0.0]",1,tweet_9953_960156
2878,2878,"Feature_Vector: [1.0, 0.0, 0.0, 0.4414425492286682, 0.0]","Feature_Vector: [1.0, 0.0, 0.0, 0.4414425492286682, 0.0]",1,tweet_2878_809107
3217,6230,"Feature_Vector: [1.0, 1.0, 0.0, 0.3578931391239166, 0.0]","Feature_Vector: [1.0, 1.0, 0.0, 0.3288428485393524, 0.0]",3,tweet_6230_1133927
2186,399,"Feature_Vector: [1.0, 1.0, 0.0, 0.33406877517700195, 0.0]","Feature_Vector: [1.0, 1.0, 0.0, 0.36836040019989014, 0.0]",1,tweet_399_367356
3167,3549,"Feature_Vector: [1.0, 1.0, 0.0, 0.42156481742858887, 0.0]","Feature_Vector: [1.0, 1.0, 0.0, 0.3663483262062073, 0.0]",1,tweet_3549_87865
2709,2709,"Feature_Vector: [1.0, 1.0, 0.0, 0.43965578079223633, 0.0]","Feature_Vector: [1.0, 1.0, 0.0, 0.43965578079223633, 0.0]",1,tweet_2709_807053
1861,7315,"Feature_Vector: [1.0, 1.0, 0.0, 0.29137393832206726, 0.0]","Feature_Vector: [1.0, 1.0, 0.0, 0.22291137278079987, 0.0]",2,tweet_7315_1102641
8314,9258,"Feature_Vector: [1.0, 1.0, 0.0, 0.39234939217567444, 0.0]","Feature_Vector: [1.0, 1.0, 0.0, 0.44137483835220337, 0.0]",1,tweet_9258_586727
9525,5944,"Feature_Vector: [1.0, 1.0, 1.0, 0.5232909321784973, 0.0]","Feature_Vector: [1.0, 1.0, 1.0, 0.6163211464881897, 0.0]",1,tweet_5944_1041249
10075,461,"Feature_Vector: [1.0, 1.0, 0.0, 0.36282673478126526, 0.0]","Feature_Vector: [1.0, 1.0, 0.0, 0.24432046711444855, 0.0]",1,tweet_461_283045
9251,7770,"Feature_Vector: [1.0, 1.0, 0.0, 0.20216599106788635, 0.0]","Feature_Vector: [1.0, 1.0, 0.0, 0.43354088068008423, 0.0]",1,tweet_7770_744302
8678,7787,"Feature_Vector: [1.0, 1.0, 0.0, 0.33496904373168945, 0.0]","Feature_Vector: [1.0, 1.0, 0.0, 0.45477497577667236, 0.0]",1,tweet_7787_240583
7444,1729,"Feature_Vector: [1.0, 1.0, 0.0, 0.36711129546165466, 0.0]","Feature_Vector: [1.0, 1.0, 1.0, 0.5922421813011169, 0.0]",1,tweet_1729_557458
5176,4826,"Feature_Vector: [1.0, 1.0, 0.0, 0.4202014207839966, 0.0]","Feature_Vector: [1.0, 1.0, 0.0, 0.4472035765647888, 0.0]",1,tweet_4826_478501
4499,1304,"Feature_Vector: [1.0, 1.0, 0.0, 0.3763345777988434, 0.0]","Feature_Vector: [1.0, 1.0, 0.0, 0.23003628849983215, 1.0]",1,tweet_1304_124749
3047,4342,"Feature_Vector: [1.0, 1.0, 0.0, 0.3892512917518616, 0.0]","Feature_Vector: [1.0, 1.0, 0.0, 0.5981504917144775, 0.0]",1,tweet_4342_813300
859,4807,"Feature_Vector: [1.0, 0.0, 0.0, 0.43172213435173035, 0.0]","Feature_Vector: [1.0, 1.0, 0.0, 0.296604186296463, 0.0]",3,tweet_4807_1072693
5809,2639,"Feature_Vector: [1.0, 1.0, 0.0, 0.36050859093666077, 0.0]","Feature_Vector: [0.0, 0.0, 1.0, 0.527141273021698, 0.0]",1,tweet_2639_874710
5871,5871,"Feature_Vector: [1.0, 1.0, 0.0, 0.486001580953598, 0.0]","Feature_Vector: [1.0, 1.0, 0.0, 0.486001580953598, 0.0]",1,tweet_5871_876354
4462,8070,"Feature_Vector: [1.0, 1.0, 0.0, 0.37488609552383423, 0.0]","Feature_Vector: [1.0, 1.0, 0.0, 0.23720981180667877, 0.0]",1,tweet_8070_123187
4630,9739,"Feature_Vector: [1.0, 1.0, 0.0, 0.3704620599746704, 0.0]","Feature_Vector: [1.0, 1.0, 0.0, 0.5267648696899414, 0.0]",1,tweet_9739_1008389
5924,8444,"Feature_Vector: [1.0, 1.0, 0.0, 0.13527844846248627, 0.0]","Feature_Vector: [1.0, 1.0, 0.0, 0.49927398562431335, 0.0]",3,tweet_8444_1187109
6635,901,"Feature_Vector: [1.0, 1.0, 0.0, 0.327669233083725, 0.0]","Feature_Vector: [1.0, 1.0, 0.0, 0.48563191294670105, 0.0]",1,tweet_901_1021574
9864,7355,"Feature_Vector: [1.0, 1.0, 0.0, 0.3357084393501282, 0.0]","Feature_Vector: [1.0, 1.0, 0.0, 0.13527844846248627, 0.0]",1,tweet_7355_276479
2494,4208,"Feature_Vector: [1.0, 1.0, 0.0, 0.3152073919773102, 0.0]","Feature_Vector: [1.0, 1.0, 0.0, 0.3217816948890686, 0.0]",3,tweet_4208_1117458
1199,7162,"Feature_Vector: [1.0, 1.0, 0.0, 0.35346007347106934, 0.0]","Feature_Vector: [1.0, 1.0, 0.0, 0.29511559009552, 0.0]",1,tweet_7162_666558
4973,8296,"Feature_Vector: [1.0, 1.0, 0.0, 0.3342198133468628, 0.0]","Feature_Vector: [1.0, 0.0, 1.0, 0.8148944973945618, 0.0]",1,tweet_8296_704465
2417,9158,"Feature_Vector: [1.0, 1.0, 0.0, 0.2811526358127594, 0.0]","Feature_Vector: [1.0, 0.0, 1.0, 0.8605621457099915, 0.0]",2,tweet_9158_1289056
882,6903,"Feature_Vector: [1.0, 1.0, 0.0, 0.395845502614975, 0.0]","Feature_Vector: [1.0, 1.0, 0.0, 0.5009790658950806, 0.0]",1,tweet_6903_317577
5871,5871,"Feature_Vector: [1.0, 1.0, 0.0, 0.486001580953598, 0.0]","Feature_Vector: [1.0, 1.0, 0.0, 0.486001580953598, 0.0]",1,tweet_5871_877497
1826,2919,"Feature_Vector: [1.0, 0.0, 0.0, 0.3126131296157837, 0.0]","Feature_Vector: [1.0, 1.0, 0.0, 0.18996766209602356, 0.0]",3,tweet_2919_1274046
5691,5945,"Feature_Vector: [1.0, 1.0, 0.0, 0.33600151538848877, 0.0]","Feature_Vector: [1.0, 1.0, 0.0, 0.3186896741390228, 0.0]",2,tweet_5945_1351466
6408,7129,"Feature_Vector: [1.0, 1.0, 0.0, 0.48257309198379517, 0.0]","Feature_Vector: [1.0, 1.0, 0.0, 0.48933982849121094, 0.0]",1,tweet_7129_522852
2280,6039,"Feature_Vector: [1.0, 1.0, 0.0, 0.4252278506755829, 0.0]","Feature_Vector: [1.0, 1.0, 0.0, 0.4729684293270111, 0.0]",1,tweet_6039_370910
7709,652,"Feature_Vector: [1.0, 1.0, 0.0, 0.439352422952652, 0.0]","Feature_Vector: [1.0, 0.0, 1.0, 0.6229747533798218, 0.0]",1,tweet_652_566016
4785,4785,"Feature_Vector: [0.0, 0.0, 0.0, 0.42150065302848816, 0.0]","Feature_Vector: [0.0, 0.0, 0.0, 0.42150065302848816, 0.0]",1,tweet_4785_854771
1751,4368,"Feature_Vector: [0.0, 0.0, 0.0, 0.3432600498199463, 0.0]","Feature_Vector: [1.0, 0.0, 0.0, 0.424835741519928, 0.0]",1,tweet_4368_351565
1362,3084,"Feature_Vector: [1.0, 1.0, 0.0, 0.15983712673187256, 0.0]","Feature_Vector: [1.0, 1.0, 0.0, 0.24996672570705414, 0.0]",3,tweet_3084_1261239
3324,8771,"Feature_Vector: [1.0, 1.0, 0.0, 0.3143558204174042, 0.0]","Feature_Vector: [1.0, 1.0, 0.0, 0.3638172745704651, 0.0]",1,tweet_8771_92647
266,7075,"Feature_Vector: [1.0, 1.0, 0.0, 0.3602238893508911, 0.0]","Feature_Vector: [1.0, 1.0, 0.0, 0.31562840938568115, 0.0]",3,tweet_7075_1056137
984,8940,"Feature_Vector: [1.0, 1.0, 0.0, 0.18159447610378265, 0.0]","Feature_Vector: [1.0, 1.0, 1.0, 0.5120919942855835, 0.0]",1,tweet_8940_664745
81,283,"Feature_Vector: [0.0, 0.0, 0.0, 0.3936793804168701, 0.0]","Feature_Vector: [1.0, 1.0, 0.0, 0.43742451071739197, 0.0]",1,tweet_283_291303
898,898,"Feature_Vector: [1.0, 0.0, 1.0, 0.5635563731193542, 0.0]","Feature_Vector: [1.0, 0.0, 1.0, 0.5635563731193542, 0.0]",1,tweet_898_768203
5655,9342,"Feature_Vector: [1.0, 1.0, 0.0, 0.18159447610378265, 0.0]","Feature_Vector: [1.0, 1.0, 0.0, 0.34698930382728577, 0.0]",1,tweet_9342_157646
2332,2332,"Feature_Vector: [1.0, 1.0, 1.0, 0.6547492742538452, 0.0]","Feature_Vector: [1.0, 1.0, 1.0, 0.6547492742538452, 0.0]",1,tweet_2332_991362
5955,9456,"Feature_Vector: [1.0, 1.0, 0.0, 0.42804187536239624, 0.0]","Feature_Vector: [1.0, 1.0, 0.0, 0.36591997742652893, 0.0]",1,tweet_9456_167233
2183,5973,"Feature_Vector: [1.0, 1.0, 0.0, 0.3587785065174103, 0.0]","Feature_Vector: [1.0, 1.0, 0.0, 0.2791867256164551, 0.0]",1,tweet_5973_366403
1522,1522,"Feature_Vector: [1.0, 1.0, 0.0, 0.37912455201148987, 0.0]","Feature_Vector: [1.0, 1.0, 0.0, 0.37912455201148987, 0.0]",1,tweet_1522_984235
1267,4728,"Feature_Vector: [1.0, 1.0, 0.0, 0.21839572489261627, 0.0]","Feature_Vector: [1.0, 0.0, 1.0, 0.5780017971992493, 0.0]",1,tweet_4728_979515
1333,3171,"Feature_Vector: [1.0, 1.0, 0.0, 0.30504825711250305, 0.0]","Feature_Vector: [1.0, 1.0, 0.0, 0.42804187536239624, 0.0]",1,tweet_3171_34545
9,9,"Feature_Vector: [1.0, 1.0, 0.0, 0.3021944463253021, 0.0]","Feature_Vector: [1.0, 1.0, 0.0, 0.3021944463253021, 0.0]",1,tweet_9_754793
3291,5534,"Feature_Vector: [1.0, 1.0, 0.0, 0.28267747163772583, 0.0]","Feature_Vector: [0.0, 0.0, 0.0, 0.6296940445899963, 0.0]",1,tweet_5534_409479
8596,9693,"Feature_Vector: [1.0, 1.0, 0.0, 0.28305232524871826, 0.0]","Feature_Vector: [0.0, 0.0, 0.0, 0.35483741760253906, 0.0]",3,tweet_9693_1381236
2934,5630,"Feature_Vector: [1.0, 0.0, 1.0, 0.6022618412971497, 0.0]","Feature_Vector: [1.0, 1.0, 0.0, 0.3342198133468628, 0.0]",3,tweet_5630_1299740
9676,7369,"Feature_Vector: [1.0, 1.0, 0.0, 0.33829280734062195, 0.0]","Feature_Vector: [1.0, 0.0, 0.0, 0.4846026599407196, 0.0]",1,tweet_7369_748974
3920,9921,"Feature_Vector: [1.0, 1.0, 0.0, 0.33222395181655884, 0.0]","Feature_Vector: [1.0, 0.0, 0.0, 0.5143225193023682, 0.0]",3,tweet_9921_1319459
8739,4702,"Feature_Vector: [1.0, 1.0, 0.0, 0.3432600498199463, 0.0]","Feature_Vector: [1.0, 1.0, 0.0, 0.36479073762893677, 0.0]",1,tweet_4702_601538
777,1839,"Feature_Vector: [0.0, 0.0, 0.0, 0.36050859093666077, 0.0]","Feature_Vector: [1.0, 1.0, 0.0, 0.33981576561927795, 0.0]",3,tweet_1839_1243394
8149,3298,"Feature_Vector: [0.0, 0.0, 0.0, 0.37898826599121094, 0.0]","Feature_Vector: [1.0, 1.0, 0.0, 0.3630985915660858, 0.0]",1,tweet_3298_228189
4830,4830,"Feature_Vector: [1.0, 0.0, 1.0, 0.7055684924125671, 0.0]","Feature_Vector: [1.0, 0.0, 1.0, 0.7055684924125671, 0.0]",1,tweet_4830_855801
3714,6985,"Feature_Vector: [1.0, 1.0, 1.0, 0.5966011881828308, 0.0]","Feature_Vector: [1.0, 1.0, 0.0, 0.25631222128868103, 0.0]",1,tweet_6985_104277
7974,1213,"Feature_Vector: [1.0, 1.0, 0.0, 0.3643503487110138, 0.0]","Feature_Vector: [1.0, 1.0, 0.0, 0.3689339756965637, 0.0]",1,tweet_1213_574898
7567,8640,"Feature_Vector: [1.0, 1.0, 0.0, 0.3227142095565796, 0.0]","Feature_Vector: [1.0, 1.0, 0.0, 0.15983712673187256, 0.0]",3,tweet_8640_1373907
42,2893,"Feature_Vector: [1.0, 1.0, 0.0, 0.2380456179380417, 0.0]","Feature_Vector: [1.0, 1.0, 0.0, 0.6793380975723267, 0.0]",1,tweet_2893_656391
9816,5972,"Feature_Vector: [1.0, 1.0, 0.0, 0.47644394636154175, 0.0]","Feature_Vector: [0.0, 0.0, 1.0, 0.7603167295455933, 0.0]",1,tweet_5972_643565
6187,7009,"Feature_Vector: [1.0, 1.0, 0.0, 0.3266434669494629, 0.0]","Feature_Vector: [1.0, 1.0, 0.0, 0.3254226744174957, 0.0]",2,tweet_7009_1357778
1471,3201,"Feature_Vector: [1.0, 1.0, 0.0, 0.3506001830101013, 0.0]","Feature_Vector: [1.0, 0.0, 0.0, 0.42647626996040344, 0.0]",3,tweet_3201_1264186
8787,10103,"Feature_Vector: [1.0, 0.0, 0.0, 0.3380114436149597, 0.0]","Feature_Vector: [1.0, 0.0, 0.0, 0.37148424983024597, 0.0]",3,tweet_10103_1382064
2161,1681,"Feature_Vector: [1.0, 1.0, 0.0, 0.3854280412197113, 0.0]","Feature_Vector: [1.0, 1.0, 0.0, 0.4343392848968506, 0.0]",1,tweet_1681_365764
420,485,"Feature_Vector: [1.0, 1.0, 0.0, 0.24791501462459564, 0.0]","Feature_Vector: [1.0, 1.0, 0.0, 0.35378092527389526, 1.0]",3,tweet_485_1059058
4724,9937,"Feature_Vector: [1.0, 1.0, 0.0, 0.3990897834300995, 0.0]","Feature_Vector: [1.0, 0.0, 0.0, 0.2538589835166931, 0.0]",3,tweet_9937_1334982
9166,1807,"Feature_Vector: [1.0, 1.0, 0.0, 0.34527960419654846, 0.0]","Feature_Vector: [1.0, 1.0, 0.0, 0.234625443816185, 0.0]",1,tweet_1807_615538
805,8388,"Feature_Vector: [1.0, 1.0, 0.0, 0.33452069759368896, 0.0]","Feature_Vector: [1.0, 1.0, 0.0, 0.2799813449382782, 0.0]",3,tweet_8388_1070842
1004,2065,"Feature_Vector: [1.0, 1.0, 0.0, 0.3126131296157837, 0.0]","Feature_Vector: [0.0, 0.0, 0.0, 0.42540788650512695, 0.0]",3,tweet_2065_1250394
3046,7050,"Feature_Vector: [1.0, 1.0, 0.0, 0.3029871881008148, 0.0]","Feature_Vector: [1.0, 1.0, 0.0, 0.4319894015789032, 0.0]",2,tweet_7050_1302159
2622,5871,"Feature_Vector: [1.0, 1.0, 0.0, 0.4045492112636566, 0.0]","Feature_Vector: [1.0, 1.0, 0.0, 0.486001580953598, 0.0]",1,tweet_5871_680853
215,5417,"Feature_Vector: [1.0, 1.0, 0.0, 0.41543883085250854, 0.0]","Feature_Vector: [1.0, 0.0, 1.0, 0.8675563335418701, 0.0]",1,tweet_5417_296099
2753,6589,"Feature_Vector: [1.0, 1.0, 0.0, 0.39394164085388184, 0.0]","Feature_Vector: [0.0, 0.0, 0.0, 0.43632426857948303, 0.0]",1,tweet_6589_389486
7087,7087,"Feature_Vector: [1.0, 1.0, 1.0, 0.6930900812149048, 0.0]","Feature_Vector: [1.0, 1.0, 1.0, 0.6930900812149048, 0.0]",1,tweet_7087_902956
9382,1909,"Feature_Vector: [0.0, 0.0, 0.0, 0.3510497212409973, 0.0]","Feature_Vector: [1.0, 0.0, 1.0, 0.4521327018737793, 0.0]",1,tweet_1909_623013
2806,1166,"Feature_Vector: [0.0, 0.0, 0.0, 0.5182469487190247, 0.0]","Feature_Vector: [0.0, 0.0, 0.0, 0.5013701319694519, 0.0]",1,tweet_1166_390685
5871,8394,"Feature_Vector: [1.0, 1.0, 0.0, 0.486001580953598, 0.0]","Feature_Vector: [1.0, 1.0, 0.0, 0.3523772060871124, 0.0]",1,tweet_8394_163694
6949,6949,"Feature_Vector: [1.0, 0.0, 0.0, 0.4407391846179962, 0.0]","Feature_Vector: [1.0, 0.0, 0.0, 0.4407391846179962, 0.0]",1,tweet_6949_898881
1333,4921,"Feature_Vector: [1.0, 1.0, 0.0, 0.30504825711250305, 0.0]","Feature_Vector: [1.0, 1.0, 0.0, 0.6478599309921265, 0.0]",1,tweet_4921_333597
8678,9619,"Feature_Vector: [1.0, 1.0, 0.0, 0.33496904373168945, 0.0]","Feature_Vector: [1.0, 1.0, 0.0, 0.4619846045970917, 0.0]",1,tweet_9619_599226
1736,4098,"Feature_Vector: [0.0, 0.0, 0.0, 0.32834285497665405, 0.0]","Feature_Vector: [1.0, 1.0, 0.0, 0.29006949067115784, 0.0]",3,tweet_4098_1271642
560,3171,"Feature_Vector: [1.0, 1.0, 0.0, 0.32159334421157837, 0.0]","Feature_Vector: [1.0, 1.0, 0.0, 0.42804187536239624, 0.0]",1,tweet_3171_14300
4584,7955,"Feature_Vector: [1.0, 1.0, 0.0, 0.3162540793418884, 0.0]","Feature_Vector: [0.0, 0.0, 0.0, 0.5409671664237976, 0.0]",1,tweet_7955_851434
1214,3632,"Feature_Vector: [0.0, 0.0, 0.0, 0.3423532247543335, 0.0]","Feature_Vector: [1.0, 0.0, 1.0, 1.0, 0.0]",1,tweet_3632_666696
9811,7207,"Feature_Vector: [1.0, 1.0, 0.0, 0.44920361042022705, 0.0]","Feature_Vector: [0.0, 0.0, 0.0, 0.508985161781311, 0.0]",1,tweet_7207_750321
9596,9596,"Feature_Vector: [1.0, 0.0, 0.0, 0.425107479095459, 0.0]","Feature_Vector: [1.0, 0.0, 0.0, 0.425107479095459, 0.0]",1,tweet_9596_954063
6853,9074,"Feature_Vector: [1.0, 1.0, 0.0, 0.44064778089523315, 0.0]","Feature_Vector: [1.0, 1.0, 0.0, 0.19894136488437653, 0.0]",1,tweet_9074_896075
9995,9301,"Feature_Vector: [1.0, 1.0, 0.0, 0.3554619550704956, 0.0]","Feature_Vector: [1.0, 1.0, 0.0, 0.5602076649665833, 0.0]",1,tweet_9301_1045369
2461,2183,"Feature_Vector: [1.0, 1.0, 0.0, 0.29233288764953613, 0.0]","Feature_Vector: [1.0, 1.0, 0.0, 0.3587785065174103, 0.0]",1,tweet_2183_67176
3487,9906,"Feature_Vector: [1.0, 1.0, 1.0, 0.6530749797821045, 0.0]","Feature_Vector: [1.0, 1.0, 0.0, 0.39508140087127686, 0.0]",1,tweet_9906_416336
1262,5289,"Feature_Vector: [1.0, 1.0, 0.0, 0.46034741401672363, 0.0]","Feature_Vector: [0.0, 0.0, 0.0, 0.3551505506038666, 0.0]",1,tweet_5289_32277
7796,6574,"Feature_Vector: [1.0, 1.0, 0.0, 0.442025750875473, 0.0]","Feature_Vector: [1.0, 1.0, 0.0, 0.47114694118499756, 0.0]",1,tweet_6574_568551
4152,8137,"Feature_Vector: [1.0, 1.0, 0.0, 0.3087208569049835, 0.0]","Feature_Vector: [1.0, 1.0, 0.0, 0.07820848375558853, 0.0]",3,tweet_8137_1323671
6726,6621,"Feature_Vector: [1.0, 1.0, 0.0, 0.33031678199768066, 0.0]","Feature_Vector: [1.0, 1.0, 0.0, 0.4823988080024719, 0.0]",1,tweet_6621_189331
4688,5114,"Feature_Vector: [1.0, 1.0, 0.0, 0.2270922064781189, 0.0]","Feature_Vector: [1.0, 1.0, 0.0, 0.3551505506038666, 0.0]",1,tweet_5114_459392
8263,2719,"Feature_Vector: [1.0, 1.0, 0.0, 0.40493813157081604, 0.0]","Feature_Vector: [1.0, 1.0, 0.0, 0.3128339350223541, 1.0]",1,tweet_2719_230252
3693,3200,"Feature_Vector: [1.0, 1.0, 0.0, 0.37347468733787537, 0.0]","Feature_Vector: [1.0, 1.0, 0.0, 0.34427887201309204, 0.0]",1,tweet_3200_691571
2908,2908,"Feature_Vector: [1.0, 1.0, 0.0, 0.4058777093887329, 0.0]","Feature_Vector: [1.0, 1.0, 0.0, 0.4058777093887329, 0.0]",1,tweet_2908_810206
5733,7685,"Feature_Vector: [1.0, 1.0, 0.0, 0.25259116291999817, 0.0]","Feature_Vector: [1.0, 1.0, 0.0, 0.45351484417915344, 0.0]",1,tweet_7685_495661
7653,8366,"Feature_Vector: [0.0, 0.0, 0.0, 0.3977850675582886, 0.0]","Feature_Vector: [0.0, 0.0, 1.0, 0.6133937239646912, 0.0]",1,tweet_8366_1029098
1576,3599,"Feature_Vector: [1.0, 0.0, 0.0, 0.4346199035644531, 0.0]","Feature_Vector: [1.0, 0.0, 0.0, 0.684264600276947, 0.0]",1,tweet_3599_345713
10126,9258,"Feature_Vector: [1.0, 1.0, 0.0, 0.4034103453159332, 0.0]","Feature_Vector: [1.0, 1.0, 0.0, 0.44137483835220337, 0.0]",1,tweet_9258_284218
7379,9383,"Feature_Vector: [1.0, 1.0, 0.0, 0.45657944679260254, 0.0]","Feature_Vector: [1.0, 1.0, 0.0, 0.3826846480369568, 0.0]",1,tweet_9383_206452
8781,6903,"Feature_Vector: [1.0, 1.0, 0.0, 0.37187254428863525, 0.0]","Feature_Vector: [1.0, 1.0, 0.0, 0.5009790658950806, 0.0]",1,tweet_6903_602911
1939,3535,"Feature_Vector: [0.0, 0.0, 0.0, 0.505036473274231, 0.0]","Feature_Vector: [1.0, 1.0, 0.0, 0.4987293779850006, 0.0]",2,tweet_3535_1277345
9738,5965,"Feature_Vector: [1.0, 1.0, 0.0, 0.45278191566467285, 0.0]","Feature_Vector: [1.0, 1.0, 0.0, 0.4354032874107361, 0.0]",1,tweet_5965_271216
6833,7669,"Feature_Vector: [0.0, 0.0, 0.0, 0.26309022307395935, 0.0]","Feature_Vector: [0.0, 0.0, 0.0, 0.36917802691459656, 0.0]",3,tweet_7669_1366775
5615,8540,"Feature_Vector: [0.0, 0.0, 0.0, 0.42846915125846863, 0.0]","Feature_Vector: [1.0, 1.0, 1.0, 0.6127685308456421, 0.0]",1,tweet_8540_870579
4120,7207,"Feature_Vector: [1.0, 1.0, 0.0, 0.37746718525886536, 0.0]","Feature_Vector: [0.0, 0.0, 0.0, 0.508985161781311, 0.0]",4,tweet_7207_1155117
1253,8857,"Feature_Vector: [1.0, 0.0, 0.0, 0.4935041069984436, 0.0]","Feature_Vector: [1.0, 0.0, 0.0, 0.3834461569786072, 0.0]",3,tweet_8857_1258563
2367,2367,"Feature_Vector: [1.0, 1.0, 0.0, 0.5344723463058472, 0.0]","Feature_Vector: [1.0, 1.0, 0.0, 0.5344723463058472, 0.0]",1,tweet_2367_801685
1803,1803,"Feature_Vector: [1.0, 1.0, 0.0, 0.3454034626483917, 0.0]","Feature_Vector: [1.0, 1.0, 0.0, 0.3454034626483917, 0.0]",1,tweet_1803_785092
3444,8530,"Feature_Vector: [1.0, 1.0, 0.0, 0.356079638004303, 0.0]","Feature_Vector: [1.0, 1.0, 0.0, 0.3493451774120331, 0.0]",3,tweet_8530_1138434
3938,6802,"Feature_Vector: [1.0, 1.0, 0.0, 0.36643362045288086, 0.0]","Feature_Vector: [1.0, 1.0, 0.0, 0.5759677886962891, 0.0]",1,tweet_6802_693897
1716,9827,"Feature_Vector: [1.0, 1.0, 0.0, 0.3727174401283264, 0.0]","Feature_Vector: [1.0, 1.0, 0.0, 0.2598029375076294, 0.0]",3,tweet_9827_1097990
1846,1846,"Feature_Vector: [1.0, 0.0, 0.0, 0.6440887451171875, 0.0]","Feature_Vector: [1.0, 0.0, 0.0, 0.6440887451171875, 0.0]",1,tweet_1846_986686
4879,7543,"Feature_Vector: [1.0, 1.0, 0.0, 0.3458961844444275, 0.0]","Feature_Vector: [1.0, 1.0, 0.0, 0.23191697895526886, 1.0]",3,tweet_7543_1170893
10088,3290,"Feature_Vector: [1.0, 1.0, 0.0, 0.38132673501968384, 0.0]","Feature_Vector: [1.0, 0.0, 0.0, 0.4445568025112152, 0.0]",1,tweet_3290_652675
6937,6937,"Feature_Vector: [1.0, 0.0, 0.0, 0.5574291944503784, 0.0]","Feature_Vector: [1.0, 0.0, 0.0, 0.5574291944503784, 0.0]",1,tweet_6937_898031
9923,5037,"Feature_Vector: [1.0, 1.0, 0.0, 0.3168729245662689, 0.0]","Feature_Vector: [1.0, 1.0, 0.0, 0.2666979134082794, 0.0]",1,tweet_5037_647357
1534,5108,"Feature_Vector: [1.0, 1.0, 0.0, 0.34169647097587585, 0.0]","Feature_Vector: [1.0, 1.0, 0.0, 0.3247130513191223, 0.0]",3,tweet_5108_1266080
6798,3680,"Feature_Vector: [1.0, 1.0, 0.0, 0.5117623209953308, 0.0]","Feature_Vector: [1.0, 1.0, 0.0, 0.3595539927482605, 0.0]",1,tweet_3680_535856
6421,2397,"Feature_Vector: [1.0, 1.0, 0.0, 0.407299667596817, 0.0]","Feature_Vector: [1.0, 1.0, 0.0, 0.30605122447013855, 0.0]",1,tweet_2397_523193
935,5345,"Feature_Vector: [1.0, 1.0, 0.0, 0.226075679063797, 1.0]","Feature_Vector: [1.0, 1.0, 0.0, 0.33658310770988464, 0.0]",2,tweet_5345_1075704
1740,8187,"Feature_Vector: [1.0, 1.0, 0.0, 0.21720798313617706, 0.0]","Feature_Vector: [1.0, 0.0, 0.0, 0.45443570613861084, 0.0]",3,tweet_8187_1271764
3381,3628,"Feature_Vector: [1.0, 1.0, 0.0, 0.4436534643173218, 0.0]","Feature_Vector: [1.0, 0.0, 0.0, 0.29233288764953613, 0.0]",3,tweet_3628_1309438
1857,8663,"Feature_Vector: [0.0, 0.0, 1.0, 0.4934772253036499, 0.0]","Feature_Vector: [1.0, 0.0, 1.0, 0.7080961465835571, 0.0]",1,tweet_8663_356732
8009,5049,"Feature_Vector: [1.0, 0.0, 0.0, 0.3380114436149597, 0.0]","Feature_Vector: [1.0, 1.0, 0.0, 0.5315135717391968, 0.0]",1,tweet_5049_223541
6619,9440,"Feature_Vector: [1.0, 1.0, 0.0, 0.3065461218357086, 0.0]","Feature_Vector: [1.0, 1.0, 0.0, 0.3178894519805908, 0.0]",1,tweet_9440_186296
7133,3688,"Feature_Vector: [1.0, 1.0, 0.0, 0.42413529753685, 0.0]","Feature_Vector: [1.0, 1.0, 0.0, 0.4045058488845825, 0.0]",1,tweet_3688_546792
4386,5067,"Feature_Vector: [1.0, 1.0, 0.0, 0.3761196732521057, 0.0]","Feature_Vector: [1.0, 1.0, 0.0, 0.40119946002960205, 0.0]",1,tweet_5067_120169
676,5985,"Feature_Vector: [1.0, 1.0, 0.0, 0.310125470161438, 0.0]","Feature_Vector: [1.0, 1.0, 0.0, 0.5068618059158325, 0.0]",3,tweet_5985_1240101
2449,2449,"Feature_Vector: [1.0, 0.0, 1.0, 0.4781516492366791, 0.0]","Feature_Vector: [1.0, 0.0, 1.0, 0.4781516492366791, 0.0]",1,tweet_2449_803356
9659,7496,"Feature_Vector: [1.0, 1.0, 0.0, 0.36609169840812683, 0.0]","Feature_Vector: [1.0, 1.0, 0.0, 0.36069756746292114, 0.0]",1,tweet_7496_269426
3639,3639,"Feature_Vector: [1.0, 1.0, 0.0, 0.3891374468803406, 0.0]","Feature_Vector: [1.0, 1.0, 0.0, 0.3891374468803406, 0.0]",1,tweet_3639_829646
505,5417,"Feature_Vector: [1.0, 0.0, 0.0, 0.35936111211776733, 0.0]","Feature_Vector: [1.0, 0.0, 1.0, 0.8675563335418701, 0.0]",1,tweet_5417_305029
2422,2422,"Feature_Vector: [1.0, 0.0, 0.0, 0.44938018918037415, 0.0]","Feature_Vector: [1.0, 0.0, 0.0, 0.44938018918037415, 0.0]",1,tweet_2422_992343
955,4565,"Feature_Vector: [1.0, 1.0, 0.0, 0.2880544364452362, 1.0]","Feature_Vector: [1.0, 1.0, 0.0, 0.33127841353416443, 0.0]",1,tweet_4565_320412
9469,7622,"Feature_Vector: [1.0, 1.0, 0.0, 0.4337221682071686, 0.0]","Feature_Vector: [1.0, 1.0, 0.0, 0.4539681077003479, 0.0]",1,tweet_7622_262038
1212,2846,"Feature_Vector: [1.0, 1.0, 0.0, 0.25808456540107727, 0.0]","Feature_Vector: [1.0, 1.0, 0.0, 0.33284562826156616, 0.0]",3,tweet_2846_1082010
1401,1401,"Feature_Vector: [1.0, 1.0, 0.0, 0.3121688961982727, 0.0]","Feature_Vector: [1.0, 1.0, 0.0, 0.3121688961982727, 0.0]",1,tweet_1401_776911
8812,9282,"Feature_Vector: [1.0, 1.0, 0.0, 0.21475474536418915, 0.0]","Feature_Vector: [1.0, 1.0, 0.0, 0.35441717505455017, 0.0]",3,tweet_9282_1213004
1333,1333,"Feature_Vector: [1.0, 1.0, 0.0, 0.30504825711250305, 0.0]","Feature_Vector: [1.0, 1.0, 0.0, 0.30504825711250305, 0.0]",1,tweet_1333_981399
6893,6893,"Feature_Vector: [0.0, 0.0, 1.0, 0.4468768835067749, 0.0]","Feature_Vector: [0.0, 0.0, 1.0, 0.4468768835067749, 0.0]",1,tweet_6893_896407
696,4640,"Feature_Vector: [1.0, 1.0, 0.0, 0.343771755695343, 0.0]","Feature_Vector: [1.0, 1.0, 0.0, 0.33643826842308044, 0.0]",1,tweet_4640_765948
544,8332,"Feature_Vector: [0.0, 0.0, 0.0, 0.41893884539604187, 0.0]","Feature_Vector: [1.0, 1.0, 0.0, 0.3077646493911743, 0.0]",2,tweet_8332_1235127
1252,9126,"Feature_Vector: [1.0, 0.0, 0.0, 0.2250405102968216, 0.0]","Feature_Vector: [0.0, 0.0, 1.0, 0.6790704727172852, 0.0]",1,tweet_9126_330760
9603,3071,"Feature_Vector: [1.0, 0.0, 0.0, 0.4881405830383301, 0.0]","Feature_Vector: [1.0, 1.0, 0.0, 0.3828759789466858, 0.0]",1,tweet_3071_267896
8771,1213,"Feature_Vector: [1.0, 1.0, 0.0, 0.3638172745704651, 0.0]","Feature_Vector: [1.0, 1.0, 0.0, 0.3689339756965637, 0.0]",1,tweet_1213_602332
5881,5881,"Feature_Vector: [1.0, 1.0, 0.0, 0.37939608097076416, 0.0]","Feature_Vector: [1.0, 1.0, 0.0, 0.37939608097076416, 0.0]",1,tweet_5881_1017798
3224,4399,"Feature_Vector: [1.0, 1.0, 0.0, 0.4357036352157593, 0.0]","Feature_Vector: [1.0, 1.0, 0.0, 0.46550697088241577, 0.0]",1,tweet_4399_817646
4470,1984,"Feature_Vector: [1.0, 1.0, 0.0, 0.25129419565200806, 0.0]","Feature_Vector: [0.0, 0.0, 1.0, 0.7161551713943481, 0.0]",1,tweet_1984_848576
8647,1123,"Feature_Vector: [1.0, 1.0, 0.0, 0.41529563069343567, 0.0]","Feature_Vector: [1.0, 1.0, 0.0, 0.4119739532470703, 0.0]",1,tweet_1123_239068
3549,4508,"Feature_Vector: [1.0, 1.0, 0.0, 0.3663483262062073, 0.0]","Feature_Vector: [1.0, 1.0, 0.0, 0.2929632365703583, 0.0]",1,tweet_4508_98732
6565,6565,"Feature_Vector: [1.0, 1.0, 0.0, 0.3254226744174957, 0.0]","Feature_Vector: [1.0, 1.0, 0.0, 0.3254226744174957, 0.0]",1,tweet_6565_892110
1234,2692,"Feature_Vector: [1.0, 1.0, 0.0, 0.4846760630607605, 0.0]","Feature_Vector: [1.0, 1.0, 0.0, 0.4325993061065674, 0.0]",1,tweet_2692_666953
5432,6183,"Feature_Vector: [1.0, 1.0, 0.0, 0.3225289285182953, 0.0]","Feature_Vector: [1.0, 1.0, 0.0, 0.44742706418037415, 0.0]",3,tweet_6183_1180335
6859,9961,"Feature_Vector: [1.0, 1.0, 0.0, 0.33406877517700195, 0.0]","Feature_Vector: [1.0, 0.0, 0.0, 0.41646620631217957, 0.0]",1,tweet_9961_722560
3156,7779,"Feature_Vector: [1.0, 1.0, 0.0, 0.33715879917144775, 0.0]","Feature_Vector: [1.0, 1.0, 0.0, 0.37539729475975037, 0.0]",3,tweet_7779_1132614
10193,1417,"Feature_Vector: [0.0, 0.0, 0.0, 0.47165074944496155, 0.0]","Feature_Vector: [1.0, 1.0, 0.0, 0.21839572489261627, 0.0]",1,tweet_1417_286537
1858,6260,"Feature_Vector: [0.0, 0.0, 0.0, 0.443956196308136, 0.0]","Feature_Vector: [1.0, 1.0, 0.0, 0.3496902287006378, 0.0]",2,tweet_6260_1275293
4043,4043,"Feature_Vector: [1.0, 1.0, 0.0, 0.3708574175834656, 0.0]","Feature_Vector: [1.0, 1.0, 0.0, 0.3708574175834656, 0.0]",1,tweet_4043_840067
6087,5972,"Feature_Vector: [1.0, 1.0, 0.0, 0.2980545461177826, 0.0]","Feature_Vector: [0.0, 0.0, 1.0, 0.7603167295455933, 0.0]",1,tweet_5972_511526
3354,1435,"Feature_Vector: [1.0, 1.0, 0.0, 0.39059993624687195, 0.0]","Feature_Vector: [0.0, 0.0, 0.0, 0.44878944754600525, 0.0]",1,tweet_1435_412910
2287,8552,"Feature_Vector: [0.0, 0.0, 0.0, 0.5511510968208313, 0.0]","Feature_Vector: [0.0, 0.0, 0.0, 0.24281595647335052, 0.0]",2,tweet_8552_1286149
179,3533,"Feature_Vector: [1.0, 0.0, 0.0, 0.36479073762893677, 0.0]","Feature_Vector: [1.0, 0.0, 0.0, 0.3677809238433838, 0.0]",3,tweet_3533_1223186
4673,3487,"Feature_Vector: [1.0, 1.0, 0.0, 0.31947872042655945, 0.0]","Feature_Vector: [1.0, 1.0, 1.0, 0.6530749797821045, 0.0]",1,tweet_3487_853390
9526,1533,"Feature_Vector: [0.0, 0.0, 0.0, 0.4491249620914459, 0.0]","Feature_Vector: [1.0, 1.0, 0.0, 0.35346007347106934, 0.0]",1,tweet_1533_629842
6468,7164,"Feature_Vector: [0.0, 0.0, 0.0, 0.36769765615463257, 0.0]","Feature_Vector: [1.0, 1.0, 0.0, 0.4096059799194336, 0.0]",1,tweet_7164_182819
4457,4457,"Feature_Vector: [1.0, 1.0, 0.0, 0.4762009084224701, 0.0]","Feature_Vector: [1.0, 1.0, 0.0, 0.4762009084224701, 0.0]",1,tweet_4457_848249
3217,9404,"Feature_Vector: [1.0, 1.0, 0.0, 0.3578931391239166, 0.0]","Feature_Vector: [1.0, 0.0, 0.0, 0.43436485528945923, 0.0]",1,tweet_9404_89112
2040,9171,"Feature_Vector: [1.0, 1.0, 0.0, 0.26517993211746216, 0.0]","Feature_Vector: [1.0, 1.0, 0.0, 0.44777077436447144, 0.0]",3,tweet_9171_1105525
9483,5297,"Feature_Vector: [1.0, 1.0, 0.0, 0.3810643255710602, 1.0]","Feature_Vector: [1.0, 0.0, 1.0, 0.6814850568771362, 0.0]",1,tweet_5297_627306
2302,2302,"Feature_Vector: [1.0, 1.0, 0.0, 0.5559972524642944, 0.0]","Feature_Vector: [1.0, 1.0, 0.0, 0.5559972524642944, 0.0]",1,tweet_2302_797160
3688,7701,"Feature_Vector: [1.0, 1.0, 0.0, 0.4045058488845825, 0.0]","Feature_Vector: [1.0, 1.0, 0.0, 0.37347468733787537, 0.0]",3,tweet_7701_1144643
8777,8777,"Feature_Vector: [1.0, 0.0, 0.0, 0.5656849145889282, 0.0]","Feature_Vector: [1.0, 0.0, 0.0, 0.5656849145889282, 0.0]",1,tweet_8777_935999
9383,1494,"Feature_Vector: [1.0, 1.0, 0.0, 0.3826846480369568, 0.0]","Feature_Vector: [0.0, 0.0, 1.0, 0.606764554977417, 0.0]",1,tweet_1494_623257
9806,6686,"Feature_Vector: [1.0, 1.0, 1.0, 0.48038873076438904, 0.0]","Feature_Vector: [1.0, 1.0, 1.0, 0.606995165348053, 0.0]",1,tweet_6686_750308
10150,1494,"Feature_Vector: [1.0, 1.0, 0.0, 0.45826107263565063, 0.0]","Feature_Vector: [0.0, 0.0, 1.0, 0.606764554977417, 0.0]",1,tweet_1494_1046433
2407,7315,"Feature_Vector: [1.0, 1.0, 0.0, 0.31149595975875854, 1.0]","Feature_Vector: [1.0, 1.0, 0.0, 0.22291137278079987, 0.0]",2,tweet_7315_1115514
7055,9258,"Feature_Vector: [1.0, 1.0, 0.0, 0.3675307333469391, 0.0]","Feature_Vector: [1.0, 1.0, 0.0, 0.44137483835220337, 0.0]",3,tweet_9258_1200843
3487,5881,"Feature_Vector: [1.0, 1.0, 1.0, 0.6530749797821045, 0.0]","Feature_Vector: [1.0, 1.0, 0.0, 0.37939608097076416, 0.0]",1,tweet_5881_1000260
2159,3082,"Feature_Vector: [1.0, 1.0, 0.0, 0.25570884346961975, 0.0]","Feature_Vector: [1.0, 0.0, 1.0, 0.5919924974441528, 0.0]",1,tweet_3082_988809
4633,6303,"Feature_Vector: [1.0, 1.0, 0.0, 0.46397024393081665, 0.0]","Feature_Vector: [1.0, 1.0, 0.0, 0.45841148495674133, 0.0]",1,tweet_6303_128976
1446,6204,"Feature_Vector: [1.0, 1.0, 0.0, 0.25631222128868103, 0.0]","Feature_Vector: [1.0, 1.0, 0.0, 0.4204309582710266, 0.0]",3,tweet_6204_1089815
6408,5525,"Feature_Vector: [1.0, 1.0, 0.0, 0.48257309198379517, 0.0]","Feature_Vector: [1.0, 1.0, 0.0, 0.44605177640914917, 0.0]",1,tweet_5525_180970
2907,9373,"Feature_Vector: [1.0, 1.0, 0.0, 0.43354088068008423, 0.0]","Feature_Vector: [1.0, 1.0, 1.0, 0.5133413672447205, 0.0]",3,tweet_9373_1126564
4267,876,"Feature_Vector: [1.0, 1.0, 0.0, 0.4675308167934418, 0.0]","Feature_Vector: [1.0, 0.0, 1.0, 0.5956830382347107, 0.0]",1,tweet_876_118181
5512,7618,"Feature_Vector: [1.0, 0.0, 0.0, 0.2754656970500946, 0.0]","Feature_Vector: [1.0, 0.0, 0.0, 0.44048747420310974, 0.0]",2,tweet_7618_1349009
7270,7270,"Feature_Vector: [0.0, 0.0, 0.0, 0.3735498785972595, 0.0]","Feature_Vector: [0.0, 0.0, 0.0, 0.3735498785972595, 0.0]",1,tweet_7270_726969
3386,3386,"Feature_Vector: [0.0, 0.0, 0.0, 0.3910974860191345, 0.0]","Feature_Vector: [0.0, 0.0, 0.0, 0.3910974860191345, 0.0]",1,tweet_3386_688324
8556,8556,"Feature_Vector: [1.0, 1.0, 1.0, 0.5624136924743652, 0.0]","Feature_Vector: [1.0, 1.0, 1.0, 0.5624136924743652, 0.0]",1,tweet_8556_1034338
5645,5645,"Feature_Vector: [1.0, 1.0, 1.0, 0.6468755006790161, 0.0]","Feature_Vector: [1.0, 1.0, 1.0, 0.6468755006790161, 0.0]",1,tweet_5645_710789
5413,6024,"Feature_Vector: [1.0, 1.0, 0.0, 0.3690154254436493, 0.0]","Feature_Vector: [1.0, 0.0, 0.0, 0.4011073708534241, 0.0]",3,tweet_6024_1179989
242,4895,"Feature_Vector: [1.0, 1.0, 0.0, 0.4232395589351654, 0.0]","Feature_Vector: [1.0, 1.0, 0.0, 0.4316149055957794, 0.0]",1,tweet_4895_6798
1616,6231,"Feature_Vector: [1.0, 1.0, 0.0, 0.27673348784446716, 0.0]","Feature_Vector: [1.0, 1.0, 0.0, 0.2890709638595581, 0.0]",3,tweet_6231_1094944
4343,7743,"Feature_Vector: [1.0, 0.0, 0.0, 0.6884174942970276, 0.0]","Feature_Vector: [1.0, 1.0, 0.0, 0.3462629020214081, 0.0]",3,tweet_7743_1327430
4482,6489,"Feature_Vector: [1.0, 1.0, 0.0, 0.12395750731229782, 0.0]","Feature_Vector: [1.0, 1.0, 0.0, 0.24127022922039032, 0.0]",2,tweet_6489_1330128
3195,4582,"Feature_Vector: [1.0, 1.0, 0.0, 0.41611403226852417, 0.0]","Feature_Vector: [1.0, 1.0, 0.0, 0.2457858771085739, 0.0]",3,tweet_4582_1305605
9912,7405,"Feature_Vector: [1.0, 1.0, 0.0, 0.37140628695487976, 0.0]","Feature_Vector: [1.0, 1.0, 0.0, 0.3886222243309021, 0.0]",1,tweet_7405_1044387
4439,1562,"Feature_Vector: [1.0, 1.0, 0.0, 0.385670930147171, 0.0]","Feature_Vector: [1.0, 1.0, 0.0, 0.40008413791656494, 0.0]",1,tweet_1562_121893
994,5503,"Feature_Vector: [1.0, 1.0, 0.0, 0.4938614070415497, 0.0]","Feature_Vector: [1.0, 1.0, 0.0, 0.3729456961154938, 0.0]",1,tweet_5503_25215
7629,3956,"Feature_Vector: [1.0, 1.0, 0.0, 0.3523772060871124, 0.0]","Feature_Vector: [1.0, 1.0, 0.0, 0.3400883078575134, 0.0]",1,tweet_3956_213910
4245,7979,"Feature_Vector: [1.0, 1.0, 0.0, 0.14470288157463074, 0.0]","Feature_Vector: [1.0, 1.0, 1.0, 0.6087115406990051, 0.0]",1,tweet_7979_696929
7441,921,"Feature_Vector: [1.0, 1.0, 0.0, 0.3819774389266968, 0.0]","Feature_Vector: [1.0, 1.0, 0.0, 0.3357084393501282, 0.0]",1,tweet_921_557320
805,6979,"Feature_Vector: [1.0, 1.0, 0.0, 0.33452069759368896, 0.0]","Feature_Vector: [1.0, 1.0, 0.0, 0.3456503450870514, 0.0]",1,tweet_6979_976012
9779,22,"Feature_Vector: [1.0, 1.0, 0.0, 0.3368716835975647, 0.0]","Feature_Vector: [1.0, 0.0, 1.0, 0.5629552006721497, 0.0]",1,tweet_22_1043421
7940,4570,"Feature_Vector: [1.0, 1.0, 0.0, 0.34710946679115295, 0.0]","Feature_Vector: [0.0, 0.0, 0.0, 0.48757606744766235, 0.0]",1,tweet_4570_1030692
7015,8660,"Feature_Vector: [1.0, 1.0, 0.0, 0.2195589691400528, 0.0]","Feature_Vector: [1.0, 1.0, 0.0, 0.5584698915481567, 0.0]",1,tweet_8660_542999
4049,678,"Feature_Vector: [1.0, 1.0, 0.0, 0.16306175291538239, 0.0]","Feature_Vector: [1.0, 1.0, 0.0, 0.21086247265338898, 0.0]",1,tweet_678_840585
7399,2185,"Feature_Vector: [1.0, 1.0, 0.0, 0.3126131296157837, 0.0]","Feature_Vector: [1.0, 1.0, 0.0, 0.36677345633506775, 0.0]",1,tweet_2185_206982
1872,9539,"Feature_Vector: [1.0, 1.0, 0.0, 0.36237064003944397, 0.0]","Feature_Vector: [1.0, 1.0, 0.0, 0.5386404991149902, 0.0]",1,tweet_9539_673792
3401,10140,"Feature_Vector: [1.0, 1.0, 0.0, 0.09079723805189133, 0.0]","Feature_Vector: [1.0, 1.0, 0.0, 0.14018723368644714, 0.0]",3,tweet_10140_1137426
8962,8962,"Feature_Vector: [1.0, 1.0, 0.0, 0.32783839106559753, 0.0]","Feature_Vector: [1.0, 1.0, 0.0, 0.32783839106559753, 0.0]",1,tweet_8962_939571
2108,4976,"Feature_Vector: [1.0, 0.0, 1.0, 0.5527974963188171, 0.0]","Feature_Vector: [1.0, 0.0, 1.0, 0.6902287602424622, 0.0]",1,tweet_4976_675574
4707,4707,"Feature_Vector: [0.0, 0.0, 1.0, 0.5377150177955627, 0.0]","Feature_Vector: [0.0, 0.0, 1.0, 0.5377150177955627, 0.0]",1,tweet_4707_854319
9526,2096,"Feature_Vector: [0.0, 0.0, 0.0, 0.4491249620914459, 0.0]","Feature_Vector: [1.0, 1.0, 0.0, 0.26092013716697693, 0.0]",1,tweet_2096_264175
5967,6782,"Feature_Vector: [1.0, 1.0, 0.0, 0.4404415786266327, 0.0]","Feature_Vector: [1.0, 1.0, 0.0, 0.2907254993915558, 0.0]",3,tweet_6782_1187839
6903,9811,"Feature_Vector: [1.0, 1.0, 0.0, 0.5009790658950806, 0.0]","Feature_Vector: [1.0, 1.0, 0.0, 0.44920361042022705, 0.0]",1,tweet_9811_897462
1110,6426,"Feature_Vector: [1.0, 1.0, 0.0, 0.45521828532218933, 0.0]","Feature_Vector: [1.0, 1.0, 0.0, 0.45854485034942627, 0.0]",1,tweet_6426_27740
940,940,"Feature_Vector: [1.0, 1.0, 0.0, 0.38844943046569824, 0.0]","Feature_Vector: [1.0, 1.0, 0.0, 0.38844943046569824, 0.0]",1,tweet_940_769075
2302,2302,"Feature_Vector: [1.0, 1.0, 0.0, 0.5559972524642944, 0.0]","Feature_Vector: [1.0, 1.0, 0.0, 0.5559972524642944, 0.0]",1,tweet_2302_799729
8314,9520,"Feature_Vector: [1.0, 1.0, 0.0, 0.39234939217567444, 0.0]","Feature_Vector: [1.0, 1.0, 0.0, 0.5417155027389526, 0.0]",1,tweet_9520_586864
5996,9660,"Feature_Vector: [1.0, 1.0, 0.0, 0.3780944049358368, 0.0]","Feature_Vector: [1.0, 1.0, 0.0, 0.35313737392425537, 0.0]",1,tweet_9660_507096
5194,2998,"Feature_Vector: [1.0, 1.0, 0.0, 0.3219694495201111, 0.0]","Feature_Vector: [1.0, 1.0, 0.0, 0.4467743933200836, 0.0]",1,tweet_2998_147051
8368,9880,"Feature_Vector: [1.0, 1.0, 0.0, 0.3468688726425171, 0.0]","Feature_Vector: [1.0, 1.0, 0.0, 0.34817954897880554, 0.0]",1,tweet_9880_588443
2323,4345,"Feature_Vector: [1.0, 1.0, 0.0, 0.10108299553394318, 0.0]","Feature_Vector: [1.0, 1.0, 0.0, 0.20668163895606995, 0.0]",3,tweet_4345_1112590
4869,7702,"Feature_Vector: [1.0, 1.0, 0.0, 0.41525977849960327, 0.0]","Feature_Vector: [1.0, 1.0, 0.0, 0.3485317826271057, 0.0]",1,tweet_7702_136547
9942,4976,"Feature_Vector: [1.0, 1.0, 0.0, 0.21475474536418915, 0.0]","Feature_Vector: [1.0, 0.0, 1.0, 0.6902287602424622, 0.0]",1,tweet_4976_1044815
2332,2332,"Feature_Vector: [1.0, 1.0, 1.0, 0.6547492742538452, 0.0]","Feature_Vector: [1.0, 1.0, 1.0, 0.6547492742538452, 0.0]",1,tweet_2332_991046
2412,3962,"Feature_Vector: [1.0, 0.0, 0.0, 0.4480321705341339, 0.0]","Feature_Vector: [1.0, 0.0, 1.0, 0.5622205138206482, 0.0]",1,tweet_3962_992157
3956,8392,"Feature_Vector: [1.0, 1.0, 0.0, 0.3400883078575134, 0.0]","Feature_Vector: [1.0, 1.0, 0.0, 0.23098446428775787, 0.0]",3,tweet_8392_1150991
6223,1988,"Feature_Vector: [0.0, 0.0, 0.0, 0.46509334444999695, 0.0]","Feature_Vector: [1.0, 0.0, 0.0, 0.3979315161705017, 0.0]",1,tweet_1988_175942
5871,5871,"Feature_Vector: [1.0, 1.0, 0.0, 0.486001580953598, 0.0]","Feature_Vector: [1.0, 1.0, 0.0, 0.486001580953598, 0.0]",1,tweet_5871_878503
108,3505,"Feature_Vector: [1.0, 1.0, 0.0, 0.37279361486434937, 0.0]","Feature_Vector: [0.0, 0.0, 0.0, 0.30703669786453247, 0.0]",2,tweet_3505_1221157
3440,4895,"Feature_Vector: [0.0, 0.0, 0.0, 0.35409992933273315, 0.0]","Feature_Vector: [1.0, 1.0, 0.0, 0.4316149055957794, 0.0]",1,tweet_4895_95184
6635,1528,"Feature_Vector: [1.0, 1.0, 0.0, 0.327669233083725, 0.0]","Feature_Vector: [1.0, 1.0, 0.0, 0.38681069016456604, 0.0]",1,tweet_1528_1021583
2470,1575,"Feature_Vector: [1.0, 1.0, 0.0, 0.4678705930709839, 0.0]","Feature_Vector: [1.0, 1.0, 0.0, 0.5012218356132507, 0.0]",1,tweet_1575_378425
5690,5534,"Feature_Vector: [1.0, 1.0, 0.0, 0.4323614239692688, 0.0]","Feature_Vector: [0.0, 0.0, 0.0, 0.6296940445899963, 0.0]",1,tweet_5534_711172
1374,8923,"Feature_Vector: [0.0, 0.0, 0.0, 0.433045893907547, 0.0]","Feature_Vector: [1.0, 1.0, 0.0, 0.7015022039413452, 0.0]",1,tweet_8923_35438
9423,3987,"Feature_Vector: [1.0, 1.0, 0.0, 0.37225815653800964, 0.0]","Feature_Vector: [1.0, 1.0, 0.0, 0.3029871881008148, 0.0]",1,tweet_3987_746039
9547,6421,"Feature_Vector: [1.0, 1.0, 0.0, 0.3969973921775818, 0.0]","Feature_Vector: [1.0, 1.0, 0.0, 0.407299667596817, 0.0]",1,tweet_6421_631951
1618,10130,"Feature_Vector: [1.0, 1.0, 0.0, 0.15277598798274994, 0.0]","Feature_Vector: [1.0, 1.0, 0.0, 0.23191697895526886, 0.0]",2,tweet_10130_1268360
1064,1064,"Feature_Vector: [1.0, 0.0, 1.0, 0.4930633306503296, 0.0]","Feature_Vector: [1.0, 0.0, 1.0, 0.4930633306503296, 0.0]",1,tweet_1064_978433
7059,8540,"Feature_Vector: [1.0, 1.0, 0.0, 0.5104306936264038, 0.0]","Feature_Vector: [1.0, 1.0, 1.0, 0.6127685308456421, 0.0]",1,tweet_8540_544958
7795,8366,"Feature_Vector: [1.0, 1.0, 0.0, 0.2758914530277252, 0.0]","Feature_Vector: [0.0, 0.0, 1.0, 0.6133937239646912, 0.0]",1,tweet_8366_568457
8000,3031,"Feature_Vector: [1.0, 1.0, 0.0, 0.4358532130718231, 0.0]","Feature_Vector: [1.0, 1.0, 0.0, 0.2714817523956299, 0.0]",1,tweet_3031_223368
6954,1152,"Feature_Vector: [1.0, 1.0, 0.0, 0.4348737895488739, 0.0]","Feature_Vector: [1.0, 1.0, 0.0, 0.5033385753631592, 0.0]",1,tweet_1152_723452
4902,1274,"Feature_Vector: [1.0, 1.0, 0.0, 0.33406877517700195, 0.0]","Feature_Vector: [1.0, 1.0, 0.0, 0.4834686815738678, 0.0]",1,tweet_1274_468052
1780,1986,"Feature_Vector: [1.0, 1.0, 0.0, 0.29105064272880554, 0.0]","Feature_Vector: [1.0, 1.0, 0.0, 0.226075679063797, 0.0]",2,tweet_1986_1272670
9525,9525,"Feature_Vector: [1.0, 1.0, 1.0, 0.5232909321784973, 0.0]","Feature_Vector: [1.0, 1.0, 1.0, 0.5232909321784973, 0.0]",1,tweet_9525_1041038
5034,4728,"Feature_Vector: [1.0, 1.0, 0.0, 0.1792914718389511, 1.0]","Feature_Vector: [1.0, 0.0, 1.0, 0.5780017971992493, 0.0]",1,tweet_4728_473704
4996,7460,"Feature_Vector: [1.0, 1.0, 0.0, 0.32506898045539856, 0.0]","Feature_Vector: [1.0, 1.0, 0.0, 0.32102444767951965, 0.0]",3,tweet_7460_1173080
4489,5945,"Feature_Vector: [1.0, 1.0, 0.0, 0.26961660385131836, 0.0]","Feature_Vector: [1.0, 1.0, 0.0, 0.3186896741390228, 0.0]",3,tweet_5945_1330206
7369,2695,"Feature_Vector: [1.0, 0.0, 0.0, 0.4846026599407196, 0.0]","Feature_Vector: [1.0, 1.0, 0.0, 0.3752517104148865, 0.0]",1,tweet_2695_205953
6561,9779,"Feature_Vector: [1.0, 1.0, 0.0, 0.2834247052669525, 0.0]","Feature_Vector: [1.0, 1.0, 0.0, 0.3368716835975647, 0.0]",3,tweet_9779_1195388
5913,6784,"Feature_Vector: [1.0, 1.0, 0.0, 0.39734333753585815, 0.0]","Feature_Vector: [1.0, 1.0, 0.0, 0.3675307333469391, 0.0]",1,tweet_6784_166135
6089,2340,"Feature_Vector: [1.0, 1.0, 0.0, 0.424471378326416, 0.0]","Feature_Vector: [1.0, 1.0, 0.0, 0.43840858340263367, 0.0]",1,tweet_2340_172208
1450,6303,"Feature_Vector: [1.0, 1.0, 0.0, 0.4346707761287689, 0.0]","Feature_Vector: [1.0, 1.0, 0.0, 0.45841148495674133, 0.0]",1,tweet_6303_777435
2397,5252,"Feature_Vector: [1.0, 1.0, 0.0, 0.30605122447013855, 0.0]","Feature_Vector: [0.0, 0.0, 1.0, 0.5689771175384521, 0.0]",1,tweet_5252_678621
3356,7723,"Feature_Vector: [1.0, 1.0, 0.0, 0.1097794845700264, 0.0]","Feature_Vector: [1.0, 1.0, 1.0, 0.709007740020752, 0.0]",1,tweet_7723_821356
1252,1464,"Feature_Vector: [1.0, 0.0, 0.0, 0.2250405102968216, 0.0]","Feature_Vector: [1.0, 1.0, 0.0, 0.32524609565734863, 0.0]",3,tweet_1464_1083095
8653,2153,"Feature_Vector: [1.0, 0.0, 0.0, 0.46816620230674744, 0.0]","Feature_Vector: [1.0, 0.0, 0.0, 0.5317915678024292, 0.0]",1,tweet_2153_597875
3404,1578,"Feature_Vector: [1.0, 0.0, 0.0, 0.39186280965805054, 0.0]","Feature_Vector: [0.0, 0.0, 0.0, 0.5867338180541992, 0.0]",1,tweet_1578_94695
2495,3736,"Feature_Vector: [1.0, 1.0, 0.0, 0.171758234500885, 0.0]","Feature_Vector: [0.0, 0.0, 0.0, 0.6534807682037354, 0.0]",1,tweet_3736_379184
1073,4654,"Feature_Vector: [1.0, 1.0, 0.0, 0.1299014687538147, 0.0]","Feature_Vector: [0.0, 0.0, 0.0, 0.2807649075984955, 0.0]",3,tweet_4654_1252877
6104,6104,"Feature_Vector: [1.0, 0.0, 0.0, 0.4204309582710266, 0.0]","Feature_Vector: [1.0, 0.0, 0.0, 0.4204309582710266, 0.0]",1,tweet_6104_885393
7900,5241,"Feature_Vector: [1.0, 0.0, 0.0, 0.6693926453590393, 0.0]","Feature_Vector: [0.0, 0.0, 0.0, 0.5940559506416321, 0.0]",1,tweet_5241_572621
3976,6780,"Feature_Vector: [1.0, 1.0, 0.0, 0.22398598492145538, 0.0]","Feature_Vector: [1.0, 1.0, 0.0, 0.4892529249191284, 0.0]",1,tweet_6780_838599
7299,10157,"Feature_Vector: [1.0, 1.0, 0.0, 0.4142099916934967, 0.0]","Feature_Vector: [0.0, 0.0, 0.0, 0.44813239574432373, 0.0]",2,tweet_10157_1371265
7145,5474,"Feature_Vector: [1.0, 0.0, 0.0, 0.30479469895362854, 0.0]","Feature_Vector: [1.0, 1.0, 0.0, 0.41604334115982056, 0.0]",1,tweet_5474_547328
9540,7405,"Feature_Vector: [1.0, 1.0, 0.0, 0.4228333532810211, 0.0]","Feature_Vector: [1.0, 1.0, 0.0, 0.3886222243309021, 0.0]",1,tweet_7405_265265
9135,4637,"Feature_Vector: [1.0, 1.0, 0.0, 0.34076395630836487, 0.0]","Feature_Vector: [1.0, 1.0, 0.0, 0.37392422556877136, 0.0]",1,tweet_4637_252649
2931,9601,"Feature_Vector: [0.0, 0.0, 0.0, 0.4103151261806488, 0.0]","Feature_Vector: [1.0, 1.0, 0.0, 0.41900601983070374, 0.0]",1,tweet_9601_80486
759,854,"Feature_Vector: [1.0, 0.0, 1.0, 0.46415144205093384, 0.0]","Feature_Vector: [1.0, 1.0, 0.0, 0.32399436831474304, 0.0]",3,tweet_854_1242862
9699,9699,"Feature_Vector: [1.0, 0.0, 0.0, 0.408968061208725, 0.0]","Feature_Vector: [1.0, 0.0, 0.0, 0.408968061208725, 0.0]",1,tweet_9699_1042938
5944,5944,"Feature_Vector: [1.0, 1.0, 1.0, 0.6163211464881897, 0.0]","Feature_Vector: [1.0, 1.0, 1.0, 0.6163211464881897, 0.0]",1,tweet_5944_882120
7831,7831,"Feature_Vector: [1.0, 1.0, 0.0, 0.43074944615364075, 0.0]","Feature_Vector: [1.0, 1.0, 0.0, 0.43074944615364075, 0.0]",1,tweet_7831_917361
7479,9072,"Feature_Vector: [0.0, 0.0, 0.0, 0.28452733159065247, 0.0]","Feature_Vector: [0.0, 0.0, 0.0, 0.3467482030391693, 0.0]",3,tweet_9072_1373042
3666,3719,"Feature_Vector: [1.0, 1.0, 1.0, 0.49721449613571167, 0.0]","Feature_Vector: [1.0, 1.0, 0.0, 0.386751264333725, 0.0]",1,tweet_3719_422467
1981,7711,"Feature_Vector: [1.0, 1.0, 0.0, 0.4554298222064972, 0.0]","Feature_Vector: [1.0, 0.0, 0.0, 0.2646647095680237, 0.0]",2,tweet_7711_1278573
6305,6305,"Feature_Vector: [1.0, 1.0, 0.0, 0.31149595975875854, 0.0]","Feature_Vector: [1.0, 1.0, 0.0, 0.31149595975875854, 0.0]",1,tweet_6305_889005
5860,3691,"Feature_Vector: [1.0, 0.0, 0.0, 0.38236427307128906, 0.0]","Feature_Vector: [1.0, 1.0, 0.0, 0.4146467447280884, 0.0]",1,tweet_3691_162971
8074,8074,"Feature_Vector: [1.0, 0.0, 0.0, 0.5555127263069153, 0.0]","Feature_Vector: [1.0, 0.0, 0.0, 0.5555127263069153, 0.0]",1,tweet_8074_923428
7232,4335,"Feature_Vector: [1.0, 1.0, 0.0, 0.3241748809814453, 0.0]","Feature_Vector: [1.0, 0.0, 1.0, 0.6169676184654236, 0.0]",1,tweet_4335_550584
8321,9117,"Feature_Vector: [1.0, 1.0, 0.0, 0.41373297572135925, 0.0]","Feature_Vector: [1.0, 1.0, 0.0, 0.42108166217803955, 0.0]",3,tweet_9117_1209829
9440,2381,"Feature_Vector: [1.0, 1.0, 0.0, 0.3178894519805908, 0.0]","Feature_Vector: [1.0, 1.0, 0.0, 0.28666993975639343, 0.0]",1,tweet_2381_625646
19,1196,"Feature_Vector: [0.0, 0.0, 1.0, 0.4176817238330841, 0.0]","Feature_Vector: [1.0, 1.0, 0.0, 0.3493451774120331, 0.0]",2,tweet_1196_1217440
1384,5159,"Feature_Vector: [1.0, 1.0, 0.0, 0.36827796697616577, 0.0]","Feature_Vector: [1.0, 1.0, 0.0, 0.4482324421405792, 0.0]",1,tweet_5159_35586
3441,7178,"Feature_Vector: [1.0, 1.0, 0.0, 0.49038165807724, 0.0]","Feature_Vector: [1.0, 0.0, 0.0, 0.49253708124160767, 0.0]",1,tweet_7178_415103
8321,8321,"Feature_Vector: [1.0, 1.0, 0.0, 0.41373297572135925, 0.0]","Feature_Vector: [1.0, 1.0, 0.0, 0.41373297572135925, 0.0]",1,tweet_8321_928058
3695,8686,"Feature_Vector: [1.0, 1.0, 0.0, 0.4325729012489319, 0.0]","Feature_Vector: [1.0, 1.0, 0.0, 0.38722485303878784, 0.0]",1,tweet_8686_423855
9260,9260,"Feature_Vector: [1.0, 1.0, 0.0, 0.554205060005188, 0.0]","Feature_Vector: [1.0, 1.0, 0.0, 0.554205060005188, 0.0]",1,tweet_9260_1038943
9601,6512,"Feature_Vector: [1.0, 1.0, 0.0, 0.41900601983070374, 0.0]","Feature_Vector: [1.0, 1.0, 0.0, 0.4521700143814087, 0.0]",1,tweet_6512_267807
9758,2267,"Feature_Vector: [1.0, 1.0, 1.0, 0.5802430510520935, 0.0]","Feature_Vector: [1.0, 1.0, 0.0, 0.410976767539978, 0.0]",1,tweet_2267_956783
2090,9816,"Feature_Vector: [1.0, 1.0, 0.0, 0.42917418479919434, 0.0]","Feature_Vector: [1.0, 1.0, 0.0, 0.47644394636154175, 0.0]",1,tweet_9816_362830
3380,8409,"Feature_Vector: [1.0, 1.0, 0.0, 0.39065542817115784, 0.0]","Feature_Vector: [1.0, 1.0, 0.0, 0.3016597032546997, 0.0]",1,tweet_8409_94243
720,643,"Feature_Vector: [0.0, 0.0, 0.0, 0.427755206823349, 0.0]","Feature_Vector: [0.0, 0.0, 1.0, 0.6559633016586304, 0.0]",1,tweet_643_975644
7369,9520,"Feature_Vector: [1.0, 0.0, 0.0, 0.4846026599407196, 0.0]","Feature_Vector: [1.0, 1.0, 0.0, 0.5417155027389526, 0.0]",1,tweet_9520_727758
6881,6449,"Feature_Vector: [1.0, 1.0, 0.0, 0.25749996304512024, 0.0]","Feature_Vector: [1.0, 1.0, 0.0, 0.3478250801563263, 0.0]",1,tweet_6449_538148
8388,2611,"Feature_Vector: [1.0, 1.0, 0.0, 0.2799813449382782, 0.0]","Feature_Vector: [1.0, 1.0, 0.0, 0.3750326335430145, 0.0]",1,tweet_2611_588960
736,923,"Feature_Vector: [1.0, 1.0, 0.0, 0.52010577917099, 0.0]","Feature_Vector: [1.0, 1.0, 0.0, 0.40206706523895264, 0.0]",1,tweet_923_18407
5427,5427,"Feature_Vector: [1.0, 1.0, 0.0, 0.44841209053993225, 0.0]","Feature_Vector: [1.0, 1.0, 0.0, 0.44841209053993225, 0.0]",1,tweet_5427_867617
10193,7019,"Feature_Vector: [0.0, 0.0, 0.0, 0.47165074944496155, 0.0]","Feature_Vector: [1.0, 1.0, 0.0, 0.2894057631492615, 0.0]",1,tweet_7019_286348
9631,7511,"Feature_Vector: [1.0, 1.0, 0.0, 0.44967326521873474, 0.0]","Feature_Vector: [1.0, 1.0, 0.0, 0.4088074266910553, 0.0]",1,tweet_7511_635263
12,1450,"Feature_Vector: [1.0, 1.0, 0.0, 0.47015267610549927, 0.0]","Feature_Vector: [1.0, 1.0, 0.0, 0.4346707761287689, 0.0]",3,tweet_1450_1047120
1638,4845,"Feature_Vector: [1.0, 1.0, 0.0, 0.10108299553394318, 0.0]","Feature_Vector: [1.0, 1.0, 0.0, 0.20950300991535187, 0.0]",3,tweet_4845_1095878
8141,8522,"Feature_Vector: [1.0, 1.0, 0.0, 0.43074944615364075, 0.0]","Feature_Vector: [1.0, 1.0, 0.0, 0.3373017907142639, 0.0]",1,tweet_8522_580974
3584,8444,"Feature_Vector: [1.0, 1.0, 0.0, 0.3355613350868225, 0.0]","Feature_Vector: [1.0, 1.0, 0.0, 0.49927398562431335, 0.0]",1,tweet_8444_690433
7129,8501,"Feature_Vector: [1.0, 1.0, 0.0, 0.48933982849121094, 0.0]","Feature_Vector: [1.0, 1.0, 0.0, 0.687242865562439, 0.0]",3,tweet_8501_1369597
9033,814,"Feature_Vector: [1.0, 1.0, 0.0, 0.2887341380119324, 0.0]","Feature_Vector: [1.0, 1.0, 0.0, 0.30895739793777466, 0.0]",1,tweet_814_250480
4668,8846,"Feature_Vector: [1.0, 1.0, 0.0, 0.3956427574157715, 0.0]","Feature_Vector: [1.0, 1.0, 0.0, 0.3003002405166626, 1.0]",1,tweet_8846_130352
3962,3962,"Feature_Vector: [1.0, 0.0, 1.0, 0.5622205138206482, 0.0]","Feature_Vector: [1.0, 0.0, 1.0, 0.5622205138206482, 0.0]",1,tweet_3962_838561
1569,6316,"Feature_Vector: [1.0, 0.0, 0.0, 0.6138583421707153, 0.0]","Feature_Vector: [1.0, 1.0, 0.0, 0.38113003969192505, 0.0]",3,tweet_6316_1267142
7355,7006,"Feature_Vector: [1.0, 1.0, 0.0, 0.13527844846248627, 0.0]","Feature_Vector: [1.0, 0.0, 1.0, 0.5962151288986206, 0.0]",1,tweet_7006_727636
7552,9240,"Feature_Vector: [1.0, 1.0, 0.0, 0.39549019932746887, 1.0]","Feature_Vector: [1.0, 1.0, 0.0, 0.4058777093887329, 0.0]",3,tweet_9240_1204830
1011,1744,"Feature_Vector: [1.0, 1.0, 0.0, 0.28839531540870667, 0.0]","Feature_Vector: [0.0, 0.0, 0.0, 0.3702235221862793, 0.0]",2,tweet_1744_1250913
3694,7640,"Feature_Vector: [1.0, 0.0, 0.0, 0.3630985915660858, 0.0]","Feature_Vector: [1.0, 1.0, 0.0, 0.5245917439460754, 0.0]",3,tweet_7640_1315336
2614,4145,"Feature_Vector: [1.0, 1.0, 0.0, 0.3776770234107971, 0.0]","Feature_Vector: [1.0, 1.0, 0.0, 0.32681572437286377, 0.0]",1,tweet_4145_73209
3956,6463,"Feature_Vector: [1.0, 1.0, 0.0, 0.3400883078575134, 0.0]","Feature_Vector: [1.0, 1.0, 0.0, 0.36990389227867126, 0.0]",1,tweet_6463_109160
3795,7979,"Feature_Vector: [1.0, 0.0, 0.0, 0.38816025853157043, 0.0]","Feature_Vector: [1.0, 1.0, 1.0, 0.6087115406990051, 0.0]",1,tweet_7979_834382
7006,7006,"Feature_Vector: [1.0, 0.0, 1.0, 0.5962151288986206, 0.0]","Feature_Vector: [1.0, 0.0, 1.0, 0.5962151288986206, 0.0]",1,tweet_7006_900445
9787,5197,"Feature_Vector: [1.0, 1.0, 0.0, 0.3908768892288208, 0.0]","Feature_Vector: [1.0, 0.0, 0.0, 0.6131277084350586, 0.0]",1,tweet_5197_641772
1333,1333,"Feature_Vector: [1.0, 1.0, 0.0, 0.30504825711250305, 0.0]","Feature_Vector: [1.0, 1.0, 0.0, 0.30504825711250305, 0.0]",1,tweet_1333_981636
8662,4446,"Feature_Vector: [1.0, 1.0, 0.0, 0.3907662630081177, 0.0]","Feature_Vector: [1.0, 1.0, 0.0, 0.46577128767967224, 0.0]",1,tweet_4446_598198
1873,1873,"Feature_Vector: [1.0, 0.0, 0.0, 0.3045400083065033, 0.0]","Feature_Vector: [1.0, 0.0, 0.0, 0.3045400083065033, 0.0]",1,tweet_1873_986959
1110,3028,"Feature_Vector: [1.0, 1.0, 0.0, 0.45521828532218933, 0.0]","Feature_Vector: [0.0, 0.0, 0.0, 0.4539681077003479, 0.0]",1,tweet_3028_27807
2460,2460,"Feature_Vector: [1.0, 1.0, 0.0, 0.3865726590156555, 0.0]","Feature_Vector: [1.0, 1.0, 0.0, 0.3865726590156555, 0.0]",1,tweet_2460_804256
7844,5178,"Feature_Vector: [1.0, 0.0, 0.0, 0.49426066875457764, 0.0]","Feature_Vector: [1.0, 0.0, 0.0, 0.39569351077079773, 0.0]",1,tweet_5178_918610
4798,6289,"Feature_Vector: [1.0, 1.0, 0.0, 0.33899015188217163, 0.0]","Feature_Vector: [0.0, 0.0, 0.0, 0.44310879707336426, 0.0]",2,tweet_6289_1336239
1700,6618,"Feature_Vector: [1.0, 1.0, 0.0, 0.41987189650535583, 0.0]","Feature_Vector: [0.0, 0.0, 0.0, 0.19725720584392548, 0.0]",2,tweet_6618_1270716
7802,6078,"Feature_Vector: [1.0, 1.0, 0.0, 0.2328343242406845, 1.0]","Feature_Vector: [1.0, 1.0, 0.0, 0.39604753255844116, 0.0]",1,tweet_6078_568667
2313,1494,"Feature_Vector: [1.0, 1.0, 0.0, 0.4022480249404907, 0.0]","Feature_Vector: [0.0, 0.0, 1.0, 0.606764554977417, 0.0]",1,tweet_1494_989561
2154,8124,"Feature_Vector: [1.0, 1.0, 0.0, 0.313925176858902, 0.0]","Feature_Vector: [1.0, 1.0, 0.0, 0.3412986993789673, 0.0]",1,tweet_8124_364999
558,1435,"Feature_Vector: [1.0, 1.0, 0.0, 0.473571240901947, 0.0]","Feature_Vector: [0.0, 0.0, 0.0, 0.44878944754600525, 0.0]",1,tweet_1435_14016
7016,7225,"Feature_Vector: [1.0, 1.0, 0.0, 0.38798606395721436, 0.0]","Feature_Vector: [1.0, 1.0, 0.0, 0.39942318201065063, 0.0]",1,tweet_7225_196718
8530,9942,"Feature_Vector: [1.0, 1.0, 0.0, 0.3493451774120331, 0.0]","Feature_Vector: [1.0, 1.0, 0.0, 0.21475474536418915, 0.0]",3,tweet_9942_1211030
5985,5985,"Feature_Vector: [1.0, 1.0, 0.0, 0.5068618059158325, 0.0]","Feature_Vector: [1.0, 1.0, 0.0, 0.5068618059158325, 0.0]",1,tweet_5985_883064
3157,8847,"Feature_Vector: [1.0, 1.0, 0.0, 0.234625443816185, 0.0]","Feature_Vector: [1.0, 1.0, 0.0, 0.35462769865989685, 0.0]",1,tweet_8847_87710
9052,5944,"Feature_Vector: [1.0, 1.0, 0.0, 0.3974418044090271, 0.0]","Feature_Vector: [1.0, 1.0, 1.0, 0.6163211464881897, 0.0]",1,tweet_5944_742618
4814,9787,"Feature_Vector: [1.0, 1.0, 0.0, 0.3377286493778229, 0.0]","Feature_Vector: [1.0, 1.0, 0.0, 0.3908768892288208, 0.0]",1,tweet_9787_702841
7750,7750,"Feature_Vector: [1.0, 0.0, 0.0, 0.3731729984283447, 0.0]","Feature_Vector: [1.0, 0.0, 0.0, 0.3731729984283447, 0.0]",1,tweet_7750_915680
1562,9377,"Feature_Vector: [1.0, 1.0, 0.0, 0.40008413791656494, 0.0]","Feature_Vector: [1.0, 0.0, 1.0, 0.7887343764305115, 0.0]",1,tweet_9377_670512
6817,9115,"Feature_Vector: [1.0, 1.0, 0.0, 0.2957157492637634, 1.0]","Feature_Vector: [1.0, 1.0, 0.0, 0.2506343722343445, 0.0]",3,tweet_9115_1198051
7466,5163,"Feature_Vector: [1.0, 1.0, 0.0, 0.3676142394542694, 0.0]","Feature_Vector: [1.0, 1.0, 0.0, 0.4239818751811981, 0.0]",1,tweet_5163_558744
2154,2577,"Feature_Vector: [1.0, 1.0, 0.0, 0.313925176858902, 0.0]","Feature_Vector: [1.0, 1.0, 0.0, 0.34490638971328735, 0.0]",2,tweet_2577_1107736
8079,3463,"Feature_Vector: [1.0, 1.0, 0.0, 0.3855496346950531, 0.0]","Feature_Vector: [1.0, 1.0, 0.0, 0.3927783966064453, 0.0]",1,tweet_3463_578126
6653,106,"Feature_Vector: [1.0, 1.0, 0.0, 0.3710933029651642, 0.0]","Feature_Vector: [0.0, 0.0, 1.0, 0.7920801639556885, 0.0]",1,tweet_106_720619
481,4408,"Feature_Vector: [1.0, 1.0, 0.0, 0.24860724806785583, 1.0]","Feature_Vector: [1.0, 1.0, 0.0, 0.5222185254096985, 0.0]",1,tweet_4408_660251
989,3678,"Feature_Vector: [1.0, 1.0, 0.0, 0.29233288764953613, 0.0]","Feature_Vector: [1.0, 1.0, 0.0, 0.3630081117153168, 0.0]",1,tweet_3678_664797
2255,5099,"Feature_Vector: [1.0, 0.0, 0.0, 0.3773970603942871, 0.0]","Feature_Vector: [1.0, 1.0, 1.0, 0.6446264982223511, 0.0]",1,tweet_5099_369827
7093,272,"Feature_Vector: [1.0, 1.0, 0.0, 0.4122772514820099, 0.0]","Feature_Vector: [1.0, 1.0, 0.0, 0.5056105256080627, 0.0]",1,tweet_272_199150
9816,5248,"Feature_Vector: [1.0, 1.0, 0.0, 0.47644394636154175, 0.0]","Feature_Vector: [1.0, 1.0, 0.0, 0.40296614170074463, 0.0]",1,tweet_5248_643609
6246,1321,"Feature_Vector: [1.0, 1.0, 0.0, 0.4117453992366791, 0.0]","Feature_Vector: [1.0, 1.0, 0.0, 0.43055835366249084, 0.0]",1,tweet_1321_517586
12,3487,"Feature_Vector: [1.0, 1.0, 0.0, 0.47015267610549927, 0.0]","Feature_Vector: [1.0, 1.0, 1.0, 0.6530749797821045, 0.0]",4,tweet_3487_1047207
4985,4985,"Feature_Vector: [1.0, 0.0, 0.0, 0.4276113212108612, 0.0]","Feature_Vector: [1.0, 0.0, 0.0, 0.4276113212108612, 0.0]",1,tweet_4985_859014
2463,8826,"Feature_Vector: [1.0, 1.0, 0.0, 0.14888373017311096, 0.0]","Feature_Vector: [1.0, 1.0, 0.0, 0.24650456011295319, 0.0]",3,tweet_8826_1116626
8142,5945,"Feature_Vector: [1.0, 1.0, 0.0, 0.27878519892692566, 0.0]","Feature_Vector: [1.0, 1.0, 0.0, 0.3186896741390228, 0.0]",1,tweet_5945_581337
8686,1914,"Feature_Vector: [1.0, 1.0, 0.0, 0.38722485303878784, 0.0]","Feature_Vector: [0.0, 0.0, 1.0, 0.7615982294082642, 0.0]",1,tweet_1914_1035803
5633,5633,"Feature_Vector: [1.0, 0.0, 1.0, 0.5882093906402588, 0.0]","Feature_Vector: [1.0, 0.0, 1.0, 0.5882093906402588, 0.0]",1,tweet_5633_871142
47,2446,"Feature_Vector: [1.0, 1.0, 0.0, 0.25631222128868103, 0.0]","Feature_Vector: [1.0, 0.0, 0.0, 0.4733026921749115, 0.0]",1,tweet_2446_289722
5645,5912,"Feature_Vector: [1.0, 1.0, 1.0, 0.6468755006790161, 0.0]","Feature_Vector: [1.0, 1.0, 0.0, 0.47838640213012695, 0.0]",4,tweet_5912_1182749
6952,8940,"Feature_Vector: [1.0, 1.0, 0.0, 0.2890709638595581, 0.0]","Feature_Vector: [1.0, 1.0, 1.0, 0.5120919942855835, 0.0]",3,tweet_8940_1198846
1217,1862,"Feature_Vector: [1.0, 1.0, 0.0, 0.46600520610809326, 0.0]","Feature_Vector: [0.0, 0.0, 0.0, 0.3477064371109009, 0.0]",3,tweet_1862_1257449
5176,9745,"Feature_Vector: [1.0, 1.0, 0.0, 0.4202014207839966, 0.0]","Feature_Vector: [1.0, 1.0, 0.0, 0.15983712673187256, 0.0]",3,tweet_9745_1342887
5985,5985,"Feature_Vector: [1.0, 1.0, 0.0, 0.5068618059158325, 0.0]","Feature_Vector: [1.0, 1.0, 0.0, 0.5068618059158325, 0.0]",1,tweet_5985_883568
5005,2893,"Feature_Vector: [1.0, 1.0, 0.0, 0.4694021940231323, 0.0]","Feature_Vector: [1.0, 1.0, 0.0, 0.6793380975723267, 0.0]",1,tweet_2893_704876
6889,9202,"Feature_Vector: [1.0, 1.0, 0.0, 0.43845614790916443, 0.0]","Feature_Vector: [1.0, 1.0, 0.0, 0.34864869713783264, 0.0]",2,tweet_9202_1367235
9204,10171,"Feature_Vector: [1.0, 1.0, 0.0, 0.4166414439678192, 0.0]","Feature_Vector: [1.0, 1.0, 0.0, 0.38407301902770996, 0.0]",1,tweet_10171_944643
5927,5238,"Feature_Vector: [1.0, 1.0, 0.0, 0.32982972264289856, 0.0]","Feature_Vector: [1.0, 1.0, 0.0, 0.42298993468284607, 0.0]",1,tweet_5238_503813
8830,3476,"Feature_Vector: [1.0, 1.0, 0.0, 0.2986243963241577, 0.0]","Feature_Vector: [1.0, 1.0, 0.0, 0.3339173197746277, 0.0]",1,tweet_3476_740906
3201,3310,"Feature_Vector: [1.0, 0.0, 0.0, 0.42647626996040344, 0.0]","Feature_Vector: [1.0, 1.0, 0.0, 0.3011198341846466, 0.0]",3,tweet_3310_1305627
2991,8186,"Feature_Vector: [1.0, 1.0, 0.0, 0.2538589835166931, 0.0]","Feature_Vector: [1.0, 0.0, 1.0, 0.5432462096214294, 0.0]",1,tweet_8186_397548
2106,2926,"Feature_Vector: [1.0, 1.0, 0.0, 0.4713330864906311, 0.0]","Feature_Vector: [1.0, 1.0, 0.0, 0.4085656404495239, 0.0]",1,tweet_2926_56939
1198,2647,"Feature_Vector: [0.0, 0.0, 0.0, 0.2957157492637634, 0.0]","Feature_Vector: [1.0, 1.0, 0.0, 0.07820848375558853, 0.0]",3,tweet_2647_1256772
9526,3073,"Feature_Vector: [0.0, 0.0, 0.0, 0.4491249620914459, 0.0]","Feature_Vector: [1.0, 1.0, 0.0, 0.30989378690719604, 0.0]",1,tweet_3073_264445
8847,8595,"Feature_Vector: [1.0, 1.0, 0.0, 0.35462769865989685, 0.0]","Feature_Vector: [1.0, 1.0, 0.0, 0.31149595975875854, 0.0]",1,tweet_8595_245386
518,8540,"Feature_Vector: [1.0, 1.0, 0.0, 0.38536715507507324, 0.0]","Feature_Vector: [1.0, 1.0, 1.0, 0.6127685308456421, 0.0]",1,tweet_8540_660553
4318,4397,"Feature_Vector: [1.0, 1.0, 0.0, 0.33496904373168945, 0.0]","Feature_Vector: [1.0, 1.0, 0.0, 0.30752304196357727, 0.0]",3,tweet_4397_1157697
3977,4879,"Feature_Vector: [1.0, 1.0, 0.0, 0.3168729245662689, 0.0]","Feature_Vector: [1.0, 1.0, 0.0, 0.3458961844444275, 0.0]",1,tweet_4879_109927
9290,9290,"Feature_Vector: [0.0, 0.0, 0.0, 0.5341506600379944, 0.0]","Feature_Vector: [0.0, 0.0, 0.0, 0.5341506600379944, 0.0]",1,tweet_9290_1039120
5871,5871,"Feature_Vector: [1.0, 1.0, 0.0, 0.486001580953598, 0.0]","Feature_Vector: [1.0, 1.0, 0.0, 0.486001580953598, 0.0]",1,tweet_5871_877460
38,5616,"Feature_Vector: [1.0, 1.0, 0.0, 0.3212147057056427, 0.0]","Feature_Vector: [1.0, 1.0, 0.0, 0.29718881845474243, 0.0]",3,tweet_5616_1048366
5474,2294,"Feature_Vector: [1.0, 1.0, 0.0, 0.41604334115982056, 0.0]","Feature_Vector: [1.0, 1.0, 0.0, 0.24432046711444855, 0.0]",1,tweet_2294_153636
541,3848,"Feature_Vector: [0.0, 0.0, 0.0, 0.4258257746696472, 0.0]","Feature_Vector: [1.0, 1.0, 0.0, 0.4702474772930145, 0.0]",1,tweet_3848_762171
4481,311,"Feature_Vector: [1.0, 1.0, 0.0, 0.32064196467399597, 0.0]","Feature_Vector: [1.0, 1.0, 1.0, 0.742438018321991, 0.0]",1,tweet_311_848759
3852,6455,"Feature_Vector: [1.0, 1.0, 0.0, 0.34248366951942444, 0.0]","Feature_Vector: [1.0, 1.0, 0.0, 0.22181588411331177, 0.0]",3,tweet_6455_1149153
9843,1216,"Feature_Vector: [1.0, 1.0, 1.0, 0.4899634122848511, 0.0]","Feature_Vector: [1.0, 1.0, 0.0, 0.24505792558193207, 0.0]",1,tweet_1216_275729
854,8032,"Feature_Vector: [1.0, 1.0, 0.0, 0.32399436831474304, 0.0]","Feature_Vector: [0.0, 0.0, 0.0, 0.3671954274177551, 0.0]",2,tweet_8032_1245893
5451,8771,"Feature_Vector: [1.0, 1.0, 0.0, 0.2710212171077728, 0.0]","Feature_Vector: [1.0, 1.0, 0.0, 0.3638172745704651, 0.0]",1,tweet_8771_488280
9282,106,"Feature_Vector: [1.0, 1.0, 0.0, 0.35441717505455017, 0.0]","Feature_Vector: [0.0, 0.0, 1.0, 0.7920801639556885, 0.0]",1,tweet_106_945178
8336,1414,"Feature_Vector: [1.0, 1.0, 0.0, 0.4108993411064148, 0.0]","Feature_Vector: [1.0, 1.0, 0.0, 0.40124547481536865, 0.0]",1,tweet_1414_231676
8681,2936,"Feature_Vector: [1.0, 1.0, 0.0, 0.25631222128868103, 0.0]","Feature_Vector: [1.0, 1.0, 0.0, 0.3307996392250061, 0.0]",1,tweet_2936_240658
2559,4895,"Feature_Vector: [1.0, 1.0, 0.0, 0.2903984487056732, 0.0]","Feature_Vector: [1.0, 1.0, 0.0, 0.4316149055957794, 0.0]",2,tweet_4895_1118847
9259,7333,"Feature_Vector: [1.0, 0.0, 0.0, 0.4619846045970917, 0.0]","Feature_Vector: [1.0, 0.0, 0.0, 0.3130538761615753, 0.0]",1,tweet_7333_618884
3475,3736,"Feature_Vector: [1.0, 1.0, 0.0, 0.32783839106559753, 0.0]","Feature_Vector: [0.0, 0.0, 0.0, 0.6534807682037354, 0.0]",1,tweet_3736_689232
1357,3582,"Feature_Vector: [1.0, 0.0, 0.0, 0.32064196467399597, 0.0]","Feature_Vector: [1.0, 1.0, 0.0, 0.31829097867012024, 0.0]",1,tweet_3582_334068
5215,8065,"Feature_Vector: [1.0, 1.0, 0.0, 0.3679471015930176, 1.0]","Feature_Vector: [1.0, 1.0, 0.0, 0.22069871425628662, 1.0]",3,tweet_8065_1177298
1485,8896,"Feature_Vector: [1.0, 1.0, 0.0, 0.36069756746292114, 0.0]","Feature_Vector: [1.0, 0.0, 1.0, 0.6832913160324097, 0.0]",3,tweet_8896_1264756
932,9468,"Feature_Vector: [1.0, 1.0, 0.0, 0.35116153955459595, 0.0]","Feature_Vector: [1.0, 1.0, 0.0, 0.4958128333091736, 0.0]",1,tweet_9468_319634
9564,1455,"Feature_Vector: [1.0, 1.0, 0.0, 0.2646647095680237, 0.0]","Feature_Vector: [1.0, 1.0, 0.0, 0.3342198133468628, 0.0]",1,tweet_1455_266557
3487,3487,"Feature_Vector: [1.0, 1.0, 1.0, 0.6530749797821045, 0.0]","Feature_Vector: [1.0, 1.0, 1.0, 0.6530749797821045, 0.0]",1,tweet_3487_823765
1398,1152,"Feature_Vector: [1.0, 1.0, 0.0, 0.4219483733177185, 0.0]","Feature_Vector: [1.0, 1.0, 0.0, 0.5033385753631592, 0.0]",1,tweet_1152_36143
3532,7875,"Feature_Vector: [0.0, 0.0, 0.0, 0.5156269073486328, 0.0]","Feature_Vector: [1.0, 1.0, 0.0, 0.3467482030391693, 0.0]",1,tweet_7875_418082
2592,7700,"Feature_Vector: [1.0, 1.0, 0.0, 0.24204838275909424, 0.0]","Feature_Vector: [1.0, 1.0, 1.0, 0.888723611831665, 0.0]",1,tweet_7700_383160
9805,9805,"Feature_Vector: [1.0, 1.0, 0.0, 0.39644941687583923, 0.0]","Feature_Vector: [1.0, 1.0, 0.0, 0.39644941687583923, 0.0]",1,tweet_9805_957520
8441,4869,"Feature_Vector: [1.0, 1.0, 0.0, 0.3656613826751709, 0.0]","Feature_Vector: [1.0, 1.0, 0.0, 0.41525977849960327, 0.0]",1,tweet_4869_233295
7957,3531,"Feature_Vector: [1.0, 1.0, 0.0, 0.30192771553993225, 0.0]","Feature_Vector: [0.0, 0.0, 0.0, 0.5074666738510132, 0.0]",1,tweet_3531_574501
7178,7178,"Feature_Vector: [1.0, 0.0, 0.0, 0.49253708124160767, 0.0]","Feature_Vector: [1.0, 0.0, 0.0, 0.49253708124160767, 0.0]",1,tweet_7178_903993
7751,7496,"Feature_Vector: [1.0, 1.0, 0.0, 0.3024599552154541, 0.0]","Feature_Vector: [1.0, 1.0, 0.0, 0.36069756746292114, 0.0]",1,tweet_7496_567160
2943,9770,"Feature_Vector: [1.0, 1.0, 0.0, 0.20950300991535187, 0.0]","Feature_Vector: [1.0, 1.0, 0.0, 0.31349119544029236, 0.0]",1,tweet_9770_81597
3055,2019,"Feature_Vector: [0.0, 0.0, 0.0, 0.4273224472999573, 0.0]","Feature_Vector: [1.0, 1.0, 0.0, 0.29169541597366333, 0.0]",1,tweet_2019_84972
6087,1398,"Feature_Vector: [1.0, 1.0, 0.0, 0.2980545461177826, 0.0]","Feature_Vector: [1.0, 1.0, 0.0, 0.4219483733177185, 0.0]",1,tweet_1398_172015
1811,1811,"Feature_Vector: [1.0, 1.0, 0.0, 0.39694780111312866, 0.0]","Feature_Vector: [1.0, 1.0, 0.0, 0.39694780111312866, 0.0]",1,tweet_1811_786820
480,480,"Feature_Vector: [1.0, 1.0, 0.0, 0.45398616790771484, 0.0]","Feature_Vector: [1.0, 1.0, 0.0, 0.45398616790771484, 0.0]",1,tweet_480_761780
689,9468,"Feature_Vector: [1.0, 1.0, 0.0, 0.19552120566368103, 0.0]","Feature_Vector: [1.0, 1.0, 0.0, 0.4958128333091736, 0.0]",1,tweet_9468_765556
7701,1765,"Feature_Vector: [1.0, 1.0, 0.0, 0.37347468733787537, 0.0]","Feature_Vector: [1.0, 1.0, 0.0, 0.43190935254096985, 0.0]",1,tweet_1765_215280
6666,3726,"Feature_Vector: [1.0, 1.0, 0.0, 0.4401654899120331, 0.0]","Feature_Vector: [1.0, 1.0, 0.0, 0.3174850344657898, 0.0]",1,tweet_3726_187617
3730,7516,"Feature_Vector: [1.0, 1.0, 0.0, 0.2807649075984955, 0.0]","Feature_Vector: [1.0, 1.0, 0.0, 0.28560879826545715, 0.0]",3,tweet_7516_1146229
3890,9532,"Feature_Vector: [1.0, 1.0, 0.0, 0.5136807560920715, 0.0]","Feature_Vector: [0.0, 0.0, 0.0, 0.5026874542236328, 0.0]",2,tweet_9532_1318939
4158,593,"Feature_Vector: [1.0, 1.0, 0.0, 0.2887341380119324, 0.0]","Feature_Vector: [1.0, 1.0, 0.0, 0.33361318707466125, 0.0]",1,tweet_593_439560
2622,7561,"Feature_Vector: [1.0, 1.0, 0.0, 0.4045492112636566, 0.0]","Feature_Vector: [1.0, 1.0, 0.0, 0.41671139001846313, 0.0]",3,tweet_7561_1121274
4621,5241,"Feature_Vector: [1.0, 1.0, 0.0, 0.3656613826751709, 0.0]","Feature_Vector: [0.0, 0.0, 0.0, 0.5940559506416321, 0.0]",1,tweet_5241_700776
207,9739,"Feature_Vector: [1.0, 1.0, 0.0, 0.4941190183162689, 0.0]","Feature_Vector: [1.0, 1.0, 0.0, 0.5267648696899414, 0.0]",1,tweet_9739_757740
8733,3340,"Feature_Vector: [1.0, 1.0, 0.0, 0.3907662630081177, 0.0]","Feature_Vector: [1.0, 0.0, 0.0, 0.5463641285896301, 0.0]",1,tweet_3340_739949
4034,5241,"Feature_Vector: [1.0, 1.0, 0.0, 0.24650456011295319, 0.0]","Feature_Vector: [0.0, 0.0, 0.0, 0.5940559506416321, 0.0]",1,tweet_5241_434626
1169,3268,"Feature_Vector: [1.0, 1.0, 0.0, 0.30479469895362854, 0.0]","Feature_Vector: [1.0, 0.0, 0.0, 0.5870845913887024, 0.0]",1,tweet_3268_666369
9392,2210,"Feature_Vector: [1.0, 1.0, 0.0, 0.5101978778839111, 0.0]","Feature_Vector: [0.0, 0.0, 0.0, 0.3630985915660858, 0.0]",1,tweet_2210_623717
6087,605,"Feature_Vector: [1.0, 1.0, 0.0, 0.2980545461177826, 0.0]","Feature_Vector: [0.0, 0.0, 0.0, 0.34758755564689636, 0.0]",1,tweet_605_172000
1864,6473,"Feature_Vector: [1.0, 1.0, 0.0, 0.32715868949890137, 0.0]","Feature_Vector: [1.0, 1.0, 0.0, 0.25194641947746277, 0.0]",1,tweet_6473_51720
6509,6509,"Feature_Vector: [1.0, 1.0, 0.0, 0.37179508805274963, 0.0]","Feature_Vector: [1.0, 1.0, 0.0, 0.37179508805274963, 0.0]",1,tweet_6509_891605
137,1565,"Feature_Vector: [1.0, 1.0, 0.0, 0.4085656404495239, 0.0]","Feature_Vector: [1.0, 1.0, 0.0, 0.3780944049358368, 0.0]",3,tweet_1565_1051575
915,3316,"Feature_Vector: [1.0, 1.0, 0.0, 0.39875441789627075, 0.0]","Feature_Vector: [1.0, 1.0, 0.0, 0.38099852204322815, 0.0]",1,tweet_3316_23598
4665,6590,"Feature_Vector: [1.0, 1.0, 0.0, 0.37225815653800964, 0.0]","Feature_Vector: [1.0, 1.0, 0.0, 0.36050859093666077, 0.0]",1,tweet_6590_458172
857,857,"Feature_Vector: [1.0, 0.0, 1.0, 0.49833592772483826, 0.0]","Feature_Vector: [1.0, 0.0, 1.0, 0.49833592772483826, 0.0]",1,tweet_857_976507
7348,5601,"Feature_Vector: [1.0, 1.0, 0.0, 0.3711717128753662, 0.0]","Feature_Vector: [1.0, 1.0, 0.0, 0.36877068877220154, 0.0]",1,tweet_5601_554774
4357,6512,"Feature_Vector: [1.0, 1.0, 0.0, 0.4303116798400879, 0.0]","Feature_Vector: [1.0, 1.0, 0.0, 0.4521700143814087, 0.0]",1,tweet_6512_444313
4842,8072,"Feature_Vector: [1.0, 1.0, 0.0, 0.32982972264289856, 0.0]","Feature_Vector: [1.0, 1.0, 0.0, 0.3016597032546997, 0.0]",1,tweet_8072_135148
3082,3082,"Feature_Vector: [1.0, 0.0, 1.0, 0.5919924974441528, 0.0]","Feature_Vector: [1.0, 0.0, 1.0, 0.5919924974441528, 0.0]",1,tweet_3082_996187
7369,7552,"Feature_Vector: [1.0, 0.0, 0.0, 0.4846026599407196, 0.0]","Feature_Vector: [1.0, 1.0, 0.0, 0.39549019932746887, 1.0]",1,tweet_7552_206008
4653,10015,"Feature_Vector: [0.0, 0.0, 0.0, 0.22398598492145538, 0.0]","Feature_Vector: [1.0, 0.0, 1.0, 0.6219579577445984, 0.0]",1,tweet_10015_457332
1464,6813,"Feature_Vector: [1.0, 1.0, 0.0, 0.32524609565734863, 0.0]","Feature_Vector: [1.0, 1.0, 0.0, 0.3311192989349365, 0.0]",1,tweet_6813_339171
4601,7770,"Feature_Vector: [1.0, 0.0, 1.0, 0.4790964722633362, 0.0]","Feature_Vector: [1.0, 1.0, 0.0, 0.43354088068008423, 0.0]",1,tweet_7770_700654
1857,8660,"Feature_Vector: [0.0, 0.0, 1.0, 0.4934772253036499, 0.0]","Feature_Vector: [1.0, 1.0, 0.0, 0.5584698915481567, 0.0]",1,tweet_8660_673709
1315,7538,"Feature_Vector: [1.0, 1.0, 0.0, 0.25448235869407654, 0.0]","Feature_Vector: [1.0, 0.0, 0.0, 0.614508330821991, 0.0]",1,tweet_7538_667661
4930,8938,"Feature_Vector: [1.0, 1.0, 0.0, 0.4266816973686218, 0.0]","Feature_Vector: [1.0, 1.0, 0.0, 0.4468768835067749, 0.0]",1,tweet_8938_469227
1133,2365,"Feature_Vector: [1.0, 1.0, 0.0, 0.35709431767463684, 0.0]","Feature_Vector: [1.0, 0.0, 0.0, 0.23191697895526886, 0.0]",2,tweet_2365_1254855
2571,4418,"Feature_Vector: [1.0, 1.0, 0.0, 0.3786461353302002, 0.0]","Feature_Vector: [1.0, 1.0, 0.0, 0.2877114713191986, 0.0]",1,tweet_4418_382344
9977,9977,"Feature_Vector: [1.0, 0.0, 0.0, 0.5560682415962219, 0.0]","Feature_Vector: [1.0, 0.0, 0.0, 0.5560682415962219, 0.0]",1,tweet_9977_969220
5705,7895,"Feature_Vector: [1.0, 1.0, 0.0, 0.44831234216690063, 0.0]","Feature_Vector: [1.0, 1.0, 0.0, 0.35378092527389526, 0.0]",3,tweet_7895_1183305
3282,8122,"Feature_Vector: [0.0, 0.0, 0.0, 0.2903984487056732, 0.0]","Feature_Vector: [1.0, 1.0, 0.0, 0.5808407068252563, 0.0]",2,tweet_8122_1307274
1053,8846,"Feature_Vector: [1.0, 1.0, 0.0, 0.3024599552154541, 0.0]","Feature_Vector: [1.0, 1.0, 0.0, 0.3003002405166626, 1.0]",1,tweet_8846_26481
47,9861,"Feature_Vector: [1.0, 1.0, 0.0, 0.25631222128868103, 0.0]","Feature_Vector: [0.0, 0.0, 0.0, 0.648874819278717, 0.0]",1,tweet_9861_289694
8530,2571,"Feature_Vector: [1.0, 1.0, 0.0, 0.3493451774120331, 0.0]","Feature_Vector: [1.0, 1.0, 0.0, 0.3786461353302002, 0.0]",1,tweet_2571_593882
4312,9228,"Feature_Vector: [1.0, 1.0, 0.0, 0.2890709638595581, 0.0]","Feature_Vector: [1.0, 1.0, 0.0, 0.14470288157463074, 0.0]",3,tweet_9228_1157662
6596,3195,"Feature_Vector: [1.0, 1.0, 0.0, 0.3029871881008148, 0.0]","Feature_Vector: [1.0, 1.0, 0.0, 0.41611403226852417, 0.0]",1,tweet_3195_529843
9258,2600,"Feature_Vector: [1.0, 1.0, 0.0, 0.44137483835220337, 0.0]","Feature_Vector: [1.0, 1.0, 0.0, 0.4457601010799408, 0.0]",1,tweet_2600_255674
3249,7087,"Feature_Vector: [0.0, 0.0, 0.0, 0.5426231622695923, 0.0]","Feature_Vector: [1.0, 1.0, 1.0, 0.6930900812149048, 0.0]",1,tweet_7087_997409
8801,3270,"Feature_Vector: [1.0, 1.0, 0.0, 0.2598029375076294, 0.0]","Feature_Vector: [1.0, 1.0, 0.0, 0.29006949067115784, 0.0]",1,tweet_3270_244218
8441,736,"Feature_Vector: [1.0, 1.0, 0.0, 0.3656613826751709, 0.0]","Feature_Vector: [1.0, 1.0, 0.0, 0.52010577917099, 0.0]",1,tweet_736_737034
2180,2180,"Feature_Vector: [1.0, 0.0, 1.0, 0.8602653741836548, 0.0]","Feature_Vector: [1.0, 0.0, 1.0, 0.8602653741836548, 0.0]",1,tweet_2180_794077
2986,9601,"Feature_Vector: [1.0, 1.0, 0.0, 0.39299169182777405, 0.0]","Feature_Vector: [1.0, 1.0, 0.0, 0.41900601983070374, 0.0]",3,tweet_9601_1128566
6846,328,"Feature_Vector: [1.0, 1.0, 0.0, 0.34758755564689636, 0.0]","Feature_Vector: [1.0, 0.0, 1.0, 0.6683395504951477, 0.0]",1,tweet_328_537139
8945,8945,"Feature_Vector: [0.0, 0.0, 0.0, 0.43050360679626465, 0.0]","Feature_Vector: [0.0, 0.0, 0.0, 0.43050360679626465, 0.0]",1,tweet_8945_939389
3043,9240,"Feature_Vector: [1.0, 1.0, 0.0, 0.47009843587875366, 0.0]","Feature_Vector: [1.0, 1.0, 0.0, 0.4058777093887329, 0.0]",1,tweet_9240_400650
5037,5037,"Feature_Vector: [1.0, 1.0, 0.0, 0.2666979134082794, 0.0]","Feature_Vector: [1.0, 1.0, 0.0, 0.2666979134082794, 0.0]",1,tweet_5037_859925
3627,3627,"Feature_Vector: [1.0, 1.0, 0.0, 0.27714985609054565, 0.0]","Feature_Vector: [1.0, 1.0, 0.0, 0.27714985609054565, 0.0]",1,tweet_3627_828680
4734,4521,"Feature_Vector: [1.0, 1.0, 0.0, 0.3388513922691345, 0.0]","Feature_Vector: [1.0, 1.0, 0.0, 0.2775631546974182, 0.0]",1,tweet_4521_132265
9186,4825,"Feature_Vector: [1.0, 1.0, 0.0, 0.3712500035762787, 0.0]","Feature_Vector: [1.0, 1.0, 0.0, 0.3631889522075653, 0.0]",1,tweet_4825_254365
2396,1830,"Feature_Vector: [1.0, 1.0, 0.0, 0.2714817523956299, 0.0]","Feature_Vector: [1.0, 1.0, 0.0, 0.3219694495201111, 0.0]",1,tweet_1830_375658
3597,3597,"Feature_Vector: [1.0, 0.0, 0.0, 0.43761786818504333, 0.0]","Feature_Vector: [1.0, 0.0, 0.0, 0.43761786818504333, 0.0]",1,tweet_3597_828139
2379,10131,"Feature_Vector: [1.0, 0.0, 0.0, 0.5706999897956848, 0.0]","Feature_Vector: [1.0, 1.0, 0.0, 0.4149360656738281, 0.0]",3,tweet_10131_1114463
1110,4683,"Feature_Vector: [1.0, 1.0, 0.0, 0.45521828532218933, 0.0]","Feature_Vector: [1.0, 1.0, 0.0, 0.25808456540107727, 0.0]",3,tweet_4683_1079361
3487,3487,"Feature_Vector: [1.0, 1.0, 1.0, 0.6530749797821045, 0.0]","Feature_Vector: [1.0, 1.0, 1.0, 0.6530749797821045, 0.0]",1,tweet_3487_823599
3956,3977,"Feature_Vector: [1.0, 1.0, 0.0, 0.3400883078575134, 0.0]","Feature_Vector: [1.0, 1.0, 0.0, 0.3168729245662689, 0.0]",1,tweet_3977_431449
9440,3827,"Feature_Vector: [1.0, 1.0, 0.0, 0.3178894519805908, 0.0]","Feature_Vector: [1.0, 1.0, 0.0, 0.15641696751117706, 1.0]",1,tweet_3827_260712
4694,7770,"Feature_Vector: [1.0, 1.0, 0.0, 0.3756149709224701, 0.0]","Feature_Vector: [1.0, 1.0, 0.0, 0.43354088068008423, 0.0]",1,tweet_7770_1008702
497,497,"Feature_Vector: [1.0, 0.0, 0.0, 0.6463010311126709, 0.0]","Feature_Vector: [1.0, 0.0, 0.0, 0.6463010311126709, 0.0]",1,tweet_497_974255
9327,1975,"Feature_Vector: [1.0, 1.0, 0.0, 0.3902098834514618, 0.0]","Feature_Vector: [1.0, 1.0, 0.0, 0.4324408173561096, 0.0]",1,tweet_1975_620752
2577,3400,"Feature_Vector: [1.0, 1.0, 0.0, 0.34490638971328735, 0.0]","Feature_Vector: [1.0, 1.0, 0.0, 0.26414474844932556, 0.0]",1,tweet_3400_71159
6970,7207,"Feature_Vector: [1.0, 1.0, 0.0, 0.36827796697616577, 0.0]","Feature_Vector: [0.0, 0.0, 0.0, 0.508985161781311, 0.0]",1,tweet_7207_899326
921,2893,"Feature_Vector: [1.0, 1.0, 0.0, 0.3357084393501282, 0.0]","Feature_Vector: [1.0, 1.0, 0.0, 0.6793380975723267, 0.0]",1,tweet_2893_768594
7568,6853,"Feature_Vector: [1.0, 1.0, 0.0, 0.38942164182662964, 0.0]","Feature_Vector: [1.0, 1.0, 0.0, 0.44064778089523315, 0.0]",1,tweet_6853_729769
1806,2586,"Feature_Vector: [1.0, 1.0, 0.0, 0.28230011463165283, 0.0]","Feature_Vector: [1.0, 1.0, 0.0, 0.422012060880661, 0.0]",3,tweet_2586_1101183
4069,9547,"Feature_Vector: [1.0, 1.0, 0.0, 0.36727944016456604, 0.0]","Feature_Vector: [1.0, 1.0, 0.0, 0.3969973921775818, 0.0]",1,tweet_9547_112375
2379,8556,"Feature_Vector: [1.0, 0.0, 0.0, 0.5706999897956848, 0.0]","Feature_Vector: [1.0, 1.0, 1.0, 0.5624136924743652, 0.0]",1,tweet_8556_374650
5871,5871,"Feature_Vector: [1.0, 1.0, 0.0, 0.486001580953598, 0.0]","Feature_Vector: [1.0, 1.0, 0.0, 0.486001580953598, 0.0]",1,tweet_5871_880524
9957,2926,"Feature_Vector: [1.0, 1.0, 0.0, 0.4231460690498352, 0.0]","Feature_Vector: [1.0, 1.0, 0.0, 0.4085656404495239, 0.0]",1,tweet_2926_647874
6309,2701,"Feature_Vector: [1.0, 1.0, 0.0, 0.396198570728302, 0.0]","Feature_Vector: [1.0, 1.0, 0.0, 0.5009790658950806, 0.0]",1,tweet_2701_519535
93,8486,"Feature_Vector: [1.0, 1.0, 0.0, 0.3084833025932312, 0.0]","Feature_Vector: [1.0, 1.0, 0.0, 0.4063836932182312, 0.0]",2,tweet_8486_1220211
2660,4741,"Feature_Vector: [1.0, 1.0, 0.0, 0.3427436351776123, 0.0]","Feature_Vector: [1.0, 1.0, 0.0, 0.2859647274017334, 0.0]",1,tweet_4741_74614
6929,9423,"Feature_Vector: [0.0, 0.0, 0.0, 0.6057628393173218, 0.0]","Feature_Vector: [1.0, 1.0, 0.0, 0.37225815653800964, 0.0]",2,tweet_9423_1198806
7162,8296,"Feature_Vector: [1.0, 1.0, 0.0, 0.29511559009552, 0.0]","Feature_Vector: [1.0, 0.0, 1.0, 0.8148944973945618, 0.0]",1,tweet_8296_547797
1565,3532,"Feature_Vector: [1.0, 1.0, 0.0, 0.3780944049358368, 0.0]","Feature_Vector: [0.0, 0.0, 0.0, 0.5156269073486328, 0.0]",1,tweet_3532_42955
832,9018,"Feature_Vector: [1.0, 0.0, 1.0, 0.7062491774559021, 0.0]","Feature_Vector: [1.0, 1.0, 0.0, 0.36942100524902344, 0.0]",3,tweet_9018_1245081
3730,4728,"Feature_Vector: [1.0, 1.0, 0.0, 0.2807649075984955, 0.0]","Feature_Vector: [1.0, 0.0, 1.0, 0.5780017971992493, 0.0]",3,tweet_4728_1146132
5743,1326,"Feature_Vector: [1.0, 1.0, 0.0, 0.3516066372394562, 0.0]","Feature_Vector: [1.0, 1.0, 0.0, 0.2907254993915558, 0.0]",1,tweet_1326_160105
242,605,"Feature_Vector: [1.0, 1.0, 0.0, 0.4232395589351654, 0.0]","Feature_Vector: [0.0, 0.0, 0.0, 0.34758755564689636, 0.0]",1,tweet_605_6678
7546,7546,"Feature_Vector: [0.0, 0.0, 0.0, 0.3883917033672333, 0.0]","Feature_Vector: [0.0, 0.0, 0.0, 0.3883917033672333, 0.0]",1,tweet_7546_912139
732,4621,"Feature_Vector: [1.0, 1.0, 0.0, 0.4108993411064148, 0.0]","Feature_Vector: [1.0, 1.0, 0.0, 0.3656613826751709, 0.0]",3,tweet_4621_1069018
4621,8321,"Feature_Vector: [1.0, 1.0, 0.0, 0.3656613826751709, 0.0]","Feature_Vector: [1.0, 1.0, 0.0, 0.41373297572135925, 0.0]",4,tweet_8321_1164990
3985,2907,"Feature_Vector: [1.0, 1.0, 0.0, 0.3314371109008789, 0.0]","Feature_Vector: [1.0, 1.0, 0.0, 0.43354088068008423, 0.0]",1,tweet_2907_110112
5093,158,"Feature_Vector: [1.0, 1.0, 0.0, 0.3630985915660858, 0.0]","Feature_Vector: [1.0, 1.0, 0.0, 0.20216599106788635, 0.0]",1,tweet_158_143808
3420,921,"Feature_Vector: [1.0, 1.0, 0.0, 0.44658946990966797, 0.0]","Feature_Vector: [1.0, 1.0, 0.0, 0.3357084393501282, 0.0]",1,tweet_921_94806
3517,9013,"Feature_Vector: [1.0, 0.0, 0.0, 0.33701542019844055, 0.0]","Feature_Vector: [0.0, 0.0, 0.0, 0.3232664167881012, 0.0]",2,tweet_9013_1311813
700,120,"Feature_Vector: [1.0, 1.0, 0.0, 0.3096611201763153, 0.0]","Feature_Vector: [1.0, 1.0, 0.0, 0.29420316219329834, 0.0]",1,tweet_120_311505
8124,9848,"Feature_Vector: [1.0, 1.0, 0.0, 0.3412986993789673, 0.0]","Feature_Vector: [1.0, 1.0, 0.0, 0.3304781913757324, 0.0]",1,tweet_9848_580497
7213,90,"Feature_Vector: [1.0, 1.0, 0.0, 0.4025183916091919, 0.0]","Feature_Vector: [0.0, 0.0, 0.0, 0.24650456011295319, 1.0]",1,tweet_90_202269
8685,1123,"Feature_Vector: [1.0, 1.0, 0.0, 0.3679471015930176, 0.0]","Feature_Vector: [1.0, 1.0, 0.0, 0.4119739532470703, 0.0]",1,tweet_1123_599470
5881,5881,"Feature_Vector: [1.0, 1.0, 0.0, 0.37939608097076416, 0.0]","Feature_Vector: [1.0, 1.0, 0.0, 0.37939608097076416, 0.0]",1,tweet_5881_1017901
5973,7308,"Feature_Vector: [1.0, 1.0, 0.0, 0.2791867256164551, 0.0]","Feature_Vector: [1.0, 1.0, 0.0, 0.36069756746292114, 0.0]",1,tweet_7308_506475
7035,7035,"Feature_Vector: [1.0, 1.0, 1.0, 0.4686276614665985, 0.0]","Feature_Vector: [1.0, 1.0, 1.0, 0.4686276614665985, 0.0]",1,tweet_7035_901114
7973,2142,"Feature_Vector: [1.0, 1.0, 0.0, 0.14470288157463074, 0.0]","Feature_Vector: [1.0, 1.0, 0.0, 0.3314371109008789, 0.0]",1,tweet_2142_733146
7331,106,"Feature_Vector: [1.0, 1.0, 0.0, 0.2646647095680237, 0.0]","Feature_Vector: [0.0, 0.0, 1.0, 0.7920801639556885, 0.0]",1,tweet_106_908131
4858,3487,"Feature_Vector: [1.0, 1.0, 0.0, 0.43587809801101685, 0.0]","Feature_Vector: [1.0, 1.0, 1.0, 0.6530749797821045, 0.0]",1,tweet_3487_1010333
1438,6639,"Feature_Vector: [1.0, 1.0, 0.0, 0.32867667078971863, 0.0]","Feature_Vector: [1.0, 1.0, 0.0, 0.2945089638233185, 0.0]",3,tweet_6639_1089574
3466,4974,"Feature_Vector: [1.0, 1.0, 0.0, 0.26866039633750916, 0.0]","Feature_Vector: [1.0, 1.0, 0.0, 0.4667443633079529, 0.0]",2,tweet_4974_1310947
4694,3340,"Feature_Vector: [1.0, 1.0, 0.0, 0.3756149709224701, 0.0]","Feature_Vector: [1.0, 0.0, 0.0, 0.5463641285896301, 0.0]",1,tweet_3340_853714
3066,8250,"Feature_Vector: [0.0, 0.0, 0.0, 0.24791501462459564, 0.0]","Feature_Vector: [0.0, 0.0, 0.0, 0.5931379795074463, 0.0]",1,tweet_8250_684865
6786,4522,"Feature_Vector: [1.0, 1.0, 0.0, 0.43137282133102417, 0.0]","Feature_Vector: [1.0, 1.0, 0.0, 0.39234939217567444, 0.0]",1,tweet_4522_535317
6853,9074,"Feature_Vector: [1.0, 1.0, 0.0, 0.44064778089523315, 0.0]","Feature_Vector: [1.0, 1.0, 0.0, 0.19894136488437653, 0.0]",1,tweet_9074_896072
9287,9287,"Feature_Vector: [1.0, 1.0, 0.0, 0.43819403648376465, 0.0]","Feature_Vector: [1.0, 1.0, 0.0, 0.43819403648376465, 0.0]",1,tweet_9287_945327
5944,5944,"Feature_Vector: [1.0, 1.0, 1.0, 0.6163211464881897, 0.0]","Feature_Vector: [1.0, 1.0, 1.0, 0.6163211464881897, 0.0]",1,tweet_5944_882111
1213,6070,"Feature_Vector: [1.0, 1.0, 0.0, 0.3689339756965637, 0.0]","Feature_Vector: [1.0, 1.0, 0.0, 0.36702701449394226, 0.0]",1,tweet_6070_329526
1811,9079,"Feature_Vector: [1.0, 1.0, 0.0, 0.39694780111312866, 0.0]","Feature_Vector: [1.0, 0.0, 1.0, 0.5973740220069885, 0.0]",1,tweet_9079_787663
5525,1975,"Feature_Vector: [1.0, 1.0, 0.0, 0.44605177640914917, 0.0]","Feature_Vector: [1.0, 1.0, 0.0, 0.4324408173561096, 0.0]",1,tweet_1975_155227
4792,8720,"Feature_Vector: [1.0, 1.0, 0.0, 0.6673864722251892, 0.0]","Feature_Vector: [1.0, 0.0, 0.0, 0.28666993975639343, 0.0]",3,tweet_8720_1336093
1764,3545,"Feature_Vector: [1.0, 1.0, 0.0, 0.34076395630836487, 0.0]","Feature_Vector: [1.0, 1.0, 0.0, 0.37488609552383423, 0.0]",1,tweet_3545_986045
5569,8250,"Feature_Vector: [1.0, 1.0, 0.0, 0.24127022922039032, 0.0]","Feature_Vector: [0.0, 0.0, 0.0, 0.5931379795074463, 0.0]",1,tweet_8250_710003
1858,1627,"Feature_Vector: [0.0, 0.0, 0.0, 0.443956196308136, 0.0]","Feature_Vector: [1.0, 1.0, 0.0, 0.6856462955474854, 0.0]",1,tweet_1627_356755
2504,4815,"Feature_Vector: [1.0, 1.0, 0.0, 0.40807896852493286, 0.0]","Feature_Vector: [0.0, 0.0, 0.0, 0.3431313931941986, 0.0]",2,tweet_4815_1290886
4392,5035,"Feature_Vector: [1.0, 1.0, 0.0, 0.439864844083786, 0.0]","Feature_Vector: [1.0, 1.0, 0.0, 0.2977674603462219, 0.0]",4,tweet_5035_1159215
4521,1978,"Feature_Vector: [1.0, 1.0, 0.0, 0.2775631546974182, 0.0]","Feature_Vector: [1.0, 1.0, 0.0, 0.2159947007894516, 0.0]",1,tweet_1978_451362
4192,4192,"Feature_Vector: [1.0, 1.0, 0.0, 0.37575963139533997, 0.0]","Feature_Vector: [1.0, 1.0, 0.0, 0.37575963139533997, 0.0]",1,tweet_4192_1005513
4570,3019,"Feature_Vector: [0.0, 0.0, 0.0, 0.48757606744766235, 0.0]","Feature_Vector: [0.0, 0.0, 0.0, 0.39549019932746887, 0.0]",1,tweet_3019_850939
9902,3703,"Feature_Vector: [1.0, 1.0, 0.0, 0.4552888870239258, 0.0]","Feature_Vector: [1.0, 1.0, 0.0, 0.4472239315509796, 0.0]",1,tweet_3703_646324
2031,2031,"Feature_Vector: [1.0, 0.0, 0.0, 0.4753172993659973, 0.0]","Feature_Vector: [1.0, 0.0, 0.0, 0.4753172993659973, 0.0]",1,tweet_2031_987731
4670,8623,"Feature_Vector: [0.0, 0.0, 1.0, 0.5267648696899414, 0.0]","Feature_Vector: [1.0, 1.0, 0.0, 0.38518407940864563, 0.0]",3,tweet_8623_1166442
1174,1174,"Feature_Vector: [1.0, 0.0, 0.0, 0.4077521562576294, 0.0]","Feature_Vector: [1.0, 0.0, 0.0, 0.4077521562576294, 0.0]",1,tweet_1174_772557
3458,3458,"Feature_Vector: [1.0, 0.0, 0.0, 0.41781899333000183, 0.0]","Feature_Vector: [1.0, 0.0, 0.0, 0.41781899333000183, 0.0]",1,tweet_3458_999694
242,9957,"Feature_Vector: [1.0, 1.0, 0.0, 0.4232395589351654, 0.0]","Feature_Vector: [1.0, 1.0, 0.0, 0.4231460690498352, 0.0]",1,tweet_9957_6683
6153,7784,"Feature_Vector: [1.0, 1.0, 0.0, 0.35313737392425537, 0.0]","Feature_Vector: [1.0, 1.0, 0.0, 0.09079723805189133, 0.0]",2,tweet_7784_1357389
9556,3417,"Feature_Vector: [1.0, 1.0, 0.0, 0.43718186020851135, 0.0]","Feature_Vector: [1.0, 1.0, 0.0, 0.3214043378829956, 0.0]",1,tweet_3417_632354
2936,5092,"Feature_Vector: [1.0, 1.0, 0.0, 0.3307996392250061, 0.0]","Feature_Vector: [1.0, 1.0, 0.0, 0.2710212171077728, 0.0]",1,tweet_5092_395499
7930,872,"Feature_Vector: [1.0, 1.0, 0.0, 0.5318914651870728, 0.0]","Feature_Vector: [1.0, 1.0, 0.0, 0.35838672518730164, 0.0]",1,tweet_872_573463
5930,9260,"Feature_Vector: [1.0, 1.0, 0.0, 0.28525060415267944, 1.0]","Feature_Vector: [1.0, 1.0, 0.0, 0.554205060005188, 0.0]",1,tweet_9260_881428
2028,10057,"Feature_Vector: [1.0, 1.0, 0.0, 0.34076395630836487, 0.0]","Feature_Vector: [1.0, 1.0, 0.0, 0.3638172745704651, 0.0]",3,tweet_10057_1279914
2557,117,"Feature_Vector: [1.0, 1.0, 0.0, 0.3674471080303192, 0.0]","Feature_Vector: [0.0, 0.0, 0.0, 0.4750569462776184, 0.0]",1,tweet_117_993065
6562,9500,"Feature_Vector: [1.0, 1.0, 0.0, 0.23720981180667877, 0.0]","Feature_Vector: [1.0, 1.0, 0.0, 0.49002063274383545, 0.0]",3,tweet_9500_1195487
9744,6758,"Feature_Vector: [1.0, 1.0, 0.0, 0.45268961787223816, 0.0]","Feature_Vector: [1.0, 1.0, 0.0, 0.4459894001483917, 0.0]",1,tweet_6758_639436
4565,8889,"Feature_Vector: [1.0, 1.0, 0.0, 0.33127841353416443, 0.0]","Feature_Vector: [1.0, 0.0, 0.0, 0.21720798313617706, 0.0]",2,tweet_8889_1331901
1650,960,"Feature_Vector: [1.0, 1.0, 0.0, 0.4598126709461212, 0.0]","Feature_Vector: [1.0, 1.0, 1.0, 0.5941839218139648, 0.0]",1,tweet_960_347812
5650,5650,"Feature_Vector: [1.0, 0.0, 0.0, 0.26866039633750916, 0.0]","Feature_Vector: [1.0, 0.0, 0.0, 0.26866039633750916, 0.0]",1,tweet_5650_710811
535,8685,"Feature_Vector: [1.0, 1.0, 0.0, 0.4136961102485657, 0.0]","Feature_Vector: [1.0, 1.0, 0.0, 0.3679471015930176, 0.0]",1,tweet_8685_12580
1025,6233,"Feature_Vector: [1.0, 1.0, 0.0, 0.3615403175354004, 0.0]","Feature_Vector: [1.0, 1.0, 0.0, 0.3770450949668884, 0.0]",4,tweet_6233_1077953
2917,2917,"Feature_Vector: [1.0, 0.0, 0.0, 0.35916757583618164, 0.0]","Feature_Vector: [1.0, 0.0, 0.0, 0.35916757583618164, 0.0]",1,tweet_2917_995122
1578,4830,"Feature_Vector: [0.0, 0.0, 0.0, 0.5867338180541992, 0.0]","Feature_Vector: [1.0, 0.0, 1.0, 0.7055684924125671, 0.0]",1,tweet_4830_984579
9760,9760,"Feature_Vector: [1.0, 0.0, 0.0, 0.5500601530075073, 0.0]","Feature_Vector: [1.0, 0.0, 0.0, 0.5500601530075073, 0.0]",1,tweet_9760_1043329
3315,7369,"Feature_Vector: [1.0, 1.0, 0.0, 0.41035425662994385, 0.0]","Feature_Vector: [1.0, 0.0, 0.0, 0.4846026599407196, 0.0]",1,tweet_7369_819381
4986,8004,"Feature_Vector: [1.0, 0.0, 0.0, 0.3241748809814453, 0.0]","Feature_Vector: [0.0, 0.0, 0.0, 0.4078340232372284, 0.0]",3,tweet_8004_1339609
7699,9261,"Feature_Vector: [1.0, 1.0, 0.0, 0.3373017907142639, 0.0]","Feature_Vector: [1.0, 0.0, 0.0, 0.3586808145046234, 0.0]",3,tweet_9261_1375080
3997,3997,"Feature_Vector: [0.0, 0.0, 0.0, 0.464572012424469, 0.0]","Feature_Vector: [0.0, 0.0, 0.0, 0.464572012424469, 0.0]",1,tweet_3997_1004151
3237,3393,"Feature_Vector: [1.0, 1.0, 0.0, 0.1792914718389511, 0.0]","Feature_Vector: [0.0, 0.0, 0.0, 0.46129104495048523, 0.0]",1,tweet_3393_407023
8394,5224,"Feature_Vector: [1.0, 1.0, 0.0, 0.3523772060871124, 0.0]","Feature_Vector: [1.0, 1.0, 0.0, 0.4832434356212616, 0.0]",1,tweet_5224_736735
10026,2431,"Feature_Vector: [1.0, 1.0, 0.0, 0.22398598492145538, 0.0]","Feature_Vector: [1.0, 1.0, 0.0, 0.3569936752319336, 0.0]",1,tweet_2431_282229
1745,1745,"Feature_Vector: [1.0, 1.0, 0.0, 0.23373699188232422, 0.0]","Feature_Vector: [1.0, 1.0, 0.0, 0.23373699188232422, 0.0]",1,tweet_1745_783463
1202,10193,"Feature_Vector: [1.0, 1.0, 0.0, 0.3983202576637268, 0.0]","Feature_Vector: [0.0, 0.0, 0.0, 0.47165074944496155, 0.0]",1,tweet_10193_329065
368,9245,"Feature_Vector: [1.0, 1.0, 0.0, 0.5738382339477539, 0.0]","Feature_Vector: [1.0, 0.0, 0.0, 0.344404935836792, 0.0]",3,tweet_9245_1229548
4638,4630,"Feature_Vector: [1.0, 1.0, 0.0, 0.39674896001815796, 0.0]","Feature_Vector: [1.0, 1.0, 0.0, 0.3704620599746704, 0.0]",1,tweet_4630_129554
6539,6539,"Feature_Vector: [1.0, 0.0, 0.0, 0.5984246134757996, 0.0]","Feature_Vector: [1.0, 0.0, 0.0, 0.5984246134757996, 0.0]",1,tweet_6539_1021233
10029,2584,"Feature_Vector: [1.0, 1.0, 0.0, 0.4210493266582489, 0.0]","Feature_Vector: [1.0, 1.0, 0.0, 0.5331700444221497, 0.0]",1,tweet_2584_651174
9812,3020,"Feature_Vector: [1.0, 1.0, 0.0, 0.23636144399642944, 0.0]","Feature_Vector: [1.0, 1.0, 0.0, 0.23550012707710266, 0.0]",1,tweet_3020_274435
1803,7723,"Feature_Vector: [1.0, 1.0, 0.0, 0.3454034626483917, 0.0]","Feature_Vector: [1.0, 1.0, 1.0, 0.709007740020752, 0.0]",1,tweet_7723_353767
1202,4499,"Feature_Vector: [1.0, 1.0, 0.0, 0.3983202576637268, 0.0]","Feature_Vector: [1.0, 1.0, 0.0, 0.3763345777988434, 0.0]",1,tweet_4499_30751
3965,9984,"Feature_Vector: [1.0, 1.0, 0.0, 0.35658925771713257, 0.0]","Feature_Vector: [1.0, 1.0, 0.0, 0.37309733033180237, 0.0]",1,tweet_9984_431979
1285,6402,"Feature_Vector: [1.0, 1.0, 0.0, 0.36540159583091736, 0.0]","Feature_Vector: [1.0, 1.0, 0.0, 0.14888373017311096, 0.0]",3,tweet_6402_1084485
8886,8886,"Feature_Vector: [1.0, 1.0, 0.0, 0.2710212171077728, 0.0]","Feature_Vector: [1.0, 1.0, 0.0, 0.2710212171077728, 0.0]",1,tweet_8886_1037161
9769,9769,"Feature_Vector: [0.0, 0.0, 0.0, 0.3689339756965637, 0.0]","Feature_Vector: [0.0, 0.0, 0.0, 0.3689339756965637, 0.0]",1,tweet_9769_956913
3820,2907,"Feature_Vector: [1.0, 1.0, 1.0, 0.5129745006561279, 0.0]","Feature_Vector: [1.0, 1.0, 0.0, 0.43354088068008423, 0.0]",1,tweet_2907_106211
8083,8083,"Feature_Vector: [1.0, 1.0, 0.0, 0.4227392077445984, 0.0]","Feature_Vector: [1.0, 1.0, 0.0, 0.4227392077445984, 0.0]",1,tweet_8083_1031811
1575,4533,"Feature_Vector: [1.0, 1.0, 0.0, 0.5012218356132507, 0.0]","Feature_Vector: [1.0, 1.0, 0.0, 0.3865726590156555, 0.0]",1,tweet_4533_43317
7405,2101,"Feature_Vector: [1.0, 1.0, 0.0, 0.3886222243309021, 0.0]","Feature_Vector: [1.0, 1.0, 0.0, 0.26201561093330383, 0.0]",1,tweet_2101_909917
7552,9796,"Feature_Vector: [1.0, 1.0, 0.0, 0.39549019932746887, 1.0]","Feature_Vector: [1.0, 1.0, 0.0, 0.3024599552154541, 0.0]",3,tweet_9796_1204848
7999,7999,"Feature_Vector: [1.0, 1.0, 0.0, 0.26255548000335693, 0.0]","Feature_Vector: [1.0, 1.0, 0.0, 0.26255548000335693, 0.0]",1,tweet_7999_921677
3071,6407,"Feature_Vector: [1.0, 1.0, 0.0, 0.3828759789466858, 0.0]","Feature_Vector: [1.0, 1.0, 0.0, 0.5106427073478699, 0.0]",1,tweet_6407_85282
9975,2660,"Feature_Vector: [1.0, 1.0, 0.0, 0.341431587934494, 0.0]","Feature_Vector: [1.0, 1.0, 0.0, 0.3427436351776123, 0.0]",1,tweet_2660_752225
549,2519,"Feature_Vector: [1.0, 1.0, 0.0, 0.41482776403427124, 0.0]","Feature_Vector: [1.0, 1.0, 0.0, 0.31081485748291016, 0.0]",1,tweet_2519_306154
3203,8540,"Feature_Vector: [1.0, 0.0, 0.0, 0.352704256772995, 0.0]","Feature_Vector: [1.0, 1.0, 1.0, 0.6127685308456421, 0.0]",1,tweet_8540_405549
2079,9172,"Feature_Vector: [1.0, 1.0, 0.0, 0.15277598798274994, 0.0]","Feature_Vector: [1.0, 1.0, 0.0, 0.20810995995998383, 0.0]",2,tweet_9172_1281289
9418,7376,"Feature_Vector: [1.0, 0.0, 0.0, 0.3708574175834656, 0.0]","Feature_Vector: [1.0, 1.0, 0.0, 0.2815377116203308, 1.0]",1,tweet_7376_259998
4630,2611,"Feature_Vector: [1.0, 1.0, 0.0, 0.3704620599746704, 0.0]","Feature_Vector: [1.0, 1.0, 0.0, 0.3750326335430145, 0.0]",1,tweet_2611_455531
6408,6408,"Feature_Vector: [1.0, 1.0, 0.0, 0.48257309198379517, 0.0]","Feature_Vector: [1.0, 1.0, 0.0, 0.48257309198379517, 0.0]",1,tweet_6408_890298
2313,5622,"Feature_Vector: [1.0, 1.0, 0.0, 0.4022480249404907, 0.0]","Feature_Vector: [1.0, 1.0, 0.0, 0.2960134446620941, 0.0]",1,tweet_5622_63083
4208,7714,"Feature_Vector: [1.0, 1.0, 0.0, 0.3217816948890686, 0.0]","Feature_Vector: [1.0, 1.0, 0.0, 0.48234423995018005, 0.0]",3,tweet_7714_1156182
5711,2860,"Feature_Vector: [1.0, 1.0, 0.0, 0.20810995995998383, 0.0]","Feature_Vector: [1.0, 1.0, 0.0, 0.3922955393791199, 0.0]",1,tweet_2860_711346
5912,8486,"Feature_Vector: [1.0, 1.0, 0.0, 0.47838640213012695, 0.0]","Feature_Vector: [1.0, 1.0, 0.0, 0.4063836932182312, 0.0]",1,tweet_8486_713870
9923,4728,"Feature_Vector: [1.0, 1.0, 0.0, 0.3168729245662689, 0.0]","Feature_Vector: [1.0, 0.0, 1.0, 0.5780017971992493, 0.0]",1,tweet_4728_1044652
9632,6984,"Feature_Vector: [1.0, 1.0, 0.0, 0.3016597032546997, 0.0]","Feature_Vector: [1.0, 1.0, 0.0, 0.28666993975639343, 0.0]",1,tweet_6984_635365
4233,4233,"Feature_Vector: [0.0, 0.0, 1.0, 0.45695748925209045, 0.0]","Feature_Vector: [0.0, 0.0, 1.0, 0.45695748925209045, 0.0]",1,tweet_4233_843482
363,7722,"Feature_Vector: [1.0, 0.0, 0.0, 0.5517925024032593, 0.0]","Feature_Vector: [1.0, 1.0, 0.0, 0.31646111607551575, 0.0]",2,tweet_7722_1229381
5200,234,"Feature_Vector: [1.0, 1.0, 0.0, 0.3580910861492157, 0.0]","Feature_Vector: [1.0, 1.0, 0.0, 0.4613068997859955, 0.0]",1,tweet_234_147298
6691,4782,"Feature_Vector: [1.0, 1.0, 0.0, 0.41246598958969116, 0.0]","Feature_Vector: [1.0, 1.0, 0.0, 0.07820848375558853, 0.0]",1,tweet_4782_188275
1513,5163,"Feature_Vector: [1.0, 1.0, 0.0, 0.41453787684440613, 0.0]","Feature_Vector: [1.0, 1.0, 0.0, 0.4239818751811981, 0.0]",1,tweet_5163_40530
2332,2332,"Feature_Vector: [1.0, 1.0, 1.0, 0.6547492742538452, 0.0]","Feature_Vector: [1.0, 1.0, 1.0, 0.6547492742538452, 0.0]",1,tweet_2332_990612
3639,3639,"Feature_Vector: [1.0, 1.0, 0.0, 0.3891374468803406, 0.0]","Feature_Vector: [1.0, 1.0, 0.0, 0.3891374468803406, 0.0]",1,tweet_3639_829165
1246,7964,"Feature_Vector: [1.0, 1.0, 0.0, 0.2052162140607834, 0.0]","Feature_Vector: [0.0, 0.0, 0.0, 0.3024599552154541, 0.0]",3,tweet_7964_1258267
8847,5027,"Feature_Vector: [1.0, 1.0, 0.0, 0.35462769865989685, 0.0]","Feature_Vector: [1.0, 1.0, 0.0, 0.3433884084224701, 0.0]",1,tweet_5027_605195
3983,2397,"Feature_Vector: [1.0, 1.0, 0.0, 0.38249263167381287, 0.0]","Feature_Vector: [1.0, 1.0, 0.0, 0.30605122447013855, 0.0]",1,tweet_2397_432765
2660,1497,"Feature_Vector: [1.0, 1.0, 0.0, 0.3427436351776123, 0.0]","Feature_Vector: [1.0, 1.0, 0.0, 0.33715879917144775, 0.0]",1,tweet_1497_386248
9353,4462,"Feature_Vector: [1.0, 0.0, 0.0, 0.4432618319988251, 0.0]","Feature_Vector: [1.0, 1.0, 0.0, 0.37488609552383423, 0.0]",1,tweet_4462_1039728
2033,2374,"Feature_Vector: [1.0, 1.0, 0.0, 0.2870192527770996, 0.0]","Feature_Vector: [1.0, 0.0, 0.0, 0.3168729245662689, 0.0]",2,tweet_2374_1280077
7225,999,"Feature_Vector: [1.0, 1.0, 0.0, 0.39942318201065063, 0.0]","Feature_Vector: [1.0, 1.0, 0.0, 0.40705132484436035, 0.0]",1,tweet_999_550398
2155,6976,"Feature_Vector: [1.0, 1.0, 0.0, 0.3578931391239166, 0.0]","Feature_Vector: [1.0, 1.0, 0.0, 0.44685637950897217, 0.0]",1,tweet_6976_58240
1274,2418,"Feature_Vector: [1.0, 1.0, 0.0, 0.4834686815738678, 0.0]","Feature_Vector: [1.0, 1.0, 0.0, 0.41877058148384094, 0.0]",1,tweet_2418_32957
732,9117,"Feature_Vector: [1.0, 1.0, 0.0, 0.4108993411064148, 0.0]","Feature_Vector: [1.0, 1.0, 0.0, 0.42108166217803955, 0.0]",1,tweet_9117_312385
5354,5354,"Feature_Vector: [1.0, 1.0, 0.0, 0.2719385623931885, 0.0]","Feature_Vector: [1.0, 1.0, 0.0, 0.2719385623931885, 0.0]",1,tweet_5354_866700
8148,6672,"Feature_Vector: [1.0, 1.0, 0.0, 0.4502934217453003, 0.0]","Feature_Vector: [0.0, 0.0, 0.0, 0.3440258800983429, 0.0]",1,tweet_6672_227654
9803,2907,"Feature_Vector: [1.0, 1.0, 0.0, 0.3866918087005615, 0.0]","Feature_Vector: [1.0, 1.0, 0.0, 0.43354088068008423, 0.0]",1,tweet_2907_274012
1650,2667,"Feature_Vector: [1.0, 1.0, 0.0, 0.4598126709461212, 0.0]","Feature_Vector: [1.0, 1.0, 0.0, 0.4118978679180145, 0.0]",1,tweet_2667_44935
5091,9179,"Feature_Vector: [1.0, 1.0, 0.0, 0.3388513922691345, 0.0]","Feature_Vector: [1.0, 1.0, 0.0, 0.3554619550704956, 0.0]",2,tweet_9179_1174750
7396,3411,"Feature_Vector: [0.0, 0.0, 0.0, 0.4500423073768616, 0.0]","Feature_Vector: [1.0, 0.0, 0.0, 0.5438991189002991, 0.0]",1,tweet_3411_206852
7531,7430,"Feature_Vector: [1.0, 1.0, 0.0, 0.1838071197271347, 0.0]","Feature_Vector: [1.0, 1.0, 0.0, 0.43965578079223633, 0.0]",1,tweet_7430_560826
2572,5156,"Feature_Vector: [1.0, 1.0, 0.0, 0.5283426642417908, 0.0]","Feature_Vector: [1.0, 1.0, 0.0, 0.23550012707710266, 0.0]",1,tweet_5156_71092
7423,4499,"Feature_Vector: [1.0, 1.0, 0.0, 0.27328720688819885, 0.0]","Feature_Vector: [1.0, 1.0, 0.0, 0.3763345777988434, 0.0]",1,tweet_4499_556567
5237,4368,"Feature_Vector: [1.0, 1.0, 0.0, 0.32215654850006104, 0.0]","Feature_Vector: [1.0, 0.0, 0.0, 0.424835741519928, 0.0]",1,tweet_4368_1012747
5944,5944,"Feature_Vector: [1.0, 1.0, 1.0, 0.6163211464881897, 0.0]","Feature_Vector: [1.0, 1.0, 1.0, 0.6163211464881897, 0.0]",1,tweet_5944_882067
3703,7752,"Feature_Vector: [1.0, 1.0, 0.0, 0.4472239315509796, 0.0]","Feature_Vector: [1.0, 1.0, 0.0, 0.34453070163726807, 0.0]",4,tweet_7752_1145347
1391,3548,"Feature_Vector: [1.0, 0.0, 0.0, 0.2807649075984955, 0.0]","Feature_Vector: [1.0, 1.0, 0.0, 0.43932899832725525, 0.0]",1,tweet_3548_668674
4637,3977,"Feature_Vector: [1.0, 1.0, 0.0, 0.37392422556877136, 0.0]","Feature_Vector: [1.0, 1.0, 0.0, 0.3168729245662689, 0.0]",1,tweet_3977_456131
9240,736,"Feature_Vector: [1.0, 1.0, 0.0, 0.4058777093887329, 0.0]","Feature_Vector: [1.0, 1.0, 0.0, 0.52010577917099, 0.0]",1,tweet_736_255377
9630,7880,"Feature_Vector: [1.0, 1.0, 0.0, 0.378783255815506, 0.0]","Feature_Vector: [1.0, 0.0, 1.0, 0.5543941855430603, 0.0]",1,tweet_7880_634940
9671,2998,"Feature_Vector: [1.0, 1.0, 0.0, 0.3011198341846466, 0.0]","Feature_Vector: [1.0, 1.0, 0.0, 0.4467743933200836, 0.0]",1,tweet_2998_636585
7207,8739,"Feature_Vector: [0.0, 0.0, 0.0, 0.508985161781311, 0.0]","Feature_Vector: [1.0, 1.0, 0.0, 0.3432600498199463, 0.0]",4,tweet_8739_1202259
6305,3285,"Feature_Vector: [1.0, 1.0, 0.0, 0.31149595975875854, 0.0]","Feature_Vector: [1.0, 1.0, 0.0, 0.5939518213272095, 0.0]",1,tweet_3285_519472
3136,8296,"Feature_Vector: [1.0, 1.0, 0.0, 0.3600333034992218, 0.0]","Feature_Vector: [1.0, 0.0, 1.0, 0.8148944973945618, 0.0]",1,tweet_8296_815403
684,3557,"Feature_Vector: [1.0, 1.0, 0.0, 0.312391459941864, 0.0]","Feature_Vector: [1.0, 1.0, 0.0, 0.3529212176799774, 0.0]",1,tweet_3557_16947
10193,1891,"Feature_Vector: [0.0, 0.0, 0.0, 0.47165074944496155, 0.0]","Feature_Vector: [1.0, 0.0, 1.0, 0.6386730670928955, 0.0]",1,tweet_1891_655822
1103,5241,"Feature_Vector: [0.0, 0.0, 0.0, 0.3080052137374878, 0.0]","Feature_Vector: [0.0, 0.0, 0.0, 0.5940559506416321, 0.0]",1,tweet_5241_665576
5404,5927,"Feature_Vector: [1.0, 1.0, 0.0, 0.2935866117477417, 0.0]","Feature_Vector: [1.0, 1.0, 0.0, 0.32982972264289856, 0.0]",1,tweet_5927_152056
5248,5005,"Feature_Vector: [1.0, 1.0, 0.0, 0.40296614170074463, 0.0]","Feature_Vector: [1.0, 1.0, 0.0, 0.4694021940231323, 0.0]",1,tweet_5005_481814
5978,3260,"Feature_Vector: [1.0, 1.0, 0.0, 0.12395750731229782, 0.0]","Feature_Vector: [1.0, 1.0, 0.0, 0.4006910026073456, 0.0]",1,tweet_3260_168307
8543,9163,"Feature_Vector: [1.0, 1.0, 0.0, 0.3542058765888214, 0.0]","Feature_Vector: [1.0, 1.0, 0.0, 0.3441525101661682, 0.0]",1,tweet_9163_594098
7856,2855,"Feature_Vector: [1.0, 0.0, 0.0, 0.3747391700744629, 0.0]","Feature_Vector: [0.0, 0.0, 0.0, 0.5407426357269287, 0.0]",1,tweet_2855_570422
1182,9425,"Feature_Vector: [1.0, 1.0, 0.0, 0.2472141981124878, 0.0]","Feature_Vector: [1.0, 1.0, 0.0, 0.23191697895526886, 0.0]",3,tweet_9425_1081287
2543,8253,"Feature_Vector: [1.0, 1.0, 0.0, 0.3634590804576874, 0.0]","Feature_Vector: [1.0, 0.0, 1.0, 0.4717825949192047, 0.0]",1,tweet_8253_679896
3548,1527,"Feature_Vector: [1.0, 1.0, 0.0, 0.43932899832725525, 0.0]","Feature_Vector: [1.0, 0.0, 0.0, 0.2250405102968216, 0.0]",1,tweet_1527_98448
8936,9030,"Feature_Vector: [1.0, 1.0, 0.0, 0.343771755695343, 0.0]","Feature_Vector: [1.0, 1.0, 0.0, 0.41254132986068726, 0.0]",3,tweet_9030_1213435
6956,8657,"Feature_Vector: [1.0, 1.0, 0.0, 0.1173127219080925, 0.0]","Feature_Vector: [0.0, 0.0, 0.0, 0.5568695068359375, 0.0]",1,tweet_8657_723508
7940,7940,"Feature_Vector: [1.0, 1.0, 0.0, 0.34710946679115295, 0.0]","Feature_Vector: [1.0, 1.0, 0.0, 0.34710946679115295, 0.0]",1,tweet_7940_920690
594,7700,"Feature_Vector: [1.0, 1.0, 0.0, 0.5226691961288452, 0.0]","Feature_Vector: [1.0, 1.0, 1.0, 0.888723611831665, 0.0]",1,tweet_7700_661238
2418,2051,"Feature_Vector: [1.0, 1.0, 0.0, 0.41877058148384094, 0.0]","Feature_Vector: [0.0, 0.0, 0.0, 0.37973371148109436, 0.0]",1,tweet_2051_376824
4622,6066,"Feature_Vector: [1.0, 1.0, 0.0, 0.344404935836792, 0.0]","Feature_Vector: [1.0, 1.0, 0.0, 0.4276113212108612, 0.0]",3,tweet_6066_1332774
3340,3340,"Feature_Vector: [1.0, 0.0, 0.0, 0.5463641285896301, 0.0]","Feature_Vector: [1.0, 0.0, 0.0, 0.5463641285896301, 0.0]",1,tweet_3340_820632
5965,2155,"Feature_Vector: [1.0, 1.0, 0.0, 0.4354032874107361, 0.0]","Feature_Vector: [1.0, 1.0, 0.0, 0.3578931391239166, 0.0]",1,tweet_2155_167628
3703,3633,"Feature_Vector: [1.0, 1.0, 0.0, 0.4472239315509796, 0.0]","Feature_Vector: [1.0, 1.0, 0.0, 0.36934012174606323, 0.0]",1,tweet_3633_424424
5163,6421,"Feature_Vector: [1.0, 1.0, 0.0, 0.4239818751811981, 0.0]","Feature_Vector: [1.0, 1.0, 0.0, 0.407299667596817, 0.0]",1,tweet_6421_145637
7688,3116,"Feature_Vector: [1.0, 0.0, 0.0, 0.5964366793632507, 0.0]","Feature_Vector: [1.0, 0.0, 1.0, 0.675072431564331, 0.0]",1,tweet_3116_215094
827,8444,"Feature_Vector: [1.0, 1.0, 0.0, 0.29511559009552, 0.0]","Feature_Vector: [1.0, 1.0, 0.0, 0.49927398562431335, 0.0]",1,tweet_8444_20848
5525,6666,"Feature_Vector: [1.0, 1.0, 0.0, 0.44605177640914917, 0.0]","Feature_Vector: [1.0, 1.0, 0.0, 0.4401654899120331, 0.0]",1,tweet_6666_490189
9198,8250,"Feature_Vector: [1.0, 0.0, 0.0, 0.47194039821624756, 0.0]","Feature_Vector: [0.0, 0.0, 0.0, 0.5931379795074463, 0.0]",1,tweet_8250_1038795
6460,4965,"Feature_Vector: [1.0, 1.0, 0.0, 0.24860724806785583, 1.0]","Feature_Vector: [1.0, 1.0, 0.0, 0.42358100414276123, 0.0]",1,tweet_4965_524813
5829,2315,"Feature_Vector: [1.0, 1.0, 0.0, 0.20668163895606995, 0.0]","Feature_Vector: [1.0, 1.0, 0.0, 0.2957157492637634, 0.0]",1,tweet_2315_498574
9327,4858,"Feature_Vector: [1.0, 1.0, 0.0, 0.3902098834514618, 0.0]","Feature_Vector: [1.0, 1.0, 0.0, 0.43587809801101685, 0.0]",1,tweet_4858_620778
2325,8558,"Feature_Vector: [1.0, 0.0, 0.0, 0.47092005610466003, 0.0]","Feature_Vector: [1.0, 1.0, 0.0, 0.4560597836971283, 0.0]",2,tweet_8558_1287174
7373,7373,"Feature_Vector: [1.0, 1.0, 0.0, 0.4509640336036682, 0.0]","Feature_Vector: [1.0, 1.0, 0.0, 0.4509640336036682, 0.0]",1,tweet_7373_909309
914,3328,"Feature_Vector: [1.0, 1.0, 0.0, 0.5058053731918335, 0.0]","Feature_Vector: [1.0, 1.0, 0.0, 0.26255548000335693, 0.0]",3,tweet_3328_1247659
7346,7346,"Feature_Vector: [1.0, 1.0, 0.0, 0.37171754240989685, 0.0]","Feature_Vector: [1.0, 1.0, 0.0, 0.37171754240989685, 0.0]",1,tweet_7346_908668
5265,1781,"Feature_Vector: [1.0, 1.0, 0.0, 0.32783839106559753, 0.0]","Feature_Vector: [1.0, 1.0, 0.0, 0.3288428485393524, 0.0]",1,tweet_1781_482345
1135,1135,"Feature_Vector: [1.0, 1.0, 0.0, 0.3946179151535034, 0.0]","Feature_Vector: [1.0, 1.0, 0.0, 0.3946179151535034, 0.0]",1,tweet_1135_771426
4686,9334,"Feature_Vector: [1.0, 0.0, 0.0, 0.40318867564201355, 0.0]","Feature_Vector: [1.0, 1.0, 0.0, 0.10108299553394318, 0.0]",3,tweet_9334_1334278
9301,9301,"Feature_Vector: [1.0, 1.0, 0.0, 0.5602076649665833, 0.0]","Feature_Vector: [1.0, 1.0, 0.0, 0.5602076649665833, 0.0]",1,tweet_9301_1039276
6311,9496,"Feature_Vector: [0.0, 0.0, 0.0, 0.42866745591163635, 0.0]","Feature_Vector: [1.0, 0.0, 0.0, 0.4202014207839966, 0.0]",2,tweet_9496_1359746
444,266,"Feature_Vector: [1.0, 0.0, 0.0, 0.38432180881500244, 0.0]","Feature_Vector: [1.0, 1.0, 0.0, 0.3602238893508911, 0.0]",1,tweet_266_10868
